19:03:56.922 > === ECU State ===
19:03:56.922 > car_fully_on: false
19:03:56.922 > start_switch_on: false
19:03:56.922 > brake_pressure: 1
19:03:56.922 > calculated_torque: 32
19:03:56.922 > throttle1_pos: (none)
19:03:56.922 > throttle2_pos: (none)
19:03:56.922 > startup_countdown: not started
19:03:56.922 > motor_control_message_pacing: started
19:03:57.421 > === ECU State ===
19:03:57.425 > car_fully_on: false
19:03:57.425 > start_switch_on: false
19:03:57.425 > brake_pressure: 1
19:03:57.425 > calculated_torque: 32
19:03:57.425 > throttle1_pos: (none)
19:03:57.425 > throttle2_pos: (none)
19:03:57.425 > startup_countdown: not started
19:03:57.425 > motor_control_message_pacing: started
19:03:57.919 > === ECU State ===
19:03:57.919 > car_fully_on: false
19:03:57.919 > start_switch_on: false
19:03:57.919 > brake_pressure: 1
19:03:57.919 > calculated_torque: 32
19:03:57.919 > throttle1_pos: (none)
19:03:57.919 > throttle2_pos: (none)
19:03:57.919 > startup_countdown: not started
19:03:57.919 > motor_control_message_pacing: started
19:03:58.423 > === ECU State ===
19:03:58.425 > car_fully_on: false
19:03:58.425 > start_switch_on: false
19:03:58.425 > brake_pressure: 1
19:03:58.425 > calculated_torque: 33
19:03:58.425 > throttle1_pos: (none)
19:03:58.425 > throttle2_pos: (none)
19:03:58.425 > startup_countdown: not started
19:03:58.425 > motor_control_message_pacing: started
19:03:58.918 > === ECU State ===
19:03:58.918 > car_fully_on: false
19:03:58.918 > start_switch_on: false
19:03:58.918 > brake_pressure: 1
19:03:58.918 > calculated_torque: 32
19:03:58.918 > throttle1_pos: (none)
19:03:58.918 > throttle2_pos: (none)
19:03:58.918 > startup_countdown: not started
19:03:58.918 > motor_control_message_pacing: started
19:03:59.419 > === ECU State ===
19:03:59.419 > car_fully_on: false
19:03:59.419 > start_switch_on: false
19:03:59.419 > brake_pressure: 1
19:03:59.419 > calculated_torque: 33
19:03:59.419 > throttle1_pos: (none)
19:03:59.419 > throttle2_pos: (none)
19:03:59.419 > startup_countdown: not started
19:03:59.419 > motor_control_message_pacing: started
19:03:59.923 > === ECU State ===
19:03:59.923 > car_fully_on: false
19:03:59.923 > start_switch_on: false
19:03:59.923 > brake_pressure: 1
19:03:59.923 > calculated_torque: 32
19:03:59.923 > throttle1_pos: (none)
19:03:59.923 > throttle2_pos: (none)
19:03:59.923 > startup_countdown: not started
19:03:59.923 > motor_control_message_pacing: started
19:04:00.415 > === ECU State ===
19:04:00.415 > car_fully_on: false
19:04:00.415 > start_switch_on: false
19:04:00.415 > brake_pressure: 1
19:04:00.415 > calculated_torque: 32
19:04:00.415 > throttle1_pos: (none)
19:04:00.415 > throttle2_pos: (none)
19:04:00.415 > startup_countdown: not started
19:04:00.415 > motor_control_message_pacing: started
19:04:00.912 > === ECU State ===
19:04:00.912 > car_fully_on: false
19:04:00.912 > start_switch_on: false
19:04:00.912 > brake_pressure: 1
19:04:00.912 > calculated_torque: 32
19:04:00.912 > throttle1_pos: (none)
19:04:00.912 > throttle2_pos: (none)
19:04:00.912 > startup_countdown: not started
19:04:00.912 > motor_control_message_pacing: started
19:04:01.419 > === ECU State ===
19:04:01.419 > car_fully_on: false
19:04:01.419 > start_switch_on: false
19:04:01.419 > brake_pressure: 1
19:04:01.419 > calculated_torque: 32
19:04:01.419 > throttle1_pos: (none)
19:04:01.419 > throttle2_pos: (none)
19:04:01.419 > startup_countdown: not started
19:04:01.419 > motor_control_message_pacing: started
19:04:01.919 > === ECU State ===
19:04:01.919 > car_fully_on: false
19:04:01.919 > start_switch_on: false
19:04:01.919 > brake_pressure: 1
19:04:01.919 > calculated_torque: 32
19:04:01.919 > throttle1_pos: (none)
19:04:01.919 > throttle2_pos: (none)
19:04:01.919 > startup_countdown: not started
19:04:01.919 > motor_control_message_pacing: started
19:04:02.423 > === ECU State ===
19:04:02.423 > car_fully_on: false
19:04:02.423 > start_switch_on: false
19:04:02.423 > brake_pressure: 1
19:04:02.423 > calculated_torque: 32
19:04:02.423 > throttle1_pos: (none)
19:04:02.423 > throttle2_pos: (none)
19:04:02.423 > startup_countdown: not started
19:04:02.423 > motor_control_message_pacing: started
19:04:02.920 > === ECU State ===
19:04:02.925 > car_fully_on: false
19:04:02.925 > start_switch_on: true
19:04:02.925 > brake_pressure: 2
19:04:02.925 > calculated_torque: 32
19:04:02.925 > throttle1_pos: (none)
19:04:02.925 > throttle2_pos: (none)
19:04:02.925 > startup_countdown: started
19:04:02.925 > motor_control_message_pacing: started
19:04:03.416 > === ECU State ===
19:04:03.416 > car_fully_on: false
19:04:03.416 > start_switch_on: true
19:04:03.416 > brake_pressure: 2
19:04:03.416 > calculated_torque: 32
19:04:03.416 > throttle1_pos: (none)
19:04:03.416 > throttle2_pos: (none)
19:04:03.416 > startup_countdown: started
19:04:03.416 > motor_control_message_pacing: started
19:04:03.914 > === ECU State ===
19:04:03.914 > car_fully_on: false
19:04:03.914 > start_switch_on: true
19:04:03.914 > brake_pressure: 1
19:04:03.914 > calculated_torque: 32
19:04:03.914 > throttle1_pos: (none)
19:04:03.914 > throttle2_pos: (none)
19:04:03.914 > startup_countdown: started
19:04:03.914 > motor_control_message_pacing: started
19:04:04.419 > === ECU State ===
19:04:04.419 > car_fully_on: false
19:04:04.419 > start_switch_on: true
19:04:04.419 > brake_pressure: 1
19:04:04.419 > calculated_torque: 32
19:04:04.419 > throttle1_pos: (none)
19:04:04.419 > throttle2_pos: (none)
19:04:04.419 > startup_countdown: started
19:04:04.419 > motor_control_message_pacing: started
19:04:04.920 > === ECU State ===
19:04:04.920 > car_fully_on: true
19:04:04.920 > start_switch_on: true
19:04:04.920 > brake_pressure: 38
19:04:04.920 > calculated_torque: 32
19:04:04.920 > throttle1_pos: (none)
19:04:04.920 > throttle2_pos: (none)
19:04:04.920 > startup_countdown: not started
19:04:04.920 > motor_control_message_pacing: started
19:04:05.418 > === ECU State ===
19:04:05.418 > car_fully_on: true
19:04:05.418 > start_switch_on: true
19:04:05.418 > brake_pressure: 40
19:04:05.418 > calculated_torque: 32
19:04:05.418 > throttle1_pos: (none)
19:04:05.418 > throttle2_pos: (none)
19:04:05.418 > startup_countdown: not started
19:04:05.418 > motor_control_message_pacing: started
19:04:05.922 > === ECU State ===
19:04:05.922 > car_fully_on: true
19:04:05.922 > start_switch_on: true
19:04:05.922 > brake_pressure: 149
19:04:05.922 > calculated_torque: 32
19:04:05.922 > throttle1_pos: (none)
19:04:05.922 > throttle2_pos: (none)
19:04:05.922 > startup_countdown: not started
19:04:05.922 > motor_control_message_pacing: started
19:04:06.424 > === ECU State ===
19:04:06.424 > car_fully_on: true
19:04:06.424 > start_switch_on: true
19:04:06.424 > brake_pressure: 1
19:04:06.424 > calculated_torque: 32
19:04:06.424 > throttle1_pos: (none)
19:04:06.424 > throttle2_pos: (none)
19:04:06.424 > startup_countdown: not started
19:04:06.424 > motor_control_message_pacing: started
19:04:06.915 > === ECU State ===
19:04:06.915 > car_fully_on: true
19:04:06.915 > start_switch_on: true
19:04:06.915 > brake_pressure: 0
19:04:06.915 > calculated_torque: 33
19:04:06.915 > throttle1_pos: (none)
19:04:06.915 > throttle2_pos: (none)
19:04:06.915 > startup_countdown: not started
19:04:06.915 > motor_control_message_pacing: started
19:04:07.412 > === ECU State ===
19:04:07.412 > car_fully_on: true
19:04:07.412 > start_switch_on: true
19:04:07.412 > brake_pressure: 61
19:04:07.412 > calculated_torque: 33
19:04:07.412 > throttle1_pos: (none)
19:04:07.412 > throttle2_pos: (none)
19:04:07.412 > startup_countdown: not started
19:04:07.412 > motor_control_message_pacing: started
19:04:07.920 > === ECU State ===
19:04:07.925 > car_fully_on: true
19:04:07.925 > start_switch_on: true
19:04:07.925 > brake_pressure: 1
19:04:07.925 > calculated_torque: 32
19:04:07.925 > throttle1_pos: (none)
19:04:07.925 > throttle2_pos: (none)
19:04:07.925 > startup_countdown: not started
19:04:07.925 > motor_control_message_pacing: started
19:04:08.414 > === ECU State ===
19:04:08.414 > car_fully_on: false
19:04:08.414 > start_switch_on: false
19:04:08.414 > brake_pressure: 1
19:04:08.414 > calculated_torque: 32
19:04:08.414 > throttle1_pos: (none)
19:04:08.414 > throttle2_pos: (none)
19:04:08.414 > startup_countdown: not started
19:04:08.414 > motor_control_message_pacing: started
19:04:08.913 > === ECU State ===
19:04:08.913 > car_fully_on: false
19:04:08.913 > start_switch_on: false
19:04:08.913 > brake_pressure: 1
19:04:08.913 > calculated_torque: 32
19:04:08.913 > throttle1_pos: (none)
19:04:08.913 > throttle2_pos: (none)
19:04:08.913 > startup_countdown: not started
19:04:08.913 > motor_control_message_pacing: started
19:04:09.412 > === ECU State ===
19:04:09.412 > car_fully_on: false
19:04:09.412 > start_switch_on: false
19:04:09.412 > brake_pressure: 1
19:04:09.412 > calculated_torque: 32
19:04:09.412 > throttle1_pos: (none)
19:04:09.412 > throttle2_pos: (none)
19:04:09.412 > startup_countdown: not started
19:04:09.412 > motor_control_message_pacing: started
19:04:09.920 > === ECU State ===
19:04:09.920 > car_fully_on: false
19:04:09.920 > start_switch_on: false
19:04:09.920 > brake_pressure: 1
19:04:09.920 > calculated_torque: 32
19:04:09.920 > throttle1_pos: (none)
19:04:09.920 > throttle2_pos: (none)
19:04:09.920 > startup_countdown: not started
19:04:09.920 > motor_control_message_pacing: started
19:04:10.419 > === ECU State ===
19:04:10.419 > car_fully_on: false
19:04:10.419 > start_switch_on: false
19:04:10.419 > brake_pressure: 2
19:04:10.419 > calculated_torque: 32
19:04:10.419 > throttle1_pos: (none)
19:04:10.419 > throttle2_pos: (none)
19:04:10.419 > startup_countdown: not started
19:04:10.419 > motor_control_message_pacing: started
19:04:10.923 > === ECU State ===
19:04:10.923 > car_fully_on: false
19:04:10.923 > start_switch_on: true
19:04:10.923 > brake_pressure: 1
19:04:10.923 > calculated_torque: 32
19:04:10.923 > throttle1_pos: (none)
19:04:10.923 > throttle2_pos: (none)
19:04:10.923 > startup_countdown: started
19:04:10.923 > motor_control_message_pacing: started
19:04:11.414 > === ECU State ===
19:04:11.414 > car_fully_on: false
19:04:11.414 > start_switch_on: true
19:04:11.414 > brake_pressure: 1
19:04:11.414 > calculated_torque: 32
19:04:11.414 > throttle1_pos: (none)
19:04:11.414 > throttle2_pos: (none)
19:04:11.414 > startup_countdown: started
19:04:11.414 > motor_control_message_pacing: started
19:04:11.921 > === ECU State ===
19:04:11.927 > car_fully_on: false
19:04:11.927 > start_switch_on: true
19:04:11.927 > brake_pressure: 1
19:04:11.927 > calculated_torque: 32
19:04:11.927 > throttle1_pos: (none)
19:04:11.927 > throttle2_pos: (none)
19:04:11.927 > startup_countdown: started
19:04:11.927 > motor_control_message_pacing: started
19:04:12.422 > === ECU State ===
19:04:12.422 > car_fully_on: false
19:04:12.422 > start_switch_on: true
19:04:12.422 > brake_pressure: 1
19:04:12.422 > calculated_torque: 32
19:04:12.422 > throttle1_pos: (none)
19:04:12.422 > throttle2_pos: (none)
19:04:12.422 > startup_countdown: started
19:04:12.422 > motor_control_message_pacing: started
19:04:12.918 > === ECU State ===
19:04:12.918 > car_fully_on: true
19:04:12.918 > start_switch_on: true
19:04:12.918 > brake_pressure: 37
19:04:12.918 > calculated_torque: 33
19:04:12.918 > throttle1_pos: (none)
19:04:12.918 > throttle2_pos: (none)
19:04:12.918 > startup_countdown: not started
19:04:12.918 > motor_control_message_pacing: started
19:04:13.421 > === ECU State ===
19:04:13.426 > car_fully_on: true
19:04:13.426 > start_switch_on: true
19:04:13.426 > brake_pressure: 36
19:04:13.426 > calculated_torque: 32
19:04:13.426 > throttle1_pos: (none)
19:04:13.426 > throttle2_pos: (none)
19:04:13.426 > startup_countdown: not started
19:04:13.426 > motor_control_message_pacing: started
19:04:13.914 > === ECU State ===
19:04:13.914 > car_fully_on: true
19:04:13.914 > start_switch_on: true
19:04:13.914 > brake_pressure: 1
19:04:13.914 > calculated_torque: 32
19:04:13.914 > throttle1_pos: (none)
19:04:13.914 > throttle2_pos: (none)
19:04:13.914 > startup_countdown: not started
19:04:13.914 > motor_control_message_pacing: started
19:04:14.412 > === ECU State ===
19:04:14.412 > car_fully_on: true
19:04:14.412 > start_switch_on: true
19:04:14.412 > brake_pressure: 2
19:04:14.412 > calculated_torque: 32
19:04:14.412 > throttle1_pos: (none)
19:04:14.412 > throttle2_pos: (none)
19:04:14.412 > startup_countdown: not started
19:04:14.412 > motor_control_message_pacing: started
19:04:14.924 > === ECU State ===
19:04:14.925 > car_fully_on: true
19:04:14.925 > start_switch_on: true
19:04:14.925 > brake_pressure: 1
19:04:14.925 > calculated_torque: 33
19:04:14.925 > throttle1_pos: (none)
19:04:14.925 > throttle2_pos: (none)
19:04:14.925 > startup_countdown: not started
19:04:14.925 > motor_control_message_pacing: started
19:04:15.420 > === ECU State ===
19:04:15.425 > car_fully_on: true
19:04:15.425 > start_switch_on: true
19:04:15.425 > brake_pressure: 1
19:04:15.425 > calculated_torque: 33
19:04:15.425 > throttle1_pos: (none)
19:04:15.425 > throttle2_pos: (none)
19:04:15.425 > startup_countdown: not started
19:04:15.425 > motor_control_message_pacing: started
19:04:15.920 > === ECU State ===
19:04:15.920 > car_fully_on: true
19:04:15.920 > start_switch_on: true
19:04:15.920 > brake_pressure: 3
19:04:15.920 > calculated_torque: 34
19:04:15.920 > throttle1_pos: (none)
19:04:15.920 > throttle2_pos: (none)
19:04:15.920 > startup_countdown: not started
19:04:15.920 > motor_control_message_pacing: started
19:04:16.418 > === ECU State ===
19:04:16.418 > car_fully_on: true
19:04:16.418 > start_switch_on: true
19:04:16.418 > brake_pressure: 15
19:04:16.418 > calculated_torque: 36
19:04:16.418 > throttle1_pos: (none)
19:04:16.418 > throttle2_pos: (none)
19:04:16.418 > startup_countdown: not started
19:04:16.418 > motor_control_message_pacing: started
19:04:16.914 > === ECU State ===
19:04:16.914 > car_fully_on: false
19:04:16.914 > start_switch_on: false
19:04:16.914 > brake_pressure: 1
19:04:16.914 > calculated_torque: 32
19:04:16.914 > throttle1_pos: (none)
19:04:16.914 > throttle2_pos: (none)
19:04:16.914 > startup_countdown: not started
19:04:16.914 > motor_control_message_pacing: started
19:04:17.420 > === ECU State ===
19:04:17.420 > car_fully_on: false
19:04:17.420 > start_switch_on: false
19:04:17.420 > brake_pressure: 0
19:04:17.420 > calculated_torque: 32
19:04:17.420 > throttle1_pos: (none)
19:04:17.420 > throttle2_pos: (none)
19:04:17.420 > startup_countdown: not started
19:04:17.420 > motor_control_message_pacing: started
19:04:17.920 > === ECU State ===
19:04:17.920 > car_fully_on: false
19:04:17.920 > start_switch_on: false
19:04:17.920 > brake_pressure: 1
19:04:17.920 > calculated_torque: 32
19:04:17.920 > throttle1_pos: (none)
19:04:17.920 > throttle2_pos: (none)
19:04:17.920 > startup_countdown: not started
19:04:17.920 > motor_control_message_pacing: started
19:04:18.412 > === ECU State ===
19:04:18.412 > car_fully_on: false
19:04:18.412 > start_switch_on: false
19:04:18.412 > brake_pressure: 1
19:04:18.412 > calculated_torque: 32
19:04:18.412 > throttle1_pos: (none)
19:04:18.412 > throttle2_pos: (none)
19:04:18.412 > startup_countdown: not started
19:04:18.412 > motor_control_message_pacing: started
19:04:18.924 > === ECU State ===
19:04:18.925 > car_fully_on: false
19:04:18.925 > start_switch_on: false
19:04:18.925 > brake_pressure: 1
19:04:18.925 > calculated_torque: 32
19:04:18.925 > throttle1_pos: (none)
19:04:18.925 > throttle2_pos: (none)
19:04:18.925 > startup_countdown: not started
19:04:18.925 > motor_control_message_pacing: started
19:04:19.420 > === ECU State ===
19:04:19.425 > car_fully_on: false
19:04:19.425 > start_switch_on: false
19:04:19.425 > brake_pressure: 0
19:04:19.425 > calculated_torque: 32
19:04:19.425 > throttle1_pos: (none)
19:04:19.425 > throttle2_pos: (none)
19:04:19.425 > startup_countdown: not started
19:04:19.425 > motor_control_message_pacing: started
19:04:19.924 > === ECU State ===
19:04:19.924 > car_fully_on: false
19:04:19.924 > start_switch_on: false
19:04:19.924 > brake_pressure: 1
19:04:19.924 > calculated_torque: 32
19:04:19.924 > throttle1_pos: (none)
19:04:19.924 > throttle2_pos: (none)
19:04:19.924 > startup_countdown: not started
19:04:19.924 > motor_control_message_pacing: started
19:04:20.414 > === ECU State ===
19:04:20.425 > car_fully_on: false
19:04:20.425 > start_switch_on: false
19:04:20.425 > brake_pressure: 1
19:04:20.425 > calculated_torque: 32
19:04:20.425 > throttle1_pos: (none)
19:04:20.425 > throttle2_pos: (none)
19:04:20.425 > startup_countdown: not started
19:04:20.425 > motor_control_message_pacing: started
19:04:20.925 > === ECU State ===
19:04:20.925 > car_fully_on: false
19:04:20.925 > start_switch_on: true
19:04:20.925 > brake_pressure: 1
19:04:20.925 > calculated_torque: 33
19:04:20.925 > throttle1_pos: (none)
19:04:20.925 > throttle2_pos: (none)
19:04:20.925 > startup_countdown: started
19:04:20.925 > motor_control_message_pacing: started
19:04:21.420 > === ECU State ===
19:04:21.420 > car_fully_on: false
19:04:21.420 > start_switch_on: true
19:04:21.420 > brake_pressure: 1
19:04:21.420 > calculated_torque: 32
19:04:21.420 > throttle1_pos: (none)
19:04:21.420 > throttle2_pos: (none)
19:04:21.420 > startup_countdown: started
19:04:21.420 > motor_control_message_pacing: started
19:04:21.918 > === ECU State ===
19:04:21.918 > car_fully_on: false
19:04:21.918 > start_switch_on: true
19:04:21.918 > brake_pressure: 1
19:04:21.918 > calculated_torque: 32
19:04:21.918 > throttle1_pos: (none)
19:04:21.918 > throttle2_pos: (none)
19:04:21.918 > startup_countdown: started
19:04:21.918 > motor_control_message_pacing: started
19:04:22.413 > === ECU State ===
19:04:22.413 > car_fully_on: false
19:04:22.413 > start_switch_on: false
19:04:22.413 > brake_pressure: 1
19:04:22.413 > calculated_torque: 32
19:04:22.413 > throttle1_pos: (none)
19:04:22.413 > throttle2_pos: (none)
19:04:22.413 > startup_countdown: not started
19:04:22.413 > motor_control_message_pacing: started
19:04:22.923 > === ECU State ===
19:04:22.923 > car_fully_on: false
19:04:22.923 > start_switch_on: false
19:04:22.923 > brake_pressure: 1
19:04:22.923 > calculated_torque: 32
19:04:22.923 > throttle1_pos: (none)
19:04:22.923 > throttle2_pos: (none)
19:04:22.923 > startup_countdown: not started
19:04:22.923 > motor_control_message_pacing: started
19:04:23.419 > === ECU State ===
19:04:23.419 > car_fully_on: false
19:04:23.419 > start_switch_on: false
19:04:23.419 > brake_pressure: 1
19:04:23.419 > calculated_torque: 32
19:04:23.419 > throttle1_pos: (none)
19:04:23.419 > throttle2_pos: (none)
19:04:23.419 > startup_countdown: not started
19:04:23.419 > motor_control_message_pacing: started
19:04:23.912 > === ECU State ===
19:04:23.912 > car_fully_on: false
19:04:23.912 > start_switch_on: false
19:04:23.912 > brake_pressure: 1
19:04:23.912 > calculated_torque: 32
19:04:23.912 > throttle1_pos: (none)
19:04:23.912 > throttle2_pos: (none)
19:04:23.912 > startup_countdown: not started
19:04:23.912 > motor_control_message_pacing: started
19:04:24.425 > === ECU State ===
19:04:24.425 > car_fully_on: false
19:04:24.425 > start_switch_on: false
19:04:24.425 > brake_pressure: 1
19:04:24.425 > calculated_torque: 32
19:04:24.425 > throttle1_pos: (none)
19:04:24.425 > throttle2_pos: (none)
19:04:24.425 > startup_countdown: not started
19:04:24.425 > motor_control_message_pacing: started
19:04:24.924 > === ECU State ===
19:04:24.924 > car_fully_on: false
19:04:24.924 > start_switch_on: false
19:04:24.924 > brake_pressure: 1
19:04:24.924 > calculated_torque: 32
19:04:24.924 > throttle1_pos: (none)
19:04:24.924 > throttle2_pos: (none)
19:04:24.924 > startup_countdown: not started
19:04:24.924 > motor_control_message_pacing: started
19:04:25.413 > === ECU State ===
19:04:25.413 > car_fully_on: false
19:04:25.413 > start_switch_on: false
19:04:25.413 > brake_pressure: 2
19:04:25.413 > calculated_torque: 32
19:04:25.413 > throttle1_pos: (none)
19:04:25.413 > throttle2_pos: (none)
19:04:25.413 > startup_countdown: not started
19:04:25.413 > motor_control_message_pacing: started
19:04:25.920 > === ECU State ===
19:04:25.925 > car_fully_on: false
19:04:25.925 > start_switch_on: false
19:04:25.925 > brake_pressure: 1
19:04:25.925 > calculated_torque: 32
19:04:25.925 > throttle1_pos: (none)
19:04:25.925 > throttle2_pos: (none)
19:04:25.925 > startup_countdown: not started
19:04:25.925 > motor_control_message_pacing: started
19:04:26.422 > === ECU State ===
19:04:26.422 > car_fully_on: false
19:04:26.422 > start_switch_on: false
19:04:26.422 > brake_pressure: 1
19:04:26.422 > calculated_torque: 32
19:04:26.422 > throttle1_pos: (none)
19:04:26.422 > throttle2_pos: (none)
19:04:26.422 > startup_countdown: not started
19:04:26.422 > motor_control_message_pacing: started
19:04:26.922 > === ECU State ===
19:04:26.922 > car_fully_on: false
19:04:26.922 > start_switch_on: false
19:04:26.922 > brake_pressure: 0
19:04:26.922 > calculated_torque: 32
19:04:26.922 > throttle1_pos: (none)
19:04:26.922 > throttle2_pos: (none)
19:04:26.922 > startup_countdown: not started
19:04:26.922 > motor_control_message_pacing: started
19:04:27.415 > === ECU State ===
19:04:27.415 > car_fully_on: false
19:04:27.415 > start_switch_on: false
19:04:27.415 > brake_pressure: 1
19:04:27.415 > calculated_torque: 32
19:04:27.415 > throttle1_pos: (none)
19:04:27.415 > throttle2_pos: (none)
19:04:27.415 > startup_countdown: not started
19:04:27.415 > motor_control_message_pacing: started
19:04:27.920 > === ECU State ===
19:04:27.920 > car_fully_on: false
19:04:27.920 > start_switch_on: false
19:04:27.920 > brake_pressure: 1
19:04:27.920 > calculated_torque: 32
19:04:27.920 > throttle1_pos: (none)
19:04:27.920 > throttle2_pos: (none)
19:04:27.920 > startup_countdown: not started
19:04:27.920 > motor_control_message_pacing: started
19:04:28.424 > === ECU State ===
19:04:28.426 > car_fully_on: false
19:04:28.426 > start_switch_on: false
19:04:28.426 > brake_pressure: 1
19:04:28.426 > calculated_torque: 32
19:04:28.426 > throttle1_pos: (none)
19:04:28.426 > throttle2_pos: (none)
19:04:28.426 > startup_countdown: not started
19:04:28.426 > motor_control_message_pacing: started
19:04:28.923 > === ECU State ===
19:04:28.925 > car_fully_on: false
19:04:28.925 > start_switch_on: false
19:04:28.925 > brake_pressure: 0
19:04:28.925 > calculated_torque: 32
19:04:28.925 > throttle1_pos: (none)
19:04:28.925 > throttle2_pos: (none)
19:04:28.925 > startup_countdown: not started
19:04:28.925 > motor_control_message_pacing: started
19:04:29.419 > === ECU State ===
19:04:29.427 > car_fully_on: false
19:04:29.427 > start_switch_on: false
19:04:29.427 > brake_pressure: 1
19:04:29.427 > calculated_torque: 32
19:04:29.427 > throttle1_pos: (none)
19:04:29.427 > throttle2_pos: (none)
19:04:29.427 > startup_countdown: not started
19:04:29.427 > motor_control_message_pacing: started
19:04:29.919 > === ECU State ===
19:04:29.919 > car_fully_on: false
19:04:29.919 > start_switch_on: false
19:04:29.919 > brake_pressure: 0
19:04:29.919 > calculated_torque: 32
19:04:29.919 > throttle1_pos: (none)
19:04:29.919 > throttle2_pos: (none)
19:04:29.919 > startup_countdown: not started
19:04:29.919 > motor_control_message_pacing: started
19:04:30.415 > === ECU State ===
19:04:30.415 > car_fully_on: false
19:04:30.415 > start_switch_on: false
19:04:30.415 > brake_pressure: 1
19:04:30.415 > calculated_torque: 32
19:04:30.415 > throttle1_pos: (none)
19:04:30.415 > throttle2_pos: (none)
19:04:30.415 > startup_countdown: not started
19:04:30.415 > motor_control_message_pacing: started
19:04:30.920 > === ECU State ===
19:04:30.925 > car_fully_on: false
19:04:30.925 > start_switch_on: false
19:04:30.925 > brake_pressure: 1
19:04:30.925 > calculated_torque: 32
19:04:30.925 > throttle1_pos: (none)
19:04:30.925 > throttle2_pos: (none)
19:04:30.925 > startup_countdown: not started
19:04:30.925 > motor_control_message_pacing: started
19:04:31.425 > === ECU State ===
19:04:31.426 > car_fully_on: false
19:04:31.426 > start_switch_on: false
19:04:31.426 > brake_pressure: 1
19:04:31.426 > calculated_torque: 32
19:04:31.426 > throttle1_pos: (none)
19:04:31.426 > throttle2_pos: (none)
19:04:31.426 > startup_countdown: not started
19:04:31.426 > motor_control_message_pacing: started
19:04:31.923 > === ECU State ===
19:04:31.926 > car_fully_on: false
19:04:31.926 > start_switch_on: false
19:04:31.926 > brake_pressure: 1
19:04:31.926 > calculated_torque: 32
19:04:31.926 > throttle1_pos: (none)
19:04:31.926 > throttle2_pos: (none)
19:04:31.926 > startup_countdown: not started
19:04:31.926 > motor_control_message_pacing: started
19:04:32.417 > === ECU State ===
19:04:32.417 > car_fully_on: false
19:04:32.417 > start_switch_on: false
19:04:32.417 > brake_pressure: 1
19:04:32.417 > calculated_torque: 32
19:04:32.417 > throttle1_pos: (none)
19:04:32.417 > throttle2_pos: (none)
19:04:32.417 > startup_countdown: not started
19:04:32.417 > motor_control_message_pacing: started
19:04:32.913 > === ECU State ===
19:04:32.913 > car_fully_on: false
19:04:32.913 > start_switch_on: false
19:04:32.913 > brake_pressure: 1
19:04:32.913 > calculated_torque: 32
19:04:32.913 > throttle1_pos: (none)
19:04:32.913 > throttle2_pos: (none)
19:04:32.913 > startup_countdown: not started
19:04:32.913 > motor_control_message_pacing: started
19:04:33.413 > === ECU State ===
19:04:33.425 > car_fully_on: false
19:04:33.425 > start_switch_on: false
19:04:33.425 > brake_pressure: 1
19:04:33.425 > calculated_torque: 32
19:04:33.425 > throttle1_pos: (none)
19:04:33.425 > throttle2_pos: (none)
19:04:33.425 > startup_countdown: not started
19:04:33.425 > motor_control_message_pacing: started
19:04:33.919 > === ECU State ===
19:04:33.919 > car_fully_on: false
19:04:33.919 > start_switch_on: true
19:04:33.919 > brake_pressure: 1
19:04:33.919 > calculated_torque: 32
19:04:33.919 > throttle1_pos: (none)
19:04:33.919 > throttle2_pos: (none)
19:04:33.919 > startup_countdown: started
19:04:33.919 > motor_control_message_pacing: started
19:04:34.422 > === ECU State ===
19:04:34.425 > car_fully_on: false
19:04:34.425 > start_switch_on: true
19:04:34.425 > brake_pressure: 1
19:04:34.425 > calculated_torque: 32
19:04:34.425 > throttle1_pos: (none)
19:04:34.425 > throttle2_pos: (none)
19:04:34.425 > startup_countdown: started
19:04:34.425 > motor_control_message_pacing: started
19:04:34.924 > === ECU State ===
19:04:34.925 > car_fully_on: false
19:04:34.925 > start_switch_on: true
19:04:34.925 > brake_pressure: 1
19:04:34.925 > calculated_torque: 33
19:04:34.925 > throttle1_pos: (none)
19:04:34.925 > throttle2_pos: (none)
19:04:34.925 > startup_countdown: started
19:04:34.925 > motor_control_message_pacing: started
19:04:35.419 > === ECU State ===
19:04:35.419 > car_fully_on: false
19:04:35.419 > start_switch_on: true
19:04:35.419 > brake_pressure: 1
19:04:35.419 > calculated_torque: 32
19:04:35.419 > throttle1_pos: (none)
19:04:35.419 > throttle2_pos: (none)
19:04:35.419 > startup_countdown: started
19:04:35.419 > motor_control_message_pacing: started
19:04:35.918 > === ECU State ===
19:04:35.918 > car_fully_on: true
19:04:35.918 > start_switch_on: true
19:04:35.918 > brake_pressure: 12
19:04:35.918 > calculated_torque: 45
19:04:35.918 > throttle1_pos: (none)
19:04:35.918 > throttle2_pos: (none)
19:04:35.918 > startup_countdown: not started
19:04:35.918 > motor_control_message_pacing: started
19:04:36.418 > === ECU State ===
19:04:36.425 > car_fully_on: true
19:04:36.425 > start_switch_on: true
19:04:36.425 > brake_pressure: 6
19:04:36.425 > calculated_torque: 60
19:04:36.425 > throttle1_pos: (none)
19:04:36.425 > throttle2_pos: (none)
19:04:36.425 > startup_countdown: not started
19:04:36.425 > motor_control_message_pacing: started
19:04:36.911 > === ECU State ===
19:04:36.911 > car_fully_on: true
19:04:36.911 > start_switch_on: true
19:04:36.911 > brake_pressure: 40
19:04:36.911 > calculated_torque: 32
19:04:36.911 > throttle1_pos: (none)
19:04:36.911 > throttle2_pos: (none)
19:04:36.911 > startup_countdown: not started
19:04:36.911 > motor_control_message_pacing: started
19:04:37.418 > === ECU State ===
19:04:37.418 > car_fully_on: true
19:04:37.418 > start_switch_on: true
19:04:37.418 > brake_pressure: 83
19:04:37.418 > calculated_torque: 32
19:04:37.418 > throttle1_pos: (none)
19:04:37.418 > throttle2_pos: (none)
19:04:37.418 > startup_countdown: not started
19:04:37.418 > motor_control_message_pacing: started
19:04:37.918 > === ECU State ===
19:04:37.925 > car_fully_on: true
19:04:37.925 > start_switch_on: true
19:04:37.925 > brake_pressure: 20
19:04:37.925 > calculated_torque: 32
19:04:37.925 > throttle1_pos: (none)
19:04:37.925 > throttle2_pos: (none)
19:04:37.925 > startup_countdown: not started
19:04:37.925 > motor_control_message_pacing: started
19:04:38.411 > === ECU State ===
19:04:38.411 > car_fully_on: true
19:04:38.411 > start_switch_on: true
19:04:38.411 > brake_pressure: 19
19:04:38.411 > calculated_torque: 32
19:04:38.411 > throttle1_pos: (none)
19:04:38.411 > throttle2_pos: (none)
19:04:38.411 > startup_countdown: not started
19:04:38.411 > motor_control_message_pacing: started
19:04:38.912 > === ECU State ===
19:04:38.912 > car_fully_on: true
19:04:38.912 > start_switch_on: true
19:04:38.912 > brake_pressure: 1
19:04:38.912 > calculated_torque: 32
19:04:38.912 > throttle1_pos: (none)
19:04:38.912 > throttle2_pos: (none)
19:04:38.912 > startup_countdown: not started
19:04:38.912 > motor_control_message_pacing: started
19:04:39.418 > === ECU State ===
19:04:39.418 > car_fully_on: true
19:04:39.418 > start_switch_on: true
19:04:39.418 > brake_pressure: 47
19:04:39.418 > calculated_torque: 32
19:04:39.418 > throttle1_pos: (none)
19:04:39.418 > throttle2_pos: (none)
19:04:39.418 > startup_countdown: not started
19:04:39.418 > motor_control_message_pacing: started
19:04:39.920 > === ECU State ===
19:04:39.920 > car_fully_on: true
19:04:39.920 > start_switch_on: true
19:04:39.920 > brake_pressure: 1
19:04:39.920 > calculated_torque: 32
19:04:39.920 > throttle1_pos: (none)
19:04:39.920 > throttle2_pos: (none)
19:04:39.920 > startup_countdown: not started
19:04:39.920 > motor_control_message_pacing: started
19:04:40.414 > === ECU State ===
19:04:40.414 > car_fully_on: true
19:04:40.414 > start_switch_on: true
19:04:40.414 > brake_pressure: 3
19:04:40.414 > calculated_torque: 33
19:04:40.414 > throttle1_pos: (none)
19:04:40.414 > throttle2_pos: (none)
19:04:40.414 > startup_countdown: not started
19:04:40.414 > motor_control_message_pacing: started
19:04:40.918 > === ECU State ===
19:04:40.918 > car_fully_on: true
19:04:40.918 > start_switch_on: true
19:04:40.918 > brake_pressure: 0
19:04:40.918 > calculated_torque: 32
19:04:40.918 > throttle1_pos: (none)
19:04:40.918 > throttle2_pos: (none)
19:04:40.918 > startup_countdown: not started
19:04:40.918 > motor_control_message_pacing: started
19:04:41.413 > === ECU State ===
19:04:41.413 > car_fully_on: true
19:04:41.413 > start_switch_on: true
19:04:41.413 > brake_pressure: 4
19:04:41.413 > calculated_torque: 32
19:04:41.413 > throttle1_pos: (none)
19:04:41.413 > throttle2_pos: (none)
19:04:41.413 > startup_countdown: not started
19:04:41.413 > motor_control_message_pacing: started
19:04:41.918 > === ECU State ===
19:04:41.925 > car_fully_on: true
19:04:41.925 > start_switch_on: true
19:04:41.925 > brake_pressure: 2
19:04:41.925 > calculated_torque: 33
19:04:41.925 > throttle1_pos: (none)
19:04:41.925 > throttle2_pos: (none)
19:04:41.925 > startup_countdown: not started
19:04:41.925 > motor_control_message_pacing: started
19:04:42.420 > === ECU State ===
19:04:42.425 > car_fully_on: true
19:04:42.425 > start_switch_on: true
19:04:42.425 > brake_pressure: 18
19:04:42.425 > calculated_torque: 32
19:04:42.425 > throttle1_pos: (none)
19:04:42.425 > throttle2_pos: (none)
19:04:42.425 > startup_countdown: not started
19:04:42.425 > motor_control_message_pacing: started
19:04:42.922 > === ECU State ===
19:04:42.922 > car_fully_on: true
19:04:42.922 > start_switch_on: true
19:04:42.922 > brake_pressure: 72
19:04:42.922 > calculated_torque: 49
19:04:42.922 > throttle1_pos: (none)
19:04:42.922 > throttle2_pos: (none)
19:04:42.922 > startup_countdown: not started
19:04:42.922 > motor_control_message_pacing: started
19:04:43.411 > === ECU State ===
19:04:43.411 > car_fully_on: true
19:04:43.411 > start_switch_on: true
19:04:43.411 > brake_pressure: 51
19:04:43.411 > calculated_torque: 32
19:04:43.411 > throttle1_pos: (none)
19:04:43.411 > throttle2_pos: (none)
19:04:43.411 > startup_countdown: not started
19:04:43.411 > motor_control_message_pacing: started
19:04:43.919 > === ECU State ===
19:04:43.925 > car_fully_on: true
19:04:43.925 > start_switch_on: true
19:04:43.925 > brake_pressure: 68
19:04:43.925 > calculated_torque: 32
19:04:43.925 > throttle1_pos: (none)
19:04:43.925 > throttle2_pos: (none)
19:04:43.925 > startup_countdown: not started
19:04:43.925 > motor_control_message_pacing: started
19:04:44.423 > === ECU State ===
19:04:44.425 > car_fully_on: true
19:04:44.425 > start_switch_on: true
19:04:44.425 > brake_pressure: 131
19:04:44.425 > calculated_torque: 35
19:04:44.425 > throttle1_pos: (none)
19:04:44.425 > throttle2_pos: (none)
19:04:44.425 > startup_countdown: not started
19:04:44.425 > motor_control_message_pacing: started
19:04:44.918 > === ECU State ===
19:04:44.925 > car_fully_on: true
19:04:44.925 > start_switch_on: true
19:04:44.925 > brake_pressure: 34
19:04:44.925 > calculated_torque: 32
19:04:44.925 > throttle1_pos: (none)
19:04:44.925 > throttle2_pos: (none)
19:04:44.925 > startup_countdown: not started
19:04:44.925 > motor_control_message_pacing: started
19:04:45.418 > === ECU State ===
19:04:45.418 > car_fully_on: true
19:04:45.418 > start_switch_on: true
19:04:45.418 > brake_pressure: 1
19:04:45.418 > calculated_torque: 32
19:04:45.418 > throttle1_pos: (none)
19:04:45.418 > throttle2_pos: (none)
19:04:45.418 > startup_countdown: not started
19:04:45.418 > motor_control_message_pacing: started
19:04:45.913 > === ECU State ===
19:04:45.913 > car_fully_on: true
19:04:45.913 > start_switch_on: true
19:04:45.913 > brake_pressure: 1
19:04:45.913 > calculated_torque: 32
19:04:45.913 > throttle1_pos: (none)
19:04:45.913 > throttle2_pos: (none)
19:04:45.913 > startup_countdown: not started
19:04:45.913 > motor_control_message_pacing: started
19:04:46.418 > === ECU State ===
19:04:46.418 > car_fully_on: true
19:04:46.418 > start_switch_on: true
19:04:46.418 > brake_pressure: 1
19:04:46.418 > calculated_torque: 32
19:04:46.418 > throttle1_pos: (none)
19:04:46.418 > throttle2_pos: (none)
19:04:46.418 > startup_countdown: not started
19:04:46.418 > motor_control_message_pacing: started
19:04:46.911 > === ECU State ===
19:04:46.911 > car_fully_on: true
19:04:46.911 > start_switch_on: true
19:04:46.911 > brake_pressure: 2
19:04:46.911 > calculated_torque: 32
19:04:46.911 > throttle1_pos: (none)
19:04:46.911 > throttle2_pos: (none)
19:04:46.911 > startup_countdown: not started
19:04:46.911 > motor_control_message_pacing: started
19:04:47.413 > === ECU State ===
19:04:47.413 > car_fully_on: true
19:04:47.413 > start_switch_on: true
19:04:47.413 > brake_pressure: 0
19:04:47.413 > calculated_torque: 33
19:04:47.413 > throttle1_pos: (none)
19:04:47.413 > throttle2_pos: (none)
19:04:47.413 > startup_countdown: not started
19:04:47.413 > motor_control_message_pacing: started
19:04:47.915 > === ECU State ===
19:04:47.925 > car_fully_on: true
19:04:47.925 > start_switch_on: true
19:04:47.925 > brake_pressure: 2
19:04:47.925 > calculated_torque: 32
19:04:47.925 > throttle1_pos: (none)
19:04:47.925 > throttle2_pos: (none)
19:04:47.925 > startup_countdown: not started
19:04:47.925 > motor_control_message_pacing: started
19:04:48.418 > === ECU State ===
19:04:48.426 > car_fully_on: true
19:04:48.426 > start_switch_on: true
19:04:48.426 > brake_pressure: 3
19:04:48.426 > calculated_torque: 32
19:04:48.426 > throttle1_pos: (none)
19:04:48.426 > throttle2_pos: (none)
19:04:48.426 > startup_countdown: not started
19:04:48.426 > motor_control_message_pacing: started
19:04:48.917 > === ECU State ===
19:04:48.917 > car_fully_on: true
19:04:48.917 > start_switch_on: true
19:04:48.917 > brake_pressure: 5
19:04:48.917 > calculated_torque: 32
19:04:48.917 > throttle1_pos: (none)
19:04:48.917 > throttle2_pos: (none)
19:04:48.917 > startup_countdown: not started
19:04:48.917 > motor_control_message_pacing: started
19:04:49.419 > === ECU State ===
19:04:49.425 > car_fully_on: true
19:04:49.425 > start_switch_on: true
19:04:49.425 > brake_pressure: 25
19:04:49.425 > calculated_torque: 33
19:04:49.425 > throttle1_pos: (none)
19:04:49.425 > throttle2_pos: (none)
19:04:49.425 > startup_countdown: not started
19:04:49.425 > motor_control_message_pacing: started
19:04:49.915 > === ECU State ===
19:04:49.915 > car_fully_on: true
19:04:49.915 > start_switch_on: true
19:04:49.915 > brake_pressure: 36
19:04:49.915 > calculated_torque: 33
19:04:49.915 > throttle1_pos: (none)
19:04:49.915 > throttle2_pos: (none)
19:04:49.915 > startup_countdown: not started
19:04:49.915 > motor_control_message_pacing: started
19:04:50.412 > === ECU State ===
19:04:50.412 > car_fully_on: true
19:04:50.412 > start_switch_on: true
19:04:50.412 > brake_pressure: 57
19:04:50.412 > calculated_torque: 34
19:04:50.412 > throttle1_pos: (none)
19:04:50.412 > throttle2_pos: (none)
19:04:50.412 > startup_countdown: not started
19:04:50.412 > motor_control_message_pacing: started
19:04:50.920 > === ECU State ===
19:04:50.925 > car_fully_on: true
19:04:50.925 > start_switch_on: true
19:04:50.925 > brake_pressure: 129
19:04:50.925 > calculated_torque: 32
19:04:50.925 > throttle1_pos: (none)
19:04:50.925 > throttle2_pos: (none)
19:04:50.925 > startup_countdown: not started
19:04:50.925 > motor_control_message_pacing: started
19:04:51.424 > === ECU State ===
19:04:51.425 > car_fully_on: true
19:04:51.425 > start_switch_on: true
19:04:51.425 > brake_pressure: 1
19:04:51.425 > calculated_torque: 33
19:04:51.425 > throttle1_pos: (none)
19:04:51.425 > throttle2_pos: (none)
19:04:51.425 > startup_countdown: not started
19:04:51.425 > motor_control_message_pacing: started
19:04:51.912 > === ECU State ===
19:04:51.912 > car_fully_on: true
19:04:51.912 > start_switch_on: true
19:04:51.912 > brake_pressure: 60
19:04:51.912 > calculated_torque: 32
19:04:51.912 > throttle1_pos: (none)
19:04:51.912 > throttle2_pos: (none)
19:04:51.912 > startup_countdown: not started
19:04:51.912 > motor_control_message_pacing: started
19:04:52.415 > === ECU State ===
19:04:52.415 > car_fully_on: true
19:04:52.415 > start_switch_on: true
19:04:52.415 > brake_pressure: 1
19:04:52.415 > calculated_torque: 32
19:04:52.415 > throttle1_pos: (none)
19:04:52.415 > throttle2_pos: (none)
19:04:52.415 > startup_countdown: not started
19:04:52.415 > motor_control_message_pacing: started
19:04:52.913 > === ECU State ===
19:04:52.913 > car_fully_on: true
19:04:52.913 > start_switch_on: true
19:04:52.913 > brake_pressure: 1
19:04:52.913 > calculated_torque: 32
19:04:52.913 > throttle1_pos: (none)
19:04:52.913 > throttle2_pos: (none)
19:04:52.913 > startup_countdown: not started
19:04:52.913 > motor_control_message_pacing: started
19:04:53.420 > === ECU State ===
19:04:53.425 > car_fully_on: true
19:04:53.425 > start_switch_on: true
19:04:53.425 > brake_pressure: 1
19:04:53.425 > calculated_torque: 32
19:04:53.425 > throttle1_pos: (none)
19:04:53.425 > throttle2_pos: (none)
19:04:53.425 > startup_countdown: not started
19:04:53.425 > motor_control_message_pacing: started
19:04:53.920 > === ECU State ===
19:04:53.925 > car_fully_on: true
19:04:53.925 > start_switch_on: true
19:04:53.925 > brake_pressure: 1
19:04:53.925 > calculated_torque: 32
19:04:53.925 > throttle1_pos: (none)
19:04:53.925 > throttle2_pos: (none)
19:04:53.925 > startup_countdown: not started
19:04:53.925 > motor_control_message_pacing: started
19:04:54.424 > === ECU State ===
19:04:54.424 > car_fully_on: true
19:04:54.424 > start_switch_on: true
19:04:54.424 > brake_pressure: 0
19:04:54.424 > calculated_torque: 32
19:04:54.424 > throttle1_pos: (none)
19:04:54.424 > throttle2_pos: (none)
19:04:54.424 > startup_countdown: not started
19:04:54.424 > motor_control_message_pacing: started
19:04:54.923 > === ECU State ===
19:04:54.923 > car_fully_on: true
19:04:54.923 > start_switch_on: true
19:04:54.923 > brake_pressure: 1
19:04:54.923 > calculated_torque: 32
19:04:54.923 > throttle1_pos: (none)
19:04:54.923 > throttle2_pos: (none)
19:04:54.923 > startup_countdown: not started
19:04:54.923 > motor_control_message_pacing: started
19:04:55.422 > === ECU State ===
19:04:55.422 > car_fully_on: true
19:04:55.422 > start_switch_on: true
19:04:55.422 > brake_pressure: 1
19:04:55.422 > calculated_torque: 32
19:04:55.422 > throttle1_pos: (none)
19:04:55.422 > throttle2_pos: (none)
19:04:55.422 > startup_countdown: not started
19:04:55.422 > motor_control_message_pacing: started
19:04:55.921 > === ECU State ===
19:04:55.926 > car_fully_on: true
19:04:55.926 > start_switch_on: true
19:04:55.926 > brake_pressure: 1
19:04:55.926 > calculated_torque: 32
19:04:55.926 > throttle1_pos: (none)
19:04:55.926 > throttle2_pos: (none)
19:04:55.926 > startup_countdown: not started
19:04:55.926 > motor_control_message_pacing: started
19:04:56.424 > === ECU State ===
19:04:56.424 > car_fully_on: true
19:04:56.424 > start_switch_on: true
19:04:56.424 > brake_pressure: 1
19:04:56.424 > calculated_torque: 32
19:04:56.424 > throttle1_pos: (none)
19:04:56.424 > throttle2_pos: (none)
19:04:56.424 > startup_countdown: not started
19:04:56.424 > motor_control_message_pacing: started
19:04:56.918 > === ECU State ===
19:04:56.918 > car_fully_on: true
19:04:56.918 > start_switch_on: true
19:04:56.918 > brake_pressure: 1
19:04:56.918 > calculated_torque: 32
19:04:56.918 > throttle1_pos: (none)
19:04:56.918 > throttle2_pos: (none)
19:04:56.918 > startup_countdown: not started
19:04:56.918 > motor_control_message_pacing: started
19:04:57.425 > === ECU State ===
19:04:57.425 > car_fully_on: true
19:04:57.425 > start_switch_on: true
19:04:57.425 > brake_pressure: 1
19:04:57.425 > calculated_torque: 32
19:04:57.425 > throttle1_pos: (none)
19:04:57.425 > throttle2_pos: (none)
19:04:57.425 > startup_countdown: not started
19:04:57.425 > motor_control_message_pacing: started
19:04:57.924 > === ECU State ===
19:04:57.924 > car_fully_on: true
19:04:57.924 > start_switch_on: true
19:04:57.924 > brake_pressure: 1
19:04:57.924 > calculated_torque: 32
19:04:57.924 > throttle1_pos: (none)
19:04:57.924 > throttle2_pos: (none)
19:04:57.924 > startup_countdown: not started
19:04:57.924 > motor_control_message_pacing: started
19:04:58.424 > === ECU State ===
19:04:58.424 > car_fully_on: true
19:04:58.424 > start_switch_on: true
19:04:58.424 > brake_pressure: 2
19:04:58.424 > calculated_torque: 32
19:04:58.424 > throttle1_pos: (none)
19:04:58.424 > throttle2_pos: (none)
19:04:58.424 > startup_countdown: not started
19:04:58.424 > motor_control_message_pacing: started
19:04:58.918 > === ECU State ===
19:04:58.918 > car_fully_on: true
19:04:58.918 > start_switch_on: true
19:04:58.918 > brake_pressure: 1
19:04:58.918 > calculated_torque: 32
19:04:58.918 > throttle1_pos: (none)
19:04:58.918 > throttle2_pos: (none)
19:04:58.918 > startup_countdown: not started
19:04:58.918 > motor_control_message_pacing: started
19:04:59.424 > === ECU State ===
19:04:59.425 > car_fully_on: true
19:04:59.425 > start_switch_on: true
19:04:59.425 > brake_pressure: 1
19:04:59.425 > calculated_torque: 32
19:04:59.425 > throttle1_pos: (none)
19:04:59.425 > throttle2_pos: (none)
19:04:59.425 > startup_countdown: not started
19:04:59.425 > motor_control_message_pacing: started
19:04:59.911 > === ECU State ===
19:04:59.925 > car_fully_on: true
19:04:59.925 > start_switch_on: true
19:04:59.925 > brake_pressure: 1
19:04:59.925 > calculated_torque: 32
19:04:59.925 > throttle1_pos: (none)
19:04:59.925 > throttle2_pos: (none)
19:04:59.925 > startup_countdown: not started
19:04:59.925 > motor_control_message_pacing: started
19:05:00.415 > === ECU State ===
19:05:00.415 > car_fully_on: false
19:05:00.415 > start_switch_on: false
19:05:00.415 > brake_pressure: 1
19:05:00.415 > calculated_torque: 32
19:05:00.415 > throttle1_pos: (none)
19:05:00.415 > throttle2_pos: (none)
19:05:00.415 > startup_countdown: not started
19:05:00.415 > motor_control_message_pacing: started
19:05:00.916 > === ECU State ===
19:05:00.916 > car_fully_on: false
19:05:00.916 > start_switch_on: false
19:05:00.916 > brake_pressure: 1
19:05:00.916 > calculated_torque: 32
19:05:00.916 > throttle1_pos: (none)
19:05:00.916 > throttle2_pos: (none)
19:05:00.916 > startup_countdown: not started
19:05:00.916 > motor_control_message_pacing: started
19:05:01.420 > === ECU State ===
19:05:01.420 > car_fully_on: false
19:05:01.420 > start_switch_on: false
19:05:01.420 > brake_pressure: 0
19:05:01.420 > calculated_torque: 32
19:05:01.420 > throttle1_pos: (none)
19:05:01.420 > throttle2_pos: (none)
19:05:01.420 > startup_countdown: not started
19:05:01.420 > motor_control_message_pacing: started
19:05:01.925 > === ECU State ===
19:05:01.925 > car_fully_on: false
19:05:01.925 > start_switch_on: false
19:05:01.925 > brake_pressure: 1
19:05:01.925 > calculated_torque: 32
19:05:01.925 > throttle1_pos: (none)
19:05:01.925 > throttle2_pos: (none)
19:05:01.925 > startup_countdown: not started
19:05:01.925 > motor_control_message_pacing: started
19:05:02.416 > === ECU State ===
19:05:02.425 > car_fully_on: false
19:05:02.425 > start_switch_on: false
19:05:02.425 > brake_pressure: 0
19:05:02.425 > calculated_torque: 33
19:05:02.425 > throttle1_pos: (none)
19:05:02.425 > throttle2_pos: (none)
19:05:02.425 > startup_countdown: not started
19:05:02.425 > motor_control_message_pacing: started
19:05:02.917 > === ECU State ===
19:05:02.917 > car_fully_on: false
19:05:02.917 > start_switch_on: false
19:05:02.917 > brake_pressure: 1
19:05:02.917 > calculated_torque: 32
19:05:02.917 > throttle1_pos: (none)
19:05:02.917 > throttle2_pos: (none)
19:05:02.917 > startup_countdown: not started
19:05:02.917 > motor_control_message_pacing: started
19:05:03.418 > === ECU State ===
19:05:03.418 > car_fully_on: false
19:05:03.418 > start_switch_on: false
19:05:03.418 > brake_pressure: 1
19:05:03.418 > calculated_torque: 32
19:05:03.418 > throttle1_pos: (none)
19:05:03.418 > throttle2_pos: (none)
19:05:03.418 > startup_countdown: not started
19:05:03.418 > motor_control_message_pacing: started
19:05:03.924 > === ECU State ===
19:05:03.924 > car_fully_on: false
19:05:03.924 > start_switch_on: false
19:05:03.924 > brake_pressure: 1
19:05:03.924 > calculated_torque: 32
19:05:03.924 > throttle1_pos: (none)
19:05:03.924 > throttle2_pos: (none)
19:05:03.924 > startup_countdown: not started
19:05:03.924 > motor_control_message_pacing: started
19:05:04.422 > === ECU State ===
19:05:04.422 > car_fully_on: false
19:05:04.422 > start_switch_on: false
19:05:04.422 > brake_pressure: 0
19:05:04.422 > calculated_torque: 32
19:05:04.422 > throttle1_pos: (none)
19:05:04.422 > throttle2_pos: (none)
19:05:04.422 > startup_countdown: not started
19:05:04.422 > motor_control_message_pacing: started
19:05:04.919 > === ECU State ===
19:05:04.919 > car_fully_on: false
19:05:04.919 > start_switch_on: false
19:05:04.919 > brake_pressure: 1
19:05:04.919 > calculated_torque: 32
19:05:04.919 > throttle1_pos: (none)
19:05:04.919 > throttle2_pos: (none)
19:05:04.919 > startup_countdown: not started
19:05:04.919 > motor_control_message_pacing: started
19:05:05.417 > === ECU State ===
19:05:05.425 > car_fully_on: false
19:05:05.425 > start_switch_on: false
19:05:05.425 > brake_pressure: 1
19:05:05.425 > calculated_torque: 32
19:05:05.425 > throttle1_pos: (none)
19:05:05.425 > throttle2_pos: (none)
19:05:05.425 > startup_countdown: not started
19:05:05.425 > motor_control_message_pacing: started
19:05:05.921 > === ECU State ===
19:05:05.921 > car_fully_on: false
19:05:05.921 > start_switch_on: false
19:05:05.921 > brake_pressure: 1
19:05:05.921 > calculated_torque: 32
19:05:05.921 > throttle1_pos: (none)
19:05:05.921 > throttle2_pos: (none)
19:05:05.921 > startup_countdown: not started
19:05:05.921 > motor_control_message_pacing: started
19:05:06.425 > === ECU State ===
19:05:06.425 > car_fully_on: false
19:05:06.425 > start_switch_on: false
19:05:06.425 > brake_pressure: 1
19:05:06.425 > calculated_torque: 32
19:05:06.425 > throttle1_pos: (none)
19:05:06.425 > throttle2_pos: (none)
19:05:06.425 > startup_countdown: not started
19:05:06.425 > motor_control_message_pacing: started
19:05:06.916 > === ECU State ===
19:05:06.916 > car_fully_on: false
19:05:06.916 > start_switch_on: false
19:05:06.916 > brake_pressure: 1
19:05:06.916 > calculated_torque: 32
19:05:06.916 > throttle1_pos: (none)
19:05:06.916 > throttle2_pos: (none)
19:05:06.916 > startup_countdown: not started
19:05:06.916 > motor_control_message_pacing: started
19:05:07.424 > === ECU State ===
19:05:07.424 > car_fully_on: false
19:05:07.424 > start_switch_on: false
19:05:07.424 > brake_pressure: 1
19:05:07.424 > calculated_torque: 32
19:05:07.424 > throttle1_pos: (none)
19:05:07.424 > throttle2_pos: (none)
19:05:07.424 > startup_countdown: not started
19:05:07.424 > motor_control_message_pacing: started
19:05:07.925 > === ECU State ===
19:05:07.925 > car_fully_on: false
19:05:07.925 > start_switch_on: false
19:05:07.925 > brake_pressure: 1
19:05:07.925 > calculated_torque: 32
19:05:07.925 > throttle1_pos: (none)
19:05:07.925 > throttle2_pos: (none)
19:05:07.925 > startup_countdown: not started
19:05:07.925 > motor_control_message_pacing: started
19:05:08.418 > === ECU State ===
19:05:08.418 > car_fully_on: false
19:05:08.418 > start_switch_on: false
19:05:08.418 > brake_pressure: 1
19:05:08.418 > calculated_torque: 32
19:05:08.418 > throttle1_pos: (none)
19:05:08.418 > throttle2_pos: (none)
19:05:08.418 > startup_countdown: not started
19:05:08.418 > motor_control_message_pacing: started
19:05:08.915 > === ECU State ===
19:05:08.915 > car_fully_on: false
19:05:08.915 > start_switch_on: false
19:05:08.915 > brake_pressure: 1
19:05:08.915 > calculated_torque: 32
19:05:08.915 > throttle1_pos: (none)
19:05:08.915 > throttle2_pos: (none)
19:05:08.915 > startup_countdown: not started
19:05:08.915 > motor_control_message_pacing: started
19:05:09.410 > === ECU State ===
19:05:09.410 > car_fully_on: false
19:05:09.410 > start_switch_on: false
19:05:09.410 > brake_pressure: 0
19:05:09.410 > calculated_torque: 33
19:05:09.410 > throttle1_pos: (none)
19:05:09.410 > throttle2_pos: (none)
19:05:09.410 > startup_countdown: not started
19:05:09.410 > motor_control_message_pacing: started
19:05:09.920 > === ECU State ===
19:05:09.920 > car_fully_on: false
19:05:09.920 > start_switch_on: false
19:05:09.920 > brake_pressure: 1
19:05:09.920 > calculated_torque: 32
19:05:09.920 > throttle1_pos: (none)
19:05:09.920 > throttle2_pos: (none)
19:05:09.920 > startup_countdown: not started
19:05:09.920 > motor_control_message_pacing: started
19:05:10.412 > === ECU State ===
19:05:10.412 > car_fully_on: false
19:05:10.412 > start_switch_on: false
19:05:10.412 > brake_pressure: 0
19:05:10.412 > calculated_torque: 32
19:05:10.412 > throttle1_pos: (none)
19:05:10.412 > throttle2_pos: (none)
19:05:10.412 > startup_countdown: not started
19:05:10.412 > motor_control_message_pacing: started
19:05:10.919 > === ECU State ===
19:05:10.919 > car_fully_on: false
19:05:10.919 > start_switch_on: false
19:05:10.919 > brake_pressure: 2
19:05:10.919 > calculated_torque: 32
19:05:10.919 > throttle1_pos: (none)
19:05:10.919 > throttle2_pos: (none)
19:05:10.919 > startup_countdown: not started
19:05:10.919 > motor_control_message_pacing: started
19:05:11.422 > === ECU State ===
19:05:11.422 > car_fully_on: false
19:05:11.422 > start_switch_on: false
19:05:11.422 > brake_pressure: 1
19:05:11.422 > calculated_torque: 32
19:05:11.422 > throttle1_pos: (none)
19:05:11.422 > throttle2_pos: (none)
19:05:11.422 > startup_countdown: not started
19:05:11.422 > motor_control_message_pacing: started
19:05:11.924 > === ECU State ===
19:05:11.924 > car_fully_on: false
19:05:11.924 > start_switch_on: false
19:05:11.924 > brake_pressure: 2
19:05:11.924 > calculated_torque: 33
19:05:11.924 > throttle1_pos: (none)
19:05:11.924 > throttle2_pos: (none)
19:05:11.924 > startup_countdown: not started
19:05:11.924 > motor_control_message_pacing: started
19:05:12.421 > === ECU State ===
19:05:12.425 > car_fully_on: false
19:05:12.425 > start_switch_on: false
19:05:12.425 > brake_pressure: 2
19:05:12.425 > calculated_torque: 32
19:05:12.425 > throttle1_pos: (none)
19:05:12.425 > throttle2_pos: (none)
19:05:12.425 > startup_countdown: not started
19:05:12.425 > motor_control_message_pacing: started
19:05:12.915 > === ECU State ===
19:05:12.925 > car_fully_on: false
19:05:12.925 > start_switch_on: false
19:05:12.925 > brake_pressure: 1
19:05:12.925 > calculated_torque: 33
19:05:12.925 > throttle1_pos: (none)
19:05:12.925 > throttle2_pos: (none)
19:05:12.925 > startup_countdown: not started
19:05:12.925 > motor_control_message_pacing: started
19:05:13.417 > === ECU State ===
19:05:13.417 > car_fully_on: false
19:05:13.417 > start_switch_on: false
19:05:13.417 > brake_pressure: 1
19:05:13.417 > calculated_torque: 32
19:05:13.417 > throttle1_pos: (none)
19:05:13.417 > throttle2_pos: (none)
19:05:13.417 > startup_countdown: not started
19:05:13.417 > motor_control_message_pacing: started
19:05:13.910 > === ECU State ===
19:05:13.910 > car_fully_on: false
19:05:13.910 > start_switch_on: false
19:05:13.910 > brake_pressure: 1
19:05:13.910 > calculated_torque: 32
19:05:13.910 > throttle1_pos: (none)
19:05:13.910 > throttle2_pos: (none)
19:05:13.910 > startup_countdown: not started
19:05:13.910 > motor_control_message_pacing: started
19:05:14.423 > === ECU State ===
19:05:14.423 > car_fully_on: false
19:05:14.423 > start_switch_on: false
19:05:14.423 > brake_pressure: 0
19:05:14.423 > calculated_torque: 32
19:05:14.423 > throttle1_pos: (none)
19:05:14.423 > throttle2_pos: (none)
19:05:14.423 > startup_countdown: not started
19:05:14.423 > motor_control_message_pacing: started
19:05:14.918 > === ECU State ===
19:05:14.918 > car_fully_on: false
19:05:14.918 > start_switch_on: false
19:05:14.918 > brake_pressure: 1
19:05:14.918 > calculated_torque: 32
19:05:14.918 > throttle1_pos: (none)
19:05:14.918 > throttle2_pos: (none)
19:05:14.918 > startup_countdown: not started
19:05:14.918 > motor_control_message_pacing: started
19:05:15.419 > === ECU State ===
19:05:15.419 > car_fully_on: false
19:05:15.419 > start_switch_on: false
19:05:15.419 > brake_pressure: 0
19:05:15.419 > calculated_torque: 32
19:05:15.419 > throttle1_pos: (none)
19:05:15.419 > throttle2_pos: (none)
19:05:15.419 > startup_countdown: not started
19:05:15.419 > motor_control_message_pacing: started
19:05:15.923 > === ECU State ===
19:05:15.923 > car_fully_on: false
19:05:15.923 > start_switch_on: false
19:05:15.923 > brake_pressure: 1
19:05:15.923 > calculated_torque: 33
19:05:15.923 > throttle1_pos: (none)
19:05:15.923 > throttle2_pos: (none)
19:05:15.923 > startup_countdown: not started
19:05:15.923 > motor_control_message_pacing: started
19:05:16.424 > === ECU State ===
19:05:16.424 > car_fully_on: false
19:05:16.424 > start_switch_on: false
19:05:16.424 > brake_pressure: 1
19:05:16.424 > calculated_torque: 32
19:05:16.424 > throttle1_pos: (none)
19:05:16.424 > throttle2_pos: (none)
19:05:16.424 > startup_countdown: not started
19:05:16.424 > motor_control_message_pacing: started
19:05:16.913 > === ECU State ===
19:05:16.913 > car_fully_on: false
19:05:16.913 > start_switch_on: false
19:05:16.913 > brake_pressure: 1
19:05:16.913 > calculated_torque: 32
19:05:16.913 > throttle1_pos: (none)
19:05:16.913 > throttle2_pos: (none)
19:05:16.913 > startup_countdown: not started
19:05:16.913 > motor_control_message_pacing: started
19:05:17.420 > === ECU State ===
19:05:17.420 > car_fully_on: false
19:05:17.420 > start_switch_on: false
19:05:17.420 > brake_pressure: 1
19:05:17.420 > calculated_torque: 32
19:05:17.420 > throttle1_pos: (none)
19:05:17.420 > throttle2_pos: (none)
19:05:17.420 > startup_countdown: not started
19:05:17.420 > motor_control_message_pacing: started
19:05:17.916 > === ECU State ===
19:05:17.916 > car_fully_on: false
19:05:17.916 > start_switch_on: false
19:05:17.916 > brake_pressure: 0
19:05:17.916 > calculated_torque: 32
19:05:17.916 > throttle1_pos: (none)
19:05:17.916 > throttle2_pos: (none)
19:05:17.916 > startup_countdown: not started
19:05:17.916 > motor_control_message_pacing: started
19:05:18.419 > === ECU State ===
19:05:18.419 > car_fully_on: false
19:05:18.419 > start_switch_on: false
19:05:18.419 > brake_pressure: 1
19:05:18.419 > calculated_torque: 32
19:05:18.419 > throttle1_pos: (none)
19:05:18.419 > throttle2_pos: (none)
19:05:18.419 > startup_countdown: not started
19:05:18.419 > motor_control_message_pacing: started
19:05:18.914 > === ECU State ===
19:05:18.914 > car_fully_on: false
19:05:18.914 > start_switch_on: false
19:05:18.914 > brake_pressure: 1
19:05:18.914 > calculated_torque: 32
19:05:18.914 > throttle1_pos: (none)
19:05:18.914 > throttle2_pos: (none)
19:05:18.914 > startup_countdown: not started
19:05:18.914 > motor_control_message_pacing: started
19:05:19.424 > === ECU State ===
19:05:19.424 > car_fully_on: false
19:05:19.424 > start_switch_on: false
19:05:19.424 > brake_pressure: 0
19:05:19.424 > calculated_torque: 32
19:05:19.424 > throttle1_pos: (none)
19:05:19.424 > throttle2_pos: (none)
19:05:19.424 > startup_countdown: not started
19:05:19.424 > motor_control_message_pacing: started
19:05:19.916 > === ECU State ===
19:05:19.916 > car_fully_on: false
19:05:19.916 > start_switch_on: false
19:05:19.916 > brake_pressure: 1
19:05:19.916 > calculated_torque: 32
19:05:19.916 > throttle1_pos: (none)
19:05:19.916 > throttle2_pos: (none)
19:05:19.916 > startup_countdown: not started
19:05:19.916 > motor_control_message_pacing: started
19:05:20.424 > === ECU State ===
19:05:20.424 > car_fully_on: false
19:05:20.424 > start_switch_on: false
19:05:20.424 > brake_pressure: 1
19:05:20.424 > calculated_torque: 32
19:05:20.424 > throttle1_pos: (none)
19:05:20.424 > throttle2_pos: (none)
19:05:20.424 > startup_countdown: not started
19:05:20.424 > motor_control_message_pacing: started
19:05:20.918 > === ECU State ===
19:05:20.918 > car_fully_on: false
19:05:20.918 > start_switch_on: false
19:05:20.918 > brake_pressure: 1
19:05:20.918 > calculated_torque: 32
19:05:20.918 > throttle1_pos: (none)
19:05:20.918 > throttle2_pos: (none)
19:05:20.918 > startup_countdown: not started
19:05:20.918 > motor_control_message_pacing: started
19:05:21.422 > === ECU State ===
19:05:21.422 > car_fully_on: false
19:05:21.422 > start_switch_on: false
19:05:21.422 > brake_pressure: 1
19:05:21.422 > calculated_torque: 32
19:05:21.422 > throttle1_pos: (none)
19:05:21.422 > throttle2_pos: (none)
19:05:21.422 > startup_countdown: not started
19:05:21.422 > motor_control_message_pacing: started
19:05:21.922 > === ECU State ===
19:05:21.922 > car_fully_on: false
19:05:21.922 > start_switch_on: false
19:05:21.922 > brake_pressure: 1
19:05:21.922 > calculated_torque: 32
19:05:21.922 > throttle1_pos: (none)
19:05:21.922 > throttle2_pos: (none)
19:05:21.922 > startup_countdown: not started
19:05:21.922 > motor_control_message_pacing: started
19:05:22.416 > === ECU State ===
19:05:22.416 > car_fully_on: false
19:05:22.416 > start_switch_on: false
19:05:22.416 > brake_pressure: 1
19:05:22.416 > calculated_torque: 32
19:05:22.416 > throttle1_pos: (none)
19:05:22.416 > throttle2_pos: (none)
19:05:22.416 > startup_countdown: not started
19:05:22.416 > motor_control_message_pacing: started
19:05:22.923 > === ECU State ===
19:05:22.923 > car_fully_on: false
19:05:22.923 > start_switch_on: false
19:05:22.923 > brake_pressure: 1
19:05:22.923 > calculated_torque: 32
19:05:22.923 > throttle1_pos: (none)
19:05:22.923 > throttle2_pos: (none)
19:05:22.923 > startup_countdown: not started
19:05:22.923 > motor_control_message_pacing: started
19:05:23.412 > === ECU State ===
19:05:23.412 > car_fully_on: false
19:05:23.412 > start_switch_on: false
19:05:23.412 > brake_pressure: 1
19:05:23.412 > calculated_torque: 32
19:05:23.412 > throttle1_pos: (none)
19:05:23.412 > throttle2_pos: (none)
19:05:23.412 > startup_countdown: not started
19:05:23.412 > motor_control_message_pacing: started
19:05:23.920 > === ECU State ===
19:05:23.925 > car_fully_on: false
19:05:23.925 > start_switch_on: false
19:05:23.925 > brake_pressure: 0
19:05:23.925 > calculated_torque: 32
19:05:23.925 > throttle1_pos: (none)
19:05:23.925 > throttle2_pos: (none)
19:05:23.925 > startup_countdown: not started
19:05:23.925 > motor_control_message_pacing: started
19:05:24.424 > === ECU State ===
19:05:24.424 > car_fully_on: false
19:05:24.424 > start_switch_on: false
19:05:24.424 > brake_pressure: 1
19:05:24.424 > calculated_torque: 32
19:05:24.424 > throttle1_pos: (none)
19:05:24.424 > throttle2_pos: (none)
19:05:24.424 > startup_countdown: not started
19:05:24.424 > motor_control_message_pacing: started
19:05:24.916 > === ECU State ===
19:05:24.916 > car_fully_on: false
19:05:24.916 > start_switch_on: false
19:05:24.916 > brake_pressure: 0
19:05:24.916 > calculated_torque: 32
19:05:24.916 > throttle1_pos: (none)
19:05:24.916 > throttle2_pos: (none)
19:05:24.916 > startup_countdown: not started
19:05:24.916 > motor_control_message_pacing: started
19:05:25.424 > === ECU State ===
19:05:25.424 > car_fully_on: false
19:05:25.424 > start_switch_on: false
19:05:25.424 > brake_pressure: 2
19:05:25.424 > calculated_torque: 32
19:05:25.424 > throttle1_pos: (none)
19:05:25.424 > throttle2_pos: (none)
19:05:25.424 > startup_countdown: not started
19:05:25.424 > motor_control_message_pacing: started
19:05:25.914 > === ECU State ===
19:05:25.914 > car_fully_on: false
19:05:25.914 > start_switch_on: false
19:05:25.914 > brake_pressure: 1
19:05:25.914 > calculated_torque: 32
19:05:25.914 > throttle1_pos: (none)
19:05:25.914 > throttle2_pos: (none)
19:05:25.914 > startup_countdown: not started
19:05:25.914 > motor_control_message_pacing: started
19:05:26.419 > === ECU State ===
19:05:26.419 > car_fully_on: false
19:05:26.419 > start_switch_on: false
19:05:26.419 > brake_pressure: 1
19:05:26.419 > calculated_torque: 32
19:05:26.419 > throttle1_pos: (none)
19:05:26.419 > throttle2_pos: (none)
19:05:26.419 > startup_countdown: not started
19:05:26.419 > motor_control_message_pacing: started
19:05:26.921 > === ECU State ===
19:05:26.921 > car_fully_on: false
19:05:26.921 > start_switch_on: false
19:05:26.921 > brake_pressure: 2
19:05:26.921 > calculated_torque: 32
19:05:26.921 > throttle1_pos: (none)
19:05:26.921 > throttle2_pos: (none)
19:05:26.921 > startup_countdown: not started
19:05:26.921 > motor_control_message_pacing: started
19:05:27.420 > === ECU State ===
19:05:27.425 > car_fully_on: false
19:05:27.425 > start_switch_on: false
19:05:27.425 > brake_pressure: 1
19:05:27.425 > calculated_torque: 32
19:05:27.425 > throttle1_pos: (none)
19:05:27.425 > throttle2_pos: (none)
19:05:27.425 > startup_countdown: not started
19:05:27.425 > motor_control_message_pacing: started
19:05:27.920 > === ECU State ===
19:05:27.920 > car_fully_on: false
19:05:27.920 > start_switch_on: false
19:05:27.920 > brake_pressure: 1
19:05:27.920 > calculated_torque: 33
19:05:27.920 > throttle1_pos: (none)
19:05:27.920 > throttle2_pos: (none)
19:05:27.920 > startup_countdown: not started
19:05:27.920 > motor_control_message_pacing: started
19:05:28.424 > === ECU State ===
19:05:28.424 > car_fully_on: false
19:05:28.424 > start_switch_on: false
19:05:28.424 > brake_pressure: 1
19:05:28.424 > calculated_torque: 32
19:05:28.424 > throttle1_pos: (none)
19:05:28.424 > throttle2_pos: (none)
19:05:28.424 > startup_countdown: not started
19:05:28.424 > motor_control_message_pacing: started
19:05:28.920 > === ECU State ===
19:05:28.925 > car_fully_on: false
19:05:28.925 > start_switch_on: false
19:05:28.925 > brake_pressure: 1
19:05:28.925 > calculated_torque: 32
19:05:28.925 > throttle1_pos: (none)
19:05:28.925 > throttle2_pos: (none)
19:05:28.925 > startup_countdown: not started
19:05:28.925 > motor_control_message_pacing: started
19:05:29.422 > === ECU State ===
19:05:29.422 > car_fully_on: false
19:05:29.422 > start_switch_on: false
19:05:29.422 > brake_pressure: 1
19:05:29.422 > calculated_torque: 32
19:05:29.422 > throttle1_pos: (none)
19:05:29.422 > throttle2_pos: (none)
19:05:29.422 > startup_countdown: not started
19:05:29.422 > motor_control_message_pacing: started
19:05:29.922 > === ECU State ===
19:05:29.922 > car_fully_on: false
19:05:29.922 > start_switch_on: false
19:05:29.922 > brake_pressure: 2
19:05:29.922 > calculated_torque: 32
19:05:29.922 > throttle1_pos: (none)
19:05:29.922 > throttle2_pos: (none)
19:05:29.922 > startup_countdown: not started
19:05:29.922 > motor_control_message_pacing: started
19:05:30.424 > === ECU State ===
19:05:30.424 > car_fully_on: false
19:05:30.424 > start_switch_on: false
19:05:30.424 > brake_pressure: 0
19:05:30.424 > calculated_torque: 32
19:05:30.424 > throttle1_pos: (none)
19:05:30.424 > throttle2_pos: (none)
19:05:30.424 > startup_countdown: not started
19:05:30.424 > motor_control_message_pacing: started
19:05:30.911 > === ECU State ===
19:05:30.911 > car_fully_on: false
19:05:30.911 > start_switch_on: false
19:05:30.911 > brake_pressure: 1
19:05:30.911 > calculated_torque: 33
19:05:30.911 > throttle1_pos: (none)
19:05:30.911 > throttle2_pos: (none)
19:05:30.911 > startup_countdown: not started
19:05:30.911 > motor_control_message_pacing: started
19:05:31.418 > === ECU State ===
19:05:31.418 > car_fully_on: false
19:05:31.418 > start_switch_on: false
19:05:31.418 > brake_pressure: 1
19:05:31.418 > calculated_torque: 32
19:05:31.418 > throttle1_pos: (none)
19:05:31.418 > throttle2_pos: (none)
19:05:31.418 > startup_countdown: not started
19:05:31.418 > motor_control_message_pacing: started
19:05:31.925 > === ECU State ===
19:05:31.925 > car_fully_on: false
19:05:31.925 > start_switch_on: false
19:05:31.925 > brake_pressure: 2
19:05:31.925 > calculated_torque: 32
19:05:31.925 > throttle1_pos: (none)
19:05:31.925 > throttle2_pos: (none)
19:05:31.925 > startup_countdown: not started
19:05:31.925 > motor_control_message_pacing: started
19:05:32.422 > === ECU State ===
19:05:32.422 > car_fully_on: false
19:05:32.422 > start_switch_on: false
19:05:32.422 > brake_pressure: 1
19:05:32.422 > calculated_torque: 32
19:05:32.422 > throttle1_pos: (none)
19:05:32.422 > throttle2_pos: (none)
19:05:32.422 > startup_countdown: not started
19:05:32.422 > motor_control_message_pacing: started
19:05:32.925 > === ECU State ===
19:05:32.925 > car_fully_on: false
19:05:32.925 > start_switch_on: false
19:05:32.925 > brake_pressure: 1
19:05:32.925 > calculated_torque: 32
19:05:32.925 > throttle1_pos: (none)
19:05:32.925 > throttle2_pos: (none)
19:05:32.925 > startup_countdown: not started
19:05:32.925 > motor_control_message_pacing: started
19:05:33.424 > === ECU State ===
19:05:33.425 > car_fully_on: false
19:05:33.425 > start_switch_on: false
19:05:33.425 > brake_pressure: 1
19:05:33.425 > calculated_torque: 32
19:05:33.425 > throttle1_pos: (none)
19:05:33.425 > throttle2_pos: (none)
19:05:33.425 > startup_countdown: not started
19:05:33.425 > motor_control_message_pacing: started
19:05:33.924 > === ECU State ===
19:05:33.925 > car_fully_on: false
19:05:33.925 > start_switch_on: false
19:05:33.925 > brake_pressure: 1
19:05:33.925 > calculated_torque: 32
19:05:33.925 > throttle1_pos: (none)
19:05:33.925 > throttle2_pos: (none)
19:05:33.925 > startup_countdown: not started
19:05:33.925 > motor_control_message_pacing: started
19:05:34.421 > === ECU State ===
19:05:34.421 > car_fully_on: false
19:05:34.421 > start_switch_on: false
19:05:34.421 > brake_pressure: 1
19:05:34.421 > calculated_torque: 32
19:05:34.421 > throttle1_pos: (none)
19:05:34.421 > throttle2_pos: (none)
19:05:34.421 > startup_countdown: not started
19:05:34.421 > motor_control_message_pacing: started
19:05:34.925 > === ECU State ===
19:05:34.926 > car_fully_on: false
19:05:34.926 > start_switch_on: false
19:05:34.926 > brake_pressure: 1
19:05:34.926 > calculated_torque: 33
19:05:34.926 > throttle1_pos: (none)
19:05:34.926 > throttle2_pos: (none)
19:05:34.926 > startup_countdown: not started
19:05:34.926 > motor_control_message_pacing: started
19:05:35.425 > === ECU State ===
19:05:35.425 > car_fully_on: false
19:05:35.425 > start_switch_on: false
19:05:35.425 > brake_pressure: 1
19:05:35.425 > calculated_torque: 32
19:05:35.425 > throttle1_pos: (none)
19:05:35.425 > throttle2_pos: (none)
19:05:35.425 > startup_countdown: not started
19:05:35.425 > motor_control_message_pacing: started
19:05:35.914 > === ECU State ===
19:05:35.914 > car_fully_on: false
19:05:35.914 > start_switch_on: false
19:05:35.914 > brake_pressure: 1
19:05:35.914 > calculated_torque: 32
19:05:35.914 > throttle1_pos: (none)
19:05:35.914 > throttle2_pos: (none)
19:05:35.914 > startup_countdown: not started
19:05:35.914 > motor_control_message_pacing: started
19:05:36.424 > === ECU State ===
19:05:36.424 > car_fully_on: false
19:05:36.424 > start_switch_on: false
19:05:36.424 > brake_pressure: 1
19:05:36.424 > calculated_torque: 32
19:05:36.424 > throttle1_pos: (none)
19:05:36.424 > throttle2_pos: (none)
19:05:36.424 > startup_countdown: not started
19:05:36.424 > motor_control_message_pacing: started
19:05:36.918 > === ECU State ===
19:05:36.918 > car_fully_on: false
19:05:36.918 > start_switch_on: false
19:05:36.918 > brake_pressure: 0
19:05:36.918 > calculated_torque: 32
19:05:36.918 > throttle1_pos: (none)
19:05:36.918 > throttle2_pos: (none)
19:05:36.918 > startup_countdown: not started
19:05:36.918 > motor_control_message_pacing: started
19:05:37.424 > === ECU State ===
19:05:37.424 > car_fully_on: false
19:05:37.424 > start_switch_on: false
19:05:37.424 > brake_pressure: 1
19:05:37.424 > calculated_torque: 32
19:05:37.424 > throttle1_pos: (none)
19:05:37.424 > throttle2_pos: (none)
19:05:37.424 > startup_countdown: not started
19:05:37.424 > motor_control_message_pacing: started
19:05:37.925 > === ECU State ===
19:05:37.925 > car_fully_on: false
19:05:37.925 > start_switch_on: false
19:05:37.925 > brake_pressure: 1
19:05:37.925 > calculated_torque: 32
19:05:37.925 > throttle1_pos: (none)
19:05:37.925 > throttle2_pos: (none)
19:05:37.925 > startup_countdown: not started
19:05:37.925 > motor_control_message_pacing: started
19:05:38.424 > === ECU State ===
19:05:38.424 > car_fully_on: false
19:05:38.424 > start_switch_on: false
19:05:38.424 > brake_pressure: 1
19:05:38.424 > calculated_torque: 32
19:05:38.424 > throttle1_pos: (none)
19:05:38.424 > throttle2_pos: (none)
19:05:38.424 > startup_countdown: not started
19:05:38.424 > motor_control_message_pacing: started
19:05:38.911 > === ECU State ===
19:05:38.911 > car_fully_on: false
19:05:38.911 > start_switch_on: false
19:05:38.911 > brake_pressure: 1
19:05:38.911 > calculated_torque: 32
19:05:38.911 > throttle1_pos: (none)
19:05:38.911 > throttle2_pos: (none)
19:05:38.911 > startup_countdown: not started
19:05:38.911 > motor_control_message_pacing: started
19:05:39.417 > === ECU State ===
19:05:39.417 > car_fully_on: false
19:05:39.417 > start_switch_on: false
19:05:39.417 > brake_pressure: 1
19:05:39.417 > calculated_torque: 32
19:05:39.417 > throttle1_pos: (none)
19:05:39.417 > throttle2_pos: (none)
19:05:39.417 > startup_countdown: not started
19:05:39.417 > motor_control_message_pacing: started
19:05:39.921 > === ECU State ===
19:05:39.921 > car_fully_on: false
19:05:39.921 > start_switch_on: false
19:05:39.921 > brake_pressure: 0
19:05:39.921 > calculated_torque: 32
19:05:39.921 > throttle1_pos: (none)
19:05:39.921 > throttle2_pos: (none)
19:05:39.921 > startup_countdown: not started
19:05:39.921 > motor_control_message_pacing: started
19:05:40.421 > === ECU State ===
19:05:40.421 > car_fully_on: false
19:05:40.421 > start_switch_on: false
19:05:40.421 > brake_pressure: 1
19:05:40.421 > calculated_torque: 32
19:05:40.421 > throttle1_pos: (none)
19:05:40.421 > throttle2_pos: (none)
19:05:40.421 > startup_countdown: not started
19:05:40.421 > motor_control_message_pacing: started
19:05:40.918 > === ECU State ===
19:05:40.918 > car_fully_on: false
19:05:40.918 > start_switch_on: false
19:05:40.918 > brake_pressure: 1
19:05:40.918 > calculated_torque: 32
19:05:40.918 > throttle1_pos: (none)
19:05:40.918 > throttle2_pos: (none)
19:05:40.918 > startup_countdown: not started
19:05:40.918 > motor_control_message_pacing: started
19:05:41.418 > === ECU State ===
19:05:41.418 > car_fully_on: false
19:05:41.418 > start_switch_on: false
19:05:41.418 > brake_pressure: 1
19:05:41.418 > calculated_torque: 32
19:05:41.418 > throttle1_pos: (none)
19:05:41.418 > throttle2_pos: (none)
19:05:41.418 > startup_countdown: not started
19:05:41.418 > motor_control_message_pacing: started
19:05:41.923 > === ECU State ===
19:05:41.923 > car_fully_on: false
19:05:41.923 > start_switch_on: false
19:05:41.923 > brake_pressure: 1
19:05:41.923 > calculated_torque: 32
19:05:41.923 > throttle1_pos: (none)
19:05:41.923 > throttle2_pos: (none)
19:05:41.923 > startup_countdown: not started
19:05:41.923 > motor_control_message_pacing: started
19:05:42.421 > === ECU State ===
19:05:42.421 > car_fully_on: false
19:05:42.421 > start_switch_on: false
19:05:42.421 > brake_pressure: 1
19:05:42.421 > calculated_torque: 32
19:05:42.421 > throttle1_pos: (none)
19:05:42.421 > throttle2_pos: (none)
19:05:42.421 > startup_countdown: not started
19:05:42.421 > motor_control_message_pacing: started
19:05:42.923 > === ECU State ===
19:05:42.923 > car_fully_on: false
19:05:42.923 > start_switch_on: false
19:05:42.923 > brake_pressure: 1
19:05:42.923 > calculated_torque: 33
19:05:42.923 > throttle1_pos: (none)
19:05:42.923 > throttle2_pos: (none)
19:05:42.923 > startup_countdown: not started
19:05:42.923 > motor_control_message_pacing: started
19:05:43.421 > === ECU State ===
19:05:43.426 > car_fully_on: false
19:05:43.426 > start_switch_on: false
19:05:43.426 > brake_pressure: 0
19:05:43.426 > calculated_torque: 32
19:05:43.426 > throttle1_pos: (none)
19:05:43.426 > throttle2_pos: (none)
19:05:43.426 > startup_countdown: not started
19:05:43.426 > motor_control_message_pacing: started
19:05:43.924 > === ECU State ===
19:05:43.924 > car_fully_on: false
19:05:43.924 > start_switch_on: false
19:05:43.924 > brake_pressure: 1
19:05:43.924 > calculated_torque: 32
19:05:43.924 > throttle1_pos: (none)
19:05:43.924 > throttle2_pos: (none)
19:05:43.924 > startup_countdown: not started
19:05:43.924 > motor_control_message_pacing: started
19:05:44.423 > === ECU State ===
19:05:44.423 > car_fully_on: false
19:05:44.423 > start_switch_on: false
19:05:44.423 > brake_pressure: 1
19:05:44.423 > calculated_torque: 32
19:05:44.423 > throttle1_pos: (none)
19:05:44.423 > throttle2_pos: (none)
19:05:44.423 > startup_countdown: not started
19:05:44.423 > motor_control_message_pacing: started
19:05:44.925 > === ECU State ===
19:05:44.925 > car_fully_on: false
19:05:44.925 > start_switch_on: false
19:05:44.925 > brake_pressure: 1
19:05:44.925 > calculated_torque: 32
19:05:44.925 > throttle1_pos: (none)
19:05:44.925 > throttle2_pos: (none)
19:05:44.925 > startup_countdown: not started
19:05:44.925 > motor_control_message_pacing: started
19:05:45.422 > === ECU State ===
19:05:45.422 > car_fully_on: false
19:05:45.422 > start_switch_on: false
19:05:45.422 > brake_pressure: 1
19:05:45.422 > calculated_torque: 32
19:05:45.422 > throttle1_pos: (none)
19:05:45.422 > throttle2_pos: (none)
19:05:45.422 > startup_countdown: not started
19:05:45.422 > motor_control_message_pacing: started
19:05:45.913 > === ECU State ===
19:05:45.913 > car_fully_on: false
19:05:45.913 > start_switch_on: false
19:05:45.913 > brake_pressure: 1
19:05:45.913 > calculated_torque: 32
19:05:45.913 > throttle1_pos: (none)
19:05:45.913 > throttle2_pos: (none)
19:05:45.913 > startup_countdown: not started
19:05:45.913 > motor_control_message_pacing: started
19:05:46.413 > === ECU State ===
19:05:46.413 > car_fully_on: false
19:05:46.413 > start_switch_on: false
19:05:46.413 > brake_pressure: 1
19:05:46.413 > calculated_torque: 32
19:05:46.413 > throttle1_pos: (none)
19:05:46.413 > throttle2_pos: (none)
19:05:46.413 > startup_countdown: not started
19:05:46.413 > motor_control_message_pacing: started
19:05:46.925 > === ECU State ===
19:05:46.925 > car_fully_on: false
19:05:46.925 > start_switch_on: false
19:05:46.925 > brake_pressure: 1
19:05:46.925 > calculated_torque: 32
19:05:46.925 > throttle1_pos: (none)
19:05:46.925 > throttle2_pos: (none)
19:05:46.925 > startup_countdown: not started
19:05:46.925 > motor_control_message_pacing: started
19:05:47.415 > === ECU State ===
19:05:47.415 > car_fully_on: false
19:05:47.415 > start_switch_on: false
19:05:47.415 > brake_pressure: 1
19:05:47.415 > calculated_torque: 32
19:05:47.415 > throttle1_pos: (none)
19:05:47.415 > throttle2_pos: (none)
19:05:47.415 > startup_countdown: not started
19:05:47.415 > motor_control_message_pacing: started
19:05:47.924 > === ECU State ===
19:05:47.924 > car_fully_on: false
19:05:47.924 > start_switch_on: false
19:05:47.924 > brake_pressure: 1
19:05:47.924 > calculated_torque: 32
19:05:47.924 > throttle1_pos: (none)
19:05:47.924 > throttle2_pos: (none)
19:05:47.924 > startup_countdown: not started
19:05:47.924 > motor_control_message_pacing: started
19:05:48.425 > === ECU State ===
19:05:48.425 > car_fully_on: false
19:05:48.425 > start_switch_on: false
19:05:48.425 > brake_pressure: 1
19:05:48.425 > calculated_torque: 32
19:05:48.425 > throttle1_pos: (none)
19:05:48.425 > throttle2_pos: (none)
19:05:48.425 > startup_countdown: not started
19:05:48.425 > motor_control_message_pacing: started
19:05:48.917 > === ECU State ===
19:05:48.917 > car_fully_on: false
19:05:48.917 > start_switch_on: false
19:05:48.917 > brake_pressure: 0
19:05:48.917 > calculated_torque: 32
19:05:48.917 > throttle1_pos: (none)
19:05:48.917 > throttle2_pos: (none)
19:05:48.917 > startup_countdown: not started
19:05:48.917 > motor_control_message_pacing: started
19:05:49.425 > === ECU State ===
19:05:49.425 > car_fully_on: false
19:05:49.425 > start_switch_on: false
19:05:49.425 > brake_pressure: 1
19:05:49.425 > calculated_torque: 32
19:05:49.425 > throttle1_pos: (none)
19:05:49.425 > throttle2_pos: (none)
19:05:49.425 > startup_countdown: not started
19:05:49.425 > motor_control_message_pacing: started
19:05:49.924 > === ECU State ===
19:05:49.928 > car_fully_on: false
19:05:49.928 > start_switch_on: false
19:05:49.928 > brake_pressure: 1
19:05:49.928 > calculated_torque: 32
19:05:49.928 > throttle1_pos: (none)
19:05:49.928 > throttle2_pos: (none)
19:05:49.928 > startup_countdown: not started
19:05:49.928 > motor_control_message_pacing: started
19:05:50.423 > === ECU State ===
19:05:50.423 > car_fully_on: false
19:05:50.423 > start_switch_on: false
19:05:50.423 > brake_pressure: 1
19:05:50.423 > calculated_torque: 33
19:05:50.423 > throttle1_pos: (none)
19:05:50.423 > throttle2_pos: (none)
19:05:50.423 > startup_countdown: not started
19:05:50.423 > motor_control_message_pacing: started
19:05:50.925 > === ECU State ===
19:05:50.925 > car_fully_on: false
19:05:50.925 > start_switch_on: false
19:05:50.925 > brake_pressure: 1
19:05:50.925 > calculated_torque: 32
19:05:50.925 > throttle1_pos: (none)
19:05:50.925 > throttle2_pos: (none)
19:05:50.925 > startup_countdown: not started
19:05:50.925 > motor_control_message_pacing: started
19:05:51.424 > === ECU State ===
19:05:51.424 > car_fully_on: false
19:05:51.424 > start_switch_on: false
19:05:51.424 > brake_pressure: 1
19:05:51.424 > calculated_torque: 32
19:05:51.424 > throttle1_pos: (none)
19:05:51.424 > throttle2_pos: (none)
19:05:51.424 > startup_countdown: not started
19:05:51.424 > motor_control_message_pacing: started
19:05:51.925 > === ECU State ===
19:05:51.925 > car_fully_on: false
19:05:51.925 > start_switch_on: false
19:05:51.925 > brake_pressure: 1
19:05:51.925 > calculated_torque: 32
19:05:51.925 > throttle1_pos: (none)
19:05:51.925 > throttle2_pos: (none)
19:05:51.925 > startup_countdown: not started
19:05:51.925 > motor_control_message_pacing: started
19:05:52.425 > === ECU State ===
19:05:52.425 > car_fully_on: false
19:05:52.425 > start_switch_on: false
19:05:52.425 > brake_pressure: 1
19:05:52.425 > calculated_torque: 32
19:05:52.425 > throttle1_pos: (none)
19:05:52.425 > throttle2_pos: (none)
19:05:52.425 > startup_countdown: not started
19:05:52.425 > motor_control_message_pacing: started
19:05:52.924 > === ECU State ===
19:05:52.925 > car_fully_on: false
19:05:52.925 > start_switch_on: false
19:05:52.925 > brake_pressure: 1
19:05:52.925 > calculated_torque: 32
19:05:52.925 > throttle1_pos: (none)
19:05:52.925 > throttle2_pos: (none)
19:05:52.925 > startup_countdown: not started
19:05:52.925 > motor_control_message_pacing: started
19:05:53.420 > === ECU State ===
19:05:53.420 > car_fully_on: false
19:05:53.420 > start_switch_on: false
19:05:53.420 > brake_pressure: 1
19:05:53.420 > calculated_torque: 32
19:05:53.420 > throttle1_pos: (none)
19:05:53.420 > throttle2_pos: (none)
19:05:53.420 > startup_countdown: not started
19:05:53.420 > motor_control_message_pacing: started
19:05:53.925 > === ECU State ===
19:05:53.925 > car_fully_on: false
19:05:53.925 > start_switch_on: false
19:05:53.925 > brake_pressure: 1
19:05:53.925 > calculated_torque: 32
19:05:53.925 > throttle1_pos: (none)
19:05:53.925 > throttle2_pos: (none)
19:05:53.925 > startup_countdown: not started
19:05:53.925 > motor_control_message_pacing: started
19:05:54.417 > === ECU State ===
19:05:54.417 > car_fully_on: false
19:05:54.417 > start_switch_on: false
19:05:54.417 > brake_pressure: 1
19:05:54.417 > calculated_torque: 32
19:05:54.417 > throttle1_pos: (none)
19:05:54.417 > throttle2_pos: (none)
19:05:54.417 > startup_countdown: not started
19:05:54.417 > motor_control_message_pacing: started
19:05:54.917 > === ECU State ===
19:05:54.917 > car_fully_on: false
19:05:54.917 > start_switch_on: false
19:05:54.917 > brake_pressure: 1
19:05:54.917 > calculated_torque: 32
19:05:54.917 > throttle1_pos: (none)
19:05:54.917 > throttle2_pos: (none)
19:05:54.917 > startup_countdown: not started
19:05:54.917 > motor_control_message_pacing: started
19:05:55.424 > === ECU State ===
19:05:55.424 > car_fully_on: false
19:05:55.424 > start_switch_on: false
19:05:55.424 > brake_pressure: 0
19:05:55.424 > calculated_torque: 32
19:05:55.424 > throttle1_pos: (none)
19:05:55.424 > throttle2_pos: (none)
19:05:55.424 > startup_countdown: not started
19:05:55.424 > motor_control_message_pacing: started
19:05:55.923 > === ECU State ===
19:05:55.923 > car_fully_on: false
19:05:55.923 > start_switch_on: false
19:05:55.923 > brake_pressure: 1
19:05:55.923 > calculated_torque: 32
19:05:55.923 > throttle1_pos: (none)
19:05:55.923 > throttle2_pos: (none)
19:05:55.923 > startup_countdown: not started
19:05:55.923 > motor_control_message_pacing: started
19:05:56.422 > === ECU State ===
19:05:56.422 > car_fully_on: false
19:05:56.422 > start_switch_on: false
19:05:56.422 > brake_pressure: 1
19:05:56.422 > calculated_torque: 33
19:05:56.422 > throttle1_pos: (none)
19:05:56.422 > throttle2_pos: (none)
19:05:56.422 > startup_countdown: not started
19:05:56.422 > motor_control_message_pacing: started
19:05:56.923 > === ECU State ===
19:05:56.923 > car_fully_on: false
19:05:56.923 > start_switch_on: false
19:05:56.923 > brake_pressure: 0
19:05:56.923 > calculated_torque: 32
19:05:56.923 > throttle1_pos: (none)
19:05:56.923 > throttle2_pos: (none)
19:05:56.923 > startup_countdown: not started
19:05:56.923 > motor_control_message_pacing: started
19:05:57.422 > === ECU State ===
19:05:57.422 > car_fully_on: false
19:05:57.422 > start_switch_on: false
19:05:57.422 > brake_pressure: 1
19:05:57.422 > calculated_torque: 32
19:05:57.422 > throttle1_pos: (none)
19:05:57.422 > throttle2_pos: (none)
19:05:57.422 > startup_countdown: not started
19:05:57.422 > motor_control_message_pacing: started
19:05:57.921 > === ECU State ===
19:05:57.921 > car_fully_on: false
19:05:57.921 > start_switch_on: false
19:05:57.921 > brake_pressure: 1
19:05:57.921 > calculated_torque: 32
19:05:57.921 > throttle1_pos: (none)
19:05:57.921 > throttle2_pos: (none)
19:05:57.921 > startup_countdown: not started
19:05:57.921 > motor_control_message_pacing: started
19:05:58.424 > === ECU State ===
19:05:58.424 > car_fully_on: false
19:05:58.424 > start_switch_on: false
19:05:58.424 > brake_pressure: 1
19:05:58.424 > calculated_torque: 32
19:05:58.424 > throttle1_pos: (none)
19:05:58.424 > throttle2_pos: (none)
19:05:58.424 > startup_countdown: not started
19:05:58.424 > motor_control_message_pacing: started
19:05:58.916 > === ECU State ===
19:05:58.916 > car_fully_on: false
19:05:58.916 > start_switch_on: false
19:05:58.916 > brake_pressure: 1
19:05:58.916 > calculated_torque: 32
19:05:58.916 > throttle1_pos: (none)
19:05:58.916 > throttle2_pos: (none)
19:05:58.916 > startup_countdown: not started
19:05:58.916 > motor_control_message_pacing: started
19:05:59.419 > === ECU State ===
19:05:59.419 > car_fully_on: false
19:05:59.419 > start_switch_on: false
19:05:59.419 > brake_pressure: 1
19:05:59.419 > calculated_torque: 33
19:05:59.419 > throttle1_pos: (none)
19:05:59.419 > throttle2_pos: (none)
19:05:59.419 > startup_countdown: not started
19:05:59.419 > motor_control_message_pacing: started
19:05:59.925 > === ECU State ===
19:05:59.925 > car_fully_on: false
19:05:59.925 > start_switch_on: false
19:05:59.925 > brake_pressure: 1
19:05:59.925 > calculated_torque: 32
19:05:59.925 > throttle1_pos: (none)
19:05:59.925 > throttle2_pos: (none)
19:05:59.925 > startup_countdown: not started
19:05:59.925 > motor_control_message_pacing: started
19:06:00.417 > === ECU State ===
19:06:00.417 > car_fully_on: false
19:06:00.417 > start_switch_on: false
19:06:00.417 > brake_pressure: 1
19:06:00.417 > calculated_torque: 32
19:06:00.417 > throttle1_pos: (none)
19:06:00.417 > throttle2_pos: (none)
19:06:00.417 > startup_countdown: not started
19:06:00.417 > motor_control_message_pacing: started
19:06:00.922 > === ECU State ===
19:06:00.922 > car_fully_on: false
19:06:00.922 > start_switch_on: false
19:06:00.922 > brake_pressure: 1
19:06:00.922 > calculated_torque: 32
19:06:00.922 > throttle1_pos: (none)
19:06:00.922 > throttle2_pos: (none)
19:06:00.922 > startup_countdown: not started
19:06:00.922 > motor_control_message_pacing: started
19:06:01.425 > === ECU State ===
19:06:01.425 > car_fully_on: false
19:06:01.425 > start_switch_on: false
19:06:01.425 > brake_pressure: 1
19:06:01.425 > calculated_torque: 32
19:06:01.425 > throttle1_pos: (none)
19:06:01.425 > throttle2_pos: (none)
19:06:01.425 > startup_countdown: not started
19:06:01.425 > motor_control_message_pacing: started
19:06:01.913 > === ECU State ===
19:06:01.925 > car_fully_on: false
19:06:01.925 > start_switch_on: false
19:06:01.925 > brake_pressure: 1
19:06:01.925 > calculated_torque: 32
19:06:01.925 > throttle1_pos: (none)
19:06:01.925 > throttle2_pos: (none)
19:06:01.925 > startup_countdown: not started
19:06:01.925 > motor_control_message_pacing: started
19:06:02.421 > === ECU State ===
19:06:02.421 > car_fully_on: false
19:06:02.421 > start_switch_on: false
19:06:02.421 > brake_pressure: 1
19:06:02.421 > calculated_torque: 32
19:06:02.421 > throttle1_pos: (none)
19:06:02.421 > throttle2_pos: (none)
19:06:02.421 > startup_countdown: not started
19:06:02.421 > motor_control_message_pacing: started
19:06:02.924 > === ECU State ===
19:06:02.924 > car_fully_on: false
19:06:02.924 > start_switch_on: false
19:06:02.924 > brake_pressure: 1
19:06:02.924 > calculated_torque: 32
19:06:02.924 > throttle1_pos: (none)
19:06:02.924 > throttle2_pos: (none)
19:06:02.924 > startup_countdown: not started
19:06:02.924 > motor_control_message_pacing: started
19:06:03.424 > === ECU State ===
19:06:03.424 > car_fully_on: false
19:06:03.424 > start_switch_on: false
19:06:03.424 > brake_pressure: 1
19:06:03.424 > calculated_torque: 32
19:06:03.424 > throttle1_pos: (none)
19:06:03.424 > throttle2_pos: (none)
19:06:03.424 > startup_countdown: not started
19:06:03.424 > motor_control_message_pacing: started
19:06:03.924 > === ECU State ===
19:06:03.924 > car_fully_on: false
19:06:03.924 > start_switch_on: false
19:06:03.924 > brake_pressure: 0
19:06:03.924 > calculated_torque: 32
19:06:03.924 > throttle1_pos: (none)
19:06:03.924 > throttle2_pos: (none)
19:06:03.924 > startup_countdown: not started
19:06:03.924 > motor_control_message_pacing: started
19:06:04.425 > === ECU State ===
19:06:04.425 > car_fully_on: false
19:06:04.425 > start_switch_on: false
19:06:04.425 > brake_pressure: 1
19:06:04.425 > calculated_torque: 32
19:06:04.425 > throttle1_pos: (none)
19:06:04.425 > throttle2_pos: (none)
19:06:04.425 > startup_countdown: not started
19:06:04.425 > motor_control_message_pacing: started
19:06:04.925 > === ECU State ===
19:06:04.925 > car_fully_on: false
19:06:04.925 > start_switch_on: false
19:06:04.925 > brake_pressure: 1
19:06:04.925 > calculated_torque: 32
19:06:04.925 > throttle1_pos: (none)
19:06:04.925 > throttle2_pos: (none)
19:06:04.925 > startup_countdown: not started
19:06:04.925 > motor_control_message_pacing: started
19:06:05.420 > === ECU State ===
19:06:05.420 > car_fully_on: false
19:06:05.420 > start_switch_on: true
19:06:05.420 > brake_pressure: 1
19:06:05.420 > calculated_torque: 32
19:06:05.420 > throttle1_pos: (none)
19:06:05.420 > throttle2_pos: (none)
19:06:05.420 > startup_countdown: started
19:06:05.420 > motor_control_message_pacing: started
19:06:05.923 > === ECU State ===
19:06:05.923 > car_fully_on: false
19:06:05.923 > start_switch_on: true
19:06:05.923 > brake_pressure: 0
19:06:05.923 > calculated_torque: 32
19:06:05.923 > throttle1_pos: (none)
19:06:05.923 > throttle2_pos: (none)
19:06:05.923 > startup_countdown: started
19:06:05.923 > motor_control_message_pacing: started
19:06:06.421 > === ECU State ===
19:06:06.421 > car_fully_on: false
19:06:06.421 > start_switch_on: true
19:06:06.421 > brake_pressure: 1
19:06:06.421 > calculated_torque: 33
19:06:06.421 > throttle1_pos: (none)
19:06:06.421 > throttle2_pos: (none)
19:06:06.421 > startup_countdown: started
19:06:06.421 > motor_control_message_pacing: started
19:06:06.925 > === ECU State ===
19:06:06.925 > car_fully_on: false
19:06:06.925 > start_switch_on: true
19:06:06.925 > brake_pressure: 1
19:06:06.925 > calculated_torque: 32
19:06:06.925 > throttle1_pos: (none)
19:06:06.925 > throttle2_pos: (none)
19:06:06.925 > startup_countdown: started
19:06:06.925 > motor_control_message_pacing: started
19:06:07.422 > === ECU State ===
19:06:07.422 > car_fully_on: true
19:06:07.422 > start_switch_on: true
19:06:07.422 > brake_pressure: 1
19:06:07.422 > calculated_torque: 32
19:06:07.422 > throttle1_pos: (none)
19:06:07.422 > throttle2_pos: (none)
19:06:07.422 > startup_countdown: not started
19:06:07.422 > motor_control_message_pacing: started
19:06:07.918 > === ECU State ===
19:06:07.918 > car_fully_on: true
19:06:07.918 > start_switch_on: true
19:06:07.918 > brake_pressure: 3
19:06:07.918 > calculated_torque: 32
19:06:07.918 > throttle1_pos: (none)
19:06:07.918 > throttle2_pos: (none)
19:06:07.918 > startup_countdown: not started
19:06:07.918 > motor_control_message_pacing: started
19:06:08.423 > === ECU State ===
19:06:08.423 > car_fully_on: true
19:06:08.423 > start_switch_on: true
19:06:08.423 > brake_pressure: 23
19:06:08.423 > calculated_torque: 32
19:06:08.423 > throttle1_pos: (none)
19:06:08.423 > throttle2_pos: (none)
19:06:08.423 > startup_countdown: not started
19:06:08.423 > motor_control_message_pacing: started
19:06:08.925 > === ECU State ===
19:06:08.925 > car_fully_on: true
19:06:08.925 > start_switch_on: true
19:06:08.925 > brake_pressure: 19
19:06:08.925 > calculated_torque: 37
19:06:08.925 > throttle1_pos: (none)
19:06:08.925 > throttle2_pos: (none)
19:06:08.925 > startup_countdown: not started
19:06:08.925 > motor_control_message_pacing: started
19:06:09.423 > === ECU State ===
19:06:09.423 > car_fully_on: true
19:06:09.423 > start_switch_on: true
19:06:09.423 > brake_pressure: 14
19:06:09.423 > calculated_torque: 36
19:06:09.423 > throttle1_pos: (none)
19:06:09.423 > throttle2_pos: (none)
19:06:09.423 > startup_countdown: not started
19:06:09.423 > motor_control_message_pacing: started
19:06:09.916 > === ECU State ===
19:06:09.916 > car_fully_on: true
19:06:09.916 > start_switch_on: true
19:06:09.916 > brake_pressure: 2
19:06:09.916 > calculated_torque: 32
19:06:09.916 > throttle1_pos: (none)
19:06:09.916 > throttle2_pos: (none)
19:06:09.916 > startup_countdown: not started
19:06:09.916 > motor_control_message_pacing: started
19:06:10.412 > === ECU State ===
19:06:10.412 > car_fully_on: true
19:06:10.412 > start_switch_on: true
19:06:10.412 > brake_pressure: 1
19:06:10.412 > calculated_torque: 32
19:06:10.412 > throttle1_pos: (none)
19:06:10.412 > throttle2_pos: (none)
19:06:10.412 > startup_countdown: not started
19:06:10.412 > motor_control_message_pacing: started
19:06:10.920 > === ECU State ===
19:06:10.920 > car_fully_on: true
19:06:10.920 > start_switch_on: true
19:06:10.920 > brake_pressure: 1
19:06:10.920 > calculated_torque: 32
19:06:10.920 > throttle1_pos: (none)
19:06:10.920 > throttle2_pos: (none)
19:06:10.920 > startup_countdown: not started
19:06:10.920 > motor_control_message_pacing: started
19:06:11.416 > === ECU State ===
19:06:11.416 > car_fully_on: true
19:06:11.416 > start_switch_on: true
19:06:11.416 > brake_pressure: 0
19:06:11.416 > calculated_torque: 32
19:06:11.416 > throttle1_pos: (none)
19:06:11.416 > throttle2_pos: (none)
19:06:11.416 > startup_countdown: not started
19:06:11.416 > motor_control_message_pacing: started
19:06:11.924 > === ECU State ===
19:06:11.924 > car_fully_on: true
19:06:11.924 > start_switch_on: true
19:06:11.924 > brake_pressure: 9
19:06:11.924 > calculated_torque: 32
19:06:11.924 > throttle1_pos: (none)
19:06:11.924 > throttle2_pos: (none)
19:06:11.924 > startup_countdown: not started
19:06:11.924 > motor_control_message_pacing: started
19:06:12.425 > === ECU State ===
19:06:12.425 > car_fully_on: true
19:06:12.425 > start_switch_on: true
19:06:12.425 > brake_pressure: 18
19:06:12.425 > calculated_torque: 33
19:06:12.425 > throttle1_pos: (none)
19:06:12.425 > throttle2_pos: (none)
19:06:12.425 > startup_countdown: not started
19:06:12.425 > motor_control_message_pacing: started
19:06:12.923 > === ECU State ===
19:06:12.923 > car_fully_on: true
19:06:12.923 > start_switch_on: true
19:06:12.923 > brake_pressure: 21
19:06:12.923 > calculated_torque: 33
19:06:12.923 > throttle1_pos: (none)
19:06:12.923 > throttle2_pos: (none)
19:06:12.923 > startup_countdown: not started
19:06:12.923 > motor_control_message_pacing: started
19:06:13.416 > === ECU State ===
19:06:13.416 > car_fully_on: true
19:06:13.416 > start_switch_on: true
19:06:13.416 > brake_pressure: 38
19:06:13.416 > calculated_torque: 32
19:06:13.416 > throttle1_pos: (none)
19:06:13.416 > throttle2_pos: (none)
19:06:13.416 > startup_countdown: not started
19:06:13.416 > motor_control_message_pacing: started
19:06:13.923 > === ECU State ===
19:06:13.923 > car_fully_on: true
19:06:13.923 > start_switch_on: true
19:06:13.923 > brake_pressure: 13
19:06:13.923 > calculated_torque: 36
19:06:13.923 > throttle1_pos: (none)
19:06:13.923 > throttle2_pos: (none)
19:06:13.923 > startup_countdown: not started
19:06:13.923 > motor_control_message_pacing: started
19:06:14.420 > === ECU State ===
19:06:14.420 > car_fully_on: true
19:06:14.420 > start_switch_on: true
19:06:14.420 > brake_pressure: 30
19:06:14.420 > calculated_torque: 32
19:06:14.420 > throttle1_pos: (none)
19:06:14.420 > throttle2_pos: (none)
19:06:14.420 > startup_countdown: not started
19:06:14.420 > motor_control_message_pacing: started
19:06:14.925 > === ECU State ===
19:06:14.925 > car_fully_on: true
19:06:14.925 > start_switch_on: true
19:06:14.925 > brake_pressure: 68
19:06:14.925 > calculated_torque: 51
19:06:14.925 > throttle1_pos: (none)
19:06:14.925 > throttle2_pos: (none)
19:06:14.925 > startup_countdown: not started
19:06:14.925 > motor_control_message_pacing: started
19:06:15.414 > === ECU State ===
19:06:15.414 > car_fully_on: true
19:06:15.414 > start_switch_on: true
19:06:15.414 > brake_pressure: 0
19:06:15.414 > calculated_torque: 46
19:06:15.414 > throttle1_pos: (none)
19:06:15.414 > throttle2_pos: (none)
19:06:15.414 > startup_countdown: not started
19:06:15.414 > motor_control_message_pacing: started
19:06:15.916 > === ECU State ===
19:06:15.916 > car_fully_on: true
19:06:15.916 > start_switch_on: true
19:06:15.916 > brake_pressure: 39
19:06:15.916 > calculated_torque: 58
19:06:15.916 > throttle1_pos: (none)
19:06:15.916 > throttle2_pos: (none)
19:06:15.916 > startup_countdown: not started
19:06:15.916 > motor_control_message_pacing: started
19:06:16.423 > === ECU State ===
19:06:16.423 > car_fully_on: true
19:06:16.423 > start_switch_on: true
19:06:16.423 > brake_pressure: 1
19:06:16.423 > calculated_torque: 32
19:06:16.423 > throttle1_pos: (none)
19:06:16.423 > throttle2_pos: (none)
19:06:16.423 > startup_countdown: not started
19:06:16.423 > motor_control_message_pacing: started
19:06:16.911 > === ECU State ===
19:06:16.911 > car_fully_on: true
19:06:16.911 > start_switch_on: true
19:06:16.911 > brake_pressure: 1
19:06:16.911 > calculated_torque: 32
19:06:16.911 > throttle1_pos: (none)
19:06:16.911 > throttle2_pos: (none)
19:06:16.911 > startup_countdown: not started
19:06:16.911 > motor_control_message_pacing: started
19:06:17.419 > === ECU State ===
19:06:17.419 > car_fully_on: true
19:06:17.419 > start_switch_on: true
19:06:17.419 > brake_pressure: 1
19:06:17.419 > calculated_torque: 33
19:06:17.419 > throttle1_pos: (none)
19:06:17.419 > throttle2_pos: (none)
19:06:17.419 > startup_countdown: not started
19:06:17.419 > motor_control_message_pacing: started
19:06:17.921 > === ECU State ===
19:06:17.921 > car_fully_on: true
19:06:17.921 > start_switch_on: true
19:06:17.921 > brake_pressure: 1
19:06:17.921 > calculated_torque: 33
19:06:17.921 > throttle1_pos: (none)
19:06:17.921 > throttle2_pos: (none)
19:06:17.921 > startup_countdown: not started
19:06:17.921 > motor_control_message_pacing: started
19:06:18.416 > === ECU State ===
19:06:18.416 > car_fully_on: true
19:06:18.416 > start_switch_on: true
19:06:18.416 > brake_pressure: 1
19:06:18.416 > calculated_torque: 33
19:06:18.416 > throttle1_pos: (none)
19:06:18.416 > throttle2_pos: (none)
19:06:18.416 > startup_countdown: not started
19:06:18.416 > motor_control_message_pacing: started
19:06:18.924 > === ECU State ===
19:06:18.925 > car_fully_on: true
19:06:18.925 > start_switch_on: true
19:06:18.925 > brake_pressure: 3
19:06:18.925 > calculated_torque: 32
19:06:18.925 > throttle1_pos: (none)
19:06:18.925 > throttle2_pos: (none)
19:06:18.925 > startup_countdown: not started
19:06:18.925 > motor_control_message_pacing: started
19:06:19.417 > === ECU State ===
19:06:19.417 > car_fully_on: true
19:06:19.417 > start_switch_on: true
19:06:19.417 > brake_pressure: 1
19:06:19.417 > calculated_torque: 32
19:06:19.417 > throttle1_pos: (none)
19:06:19.417 > throttle2_pos: (none)
19:06:19.417 > startup_countdown: not started
19:06:19.417 > motor_control_message_pacing: started
19:06:19.922 > === ECU State ===
19:06:19.922 > car_fully_on: true
19:06:19.922 > start_switch_on: true
19:06:19.922 > brake_pressure: 58
19:06:19.922 > calculated_torque: 50
19:06:19.922 > throttle1_pos: (none)
19:06:19.922 > throttle2_pos: (none)
19:06:19.922 > startup_countdown: not started
19:06:19.922 > motor_control_message_pacing: started
19:06:20.425 > === ECU State ===
19:06:20.425 > car_fully_on: true
19:06:20.425 > start_switch_on: true
19:06:20.425 > brake_pressure: 37
19:06:20.425 > calculated_torque: 34
19:06:20.425 > throttle1_pos: (none)
19:06:20.425 > throttle2_pos: (none)
19:06:20.425 > startup_countdown: not started
19:06:20.425 > motor_control_message_pacing: started
19:06:20.925 > === ECU State ===
19:06:20.925 > car_fully_on: true
19:06:20.925 > start_switch_on: true
19:06:20.925 > brake_pressure: 44
19:06:20.925 > calculated_torque: 33
19:06:20.925 > throttle1_pos: (none)
19:06:20.925 > throttle2_pos: (none)
19:06:20.925 > startup_countdown: not started
19:06:20.925 > motor_control_message_pacing: started
19:06:21.422 > === ECU State ===
19:06:21.422 > car_fully_on: true
19:06:21.422 > start_switch_on: true
19:06:21.422 > brake_pressure: 35
19:06:21.422 > calculated_torque: 32
19:06:21.422 > throttle1_pos: (none)
19:06:21.422 > throttle2_pos: (none)
19:06:21.422 > startup_countdown: not started
19:06:21.422 > motor_control_message_pacing: started
19:06:21.921 > === ECU State ===
19:06:21.921 > car_fully_on: true
19:06:21.921 > start_switch_on: true
19:06:21.921 > brake_pressure: 56
19:06:21.921 > calculated_torque: 32
19:06:21.921 > throttle1_pos: (none)
19:06:21.921 > throttle2_pos: (none)
19:06:21.921 > startup_countdown: not started
19:06:21.921 > motor_control_message_pacing: started
19:06:22.423 > === ECU State ===
19:06:22.423 > car_fully_on: true
19:06:22.423 > start_switch_on: true
19:06:22.423 > brake_pressure: 39
19:06:22.423 > calculated_torque: 32
19:06:22.423 > throttle1_pos: (none)
19:06:22.423 > throttle2_pos: (none)
19:06:22.423 > startup_countdown: not started
19:06:22.423 > motor_control_message_pacing: started
19:06:22.924 > === ECU State ===
19:06:22.924 > car_fully_on: true
19:06:22.924 > start_switch_on: true
19:06:22.924 > brake_pressure: 75
19:06:22.924 > calculated_torque: 32
19:06:22.924 > throttle1_pos: (none)
19:06:22.924 > throttle2_pos: (none)
19:06:22.924 > startup_countdown: not started
19:06:22.924 > motor_control_message_pacing: started
19:06:23.422 > === ECU State ===
19:06:23.422 > car_fully_on: false
19:06:23.422 > start_switch_on: false
19:06:23.422 > brake_pressure: 1
19:06:23.422 > calculated_torque: 32
19:06:23.422 > throttle1_pos: (none)
19:06:23.422 > throttle2_pos: (none)
19:06:23.422 > startup_countdown: not started
19:06:23.422 > motor_control_message_pacing: started
19:06:23.922 > === ECU State ===
19:06:23.922 > car_fully_on: false
19:06:23.922 > start_switch_on: false
19:06:23.922 > brake_pressure: 1
19:06:23.922 > calculated_torque: 32
19:06:23.922 > throttle1_pos: (none)
19:06:23.922 > throttle2_pos: (none)
19:06:23.922 > startup_countdown: not started
19:06:23.922 > motor_control_message_pacing: started
19:06:24.417 > === ECU State ===
19:06:24.417 > car_fully_on: false
19:06:24.417 > start_switch_on: false
19:06:24.417 > brake_pressure: 1
19:06:24.417 > calculated_torque: 32
19:06:24.417 > throttle1_pos: (none)
19:06:24.417 > throttle2_pos: (none)
19:06:24.417 > startup_countdown: not started
19:06:24.417 > motor_control_message_pacing: started
19:06:24.917 > === ECU State ===
19:06:24.917 > car_fully_on: false
19:06:24.917 > start_switch_on: false
19:06:24.917 > brake_pressure: 0
19:06:24.917 > calculated_torque: 32
19:06:24.917 > throttle1_pos: (none)
19:06:24.917 > throttle2_pos: (none)
19:06:24.917 > startup_countdown: not started
19:06:24.917 > motor_control_message_pacing: started
19:06:25.425 > === ECU State ===
19:06:25.425 > car_fully_on: false
19:06:25.425 > start_switch_on: false
19:06:25.425 > brake_pressure: 1
19:06:25.425 > calculated_torque: 32
19:06:25.425 > throttle1_pos: (none)
19:06:25.425 > throttle2_pos: (none)
19:06:25.425 > startup_countdown: not started
19:06:25.425 > motor_control_message_pacing: started
19:06:25.924 > === ECU State ===
19:06:25.926 > car_fully_on: false
19:06:25.926 > start_switch_on: false
19:06:25.926 > brake_pressure: 1
19:06:25.926 > calculated_torque: 32
19:06:25.926 > throttle1_pos: (none)
19:06:25.926 > throttle2_pos: (none)
19:06:25.926 > startup_countdown: not started
19:06:25.926 > motor_control_message_pacing: started
19:06:26.424 > === ECU State ===
19:06:26.424 > car_fully_on: false
19:06:26.424 > start_switch_on: false
19:06:26.424 > brake_pressure: 1
19:06:26.424 > calculated_torque: 32
19:06:26.424 > throttle1_pos: (none)
19:06:26.424 > throttle2_pos: (none)
19:06:26.424 > startup_countdown: not started
19:06:26.424 > motor_control_message_pacing: started
19:06:26.915 > === ECU State ===
19:06:26.915 > car_fully_on: false
19:06:26.915 > start_switch_on: false
19:06:26.915 > brake_pressure: 1
19:06:26.915 > calculated_torque: 32
19:06:26.915 > throttle1_pos: (none)
19:06:26.915 > throttle2_pos: (none)
19:06:26.915 > startup_countdown: not started
19:06:26.915 > motor_control_message_pacing: started
19:06:27.421 > === ECU State ===
19:06:27.426 > car_fully_on: false
19:06:27.426 > start_switch_on: false
19:06:27.426 > brake_pressure: 1
19:06:27.426 > calculated_torque: 32
19:06:27.426 > throttle1_pos: (none)
19:06:27.426 > throttle2_pos: (none)
19:06:27.426 > startup_countdown: not started
19:06:27.426 > motor_control_message_pacing: started
19:06:27.918 > === ECU State ===
19:06:27.918 > car_fully_on: false
19:06:27.918 > start_switch_on: false
19:06:27.918 > brake_pressure: 1
19:06:27.918 > calculated_torque: 32
19:06:27.918 > throttle1_pos: (none)
19:06:27.918 > throttle2_pos: (none)
19:06:27.918 > startup_countdown: not started
19:06:27.918 > motor_control_message_pacing: started
19:06:28.421 > === ECU State ===
19:06:28.421 > car_fully_on: false
19:06:28.421 > start_switch_on: false
19:06:28.421 > brake_pressure: 1
19:06:28.421 > calculated_torque: 32
19:06:28.421 > throttle1_pos: (none)
19:06:28.421 > throttle2_pos: (none)
19:06:28.421 > startup_countdown: not started
19:06:28.421 > motor_control_message_pacing: started
19:06:28.922 > === ECU State ===
19:06:28.922 > car_fully_on: false
19:06:28.922 > start_switch_on: false
19:06:28.922 > brake_pressure: 1
19:06:28.922 > calculated_torque: 32
19:06:28.922 > throttle1_pos: (none)
19:06:28.922 > throttle2_pos: (none)
19:06:28.922 > startup_countdown: not started
19:06:28.922 > motor_control_message_pacing: started
19:06:29.412 > === ECU State ===
19:06:29.412 > car_fully_on: false
19:06:29.412 > start_switch_on: false
19:06:29.412 > brake_pressure: 2
19:06:29.412 > calculated_torque: 32
19:06:29.412 > throttle1_pos: (none)
19:06:29.412 > throttle2_pos: (none)
19:06:29.412 > startup_countdown: not started
19:06:29.412 > motor_control_message_pacing: started
19:06:29.924 > === ECU State ===
19:06:29.924 > car_fully_on: false
19:06:29.924 > start_switch_on: false
19:06:29.924 > brake_pressure: 1
19:06:29.924 > calculated_torque: 32
19:06:29.924 > throttle1_pos: (none)
19:06:29.924 > throttle2_pos: (none)
19:06:29.924 > startup_countdown: not started
19:06:29.924 > motor_control_message_pacing: started
19:06:30.416 > === ECU State ===
19:06:30.416 > car_fully_on: false
19:06:30.416 > start_switch_on: false
19:06:30.416 > brake_pressure: 1
19:06:30.416 > calculated_torque: 32
19:06:30.416 > throttle1_pos: (none)
19:06:30.416 > throttle2_pos: (none)
19:06:30.416 > startup_countdown: not started
19:06:30.416 > motor_control_message_pacing: started
19:06:30.924 > === ECU State ===
19:06:30.924 > car_fully_on: false
19:06:30.924 > start_switch_on: false
19:06:30.924 > brake_pressure: 1
19:06:30.924 > calculated_torque: 32
19:06:30.924 > throttle1_pos: (none)
19:06:30.924 > throttle2_pos: (none)
19:06:30.924 > startup_countdown: not started
19:06:30.924 > motor_control_message_pacing: started
19:06:31.421 > === ECU State ===
19:06:31.421 > car_fully_on: false
19:06:31.421 > start_switch_on: false
19:06:31.421 > brake_pressure: 1
19:06:31.421 > calculated_torque: 32
19:06:31.421 > throttle1_pos: (none)
19:06:31.421 > throttle2_pos: (none)
19:06:31.421 > startup_countdown: not started
19:06:31.421 > motor_control_message_pacing: started
19:06:31.917 > === ECU State ===
19:06:31.917 > car_fully_on: false
19:06:31.917 > start_switch_on: false
19:06:31.917 > brake_pressure: 1
19:06:31.917 > calculated_torque: 32
19:06:31.917 > throttle1_pos: (none)
19:06:31.917 > throttle2_pos: (none)
19:06:31.917 > startup_countdown: not started
19:06:31.917 > motor_control_message_pacing: started
19:06:32.424 > === ECU State ===
19:06:32.424 > car_fully_on: false
19:06:32.424 > start_switch_on: false
19:06:32.424 > brake_pressure: 0
19:06:32.424 > calculated_torque: 32
19:06:32.424 > throttle1_pos: (none)
19:06:32.424 > throttle2_pos: (none)
19:06:32.424 > startup_countdown: not started
19:06:32.424 > motor_control_message_pacing: started
19:06:32.912 > === ECU State ===
19:06:32.912 > car_fully_on: false
19:06:32.912 > start_switch_on: false
19:06:32.912 > brake_pressure: 2
19:06:32.912 > calculated_torque: 32
19:06:32.912 > throttle1_pos: (none)
19:06:32.912 > throttle2_pos: (none)
19:06:32.912 > startup_countdown: not started
19:06:32.912 > motor_control_message_pacing: started
19:06:33.424 > === ECU State ===
19:06:33.424 > car_fully_on: false
19:06:33.424 > start_switch_on: false
19:06:33.424 > brake_pressure: 1
19:06:33.424 > calculated_torque: 32
19:06:33.424 > throttle1_pos: (none)
19:06:33.424 > throttle2_pos: (none)
19:06:33.424 > startup_countdown: not started
19:06:33.424 > motor_control_message_pacing: started
19:06:33.922 > === ECU State ===
19:06:33.922 > car_fully_on: false
19:06:33.922 > start_switch_on: false
19:06:33.922 > brake_pressure: 1
19:06:33.922 > calculated_torque: 32
19:06:33.922 > throttle1_pos: (none)
19:06:33.922 > throttle2_pos: (none)
19:06:33.922 > startup_countdown: not started
19:06:33.922 > motor_control_message_pacing: started
19:06:34.422 > === ECU State ===
19:06:34.422 > car_fully_on: false
19:06:34.422 > start_switch_on: false
19:06:34.422 > brake_pressure: 0
19:06:34.422 > calculated_torque: 33
19:06:34.422 > throttle1_pos: (none)
19:06:34.422 > throttle2_pos: (none)
19:06:34.422 > startup_countdown: not started
19:06:34.422 > motor_control_message_pacing: started
19:06:34.915 > === ECU State ===
19:06:34.915 > car_fully_on: false
19:06:34.915 > start_switch_on: false
19:06:34.915 > brake_pressure: 0
19:06:34.915 > calculated_torque: 32
19:06:34.915 > throttle1_pos: (none)
19:06:34.915 > throttle2_pos: (none)
19:06:34.915 > startup_countdown: not started
19:06:34.915 > motor_control_message_pacing: started
19:06:35.424 > === ECU State ===
19:06:35.424 > car_fully_on: false
19:06:35.424 > start_switch_on: false
19:06:35.424 > brake_pressure: 1
19:06:35.424 > calculated_torque: 32
19:06:35.424 > throttle1_pos: (none)
19:06:35.424 > throttle2_pos: (none)
19:06:35.424 > startup_countdown: not started
19:06:35.424 > motor_control_message_pacing: started
19:06:35.922 > === ECU State ===
19:06:35.922 > car_fully_on: false
19:06:35.922 > start_switch_on: false
19:06:35.922 > brake_pressure: 1
19:06:35.922 > calculated_torque: 32
19:06:35.922 > throttle1_pos: (none)
19:06:35.922 > throttle2_pos: (none)
19:06:35.922 > startup_countdown: not started
19:06:35.922 > motor_control_message_pacing: started
19:06:36.416 > === ECU State ===
19:06:36.416 > car_fully_on: false
19:06:36.416 > start_switch_on: false
19:06:36.416 > brake_pressure: 2
19:06:36.416 > calculated_torque: 32
19:06:36.416 > throttle1_pos: (none)
19:06:36.416 > throttle2_pos: (none)
19:06:36.416 > startup_countdown: not started
19:06:36.416 > motor_control_message_pacing: started
19:06:36.918 > === ECU State ===
19:06:36.918 > car_fully_on: false
19:06:36.918 > start_switch_on: false
19:06:36.918 > brake_pressure: 0
19:06:36.918 > calculated_torque: 32
19:06:36.918 > throttle1_pos: (none)
19:06:36.918 > throttle2_pos: (none)
19:06:36.918 > startup_countdown: not started
19:06:36.918 > motor_control_message_pacing: started
19:06:37.414 > === ECU State ===
19:06:37.414 > car_fully_on: false
19:06:37.414 > start_switch_on: false
19:06:37.414 > brake_pressure: 2
19:06:37.414 > calculated_torque: 32
19:06:37.414 > throttle1_pos: (none)
19:06:37.414 > throttle2_pos: (none)
19:06:37.414 > startup_countdown: not started
19:06:37.414 > motor_control_message_pacing: started
19:06:37.915 > === ECU State ===
19:06:37.915 > car_fully_on: false
19:06:37.915 > start_switch_on: false
19:06:37.915 > brake_pressure: 1
19:06:37.915 > calculated_torque: 32
19:06:37.915 > throttle1_pos: (none)
19:06:37.915 > throttle2_pos: (none)
19:06:37.915 > startup_countdown: not started
19:06:37.915 > motor_control_message_pacing: started
19:06:38.424 > === ECU State ===
19:06:38.424 > car_fully_on: false
19:06:38.424 > start_switch_on: false
19:06:38.424 > brake_pressure: 0
19:06:38.424 > calculated_torque: 33
19:06:38.424 > throttle1_pos: (none)
19:06:38.424 > throttle2_pos: (none)
19:06:38.424 > startup_countdown: not started
19:06:38.424 > motor_control_message_pacing: started
19:06:38.925 > === ECU State ===
19:06:38.925 > car_fully_on: false
19:06:38.925 > start_switch_on: false
19:06:38.925 > brake_pressure: 1
19:06:38.925 > calculated_torque: 32
19:06:38.925 > throttle1_pos: (none)
19:06:38.925 > throttle2_pos: (none)
19:06:38.925 > startup_countdown: not started
19:06:38.925 > motor_control_message_pacing: started
19:06:39.424 > === ECU State ===
19:06:39.426 > car_fully_on: false
19:06:39.426 > start_switch_on: false
19:06:39.426 > brake_pressure: 1
19:06:39.426 > calculated_torque: 32
19:06:39.426 > throttle1_pos: (none)
19:06:39.426 > throttle2_pos: (none)
19:06:39.426 > startup_countdown: not started
19:06:39.426 > motor_control_message_pacing: started
19:06:39.924 > === ECU State ===
19:06:39.924 > car_fully_on: false
19:06:39.924 > start_switch_on: false
19:06:39.924 > brake_pressure: 1
19:06:39.924 > calculated_torque: 32
19:06:39.924 > throttle1_pos: (none)
19:06:39.924 > throttle2_pos: (none)
19:06:39.924 > startup_countdown: not started
19:06:39.924 > motor_control_message_pacing: started
19:06:40.412 > === ECU State ===
19:06:40.412 > car_fully_on: false
19:06:40.412 > start_switch_on: false
19:06:40.412 > brake_pressure: 1
19:06:40.412 > calculated_torque: 32
19:06:40.412 > throttle1_pos: (none)
19:06:40.412 > throttle2_pos: (none)
19:06:40.412 > startup_countdown: not started
19:06:40.412 > motor_control_message_pacing: started
19:06:40.919 > === ECU State ===
19:06:40.919 > car_fully_on: false
19:06:40.919 > start_switch_on: false
19:06:40.919 > brake_pressure: 2
19:06:40.919 > calculated_torque: 33
19:06:40.919 > throttle1_pos: (none)
19:06:40.919 > throttle2_pos: (none)
19:06:40.919 > startup_countdown: not started
19:06:40.919 > motor_control_message_pacing: started
19:06:41.424 > === ECU State ===
19:06:41.424 > car_fully_on: false
19:06:41.424 > start_switch_on: false
19:06:41.424 > brake_pressure: 1
19:06:41.424 > calculated_torque: 32
19:06:41.424 > throttle1_pos: (none)
19:06:41.424 > throttle2_pos: (none)
19:06:41.424 > startup_countdown: not started
19:06:41.424 > motor_control_message_pacing: started
19:06:41.922 > === ECU State ===
19:06:41.922 > car_fully_on: false
19:06:41.922 > start_switch_on: false
19:06:41.922 > brake_pressure: 2
19:06:41.922 > calculated_torque: 32
19:06:41.922 > throttle1_pos: (none)
19:06:41.922 > throttle2_pos: (none)
19:06:41.922 > startup_countdown: not started
19:06:41.922 > motor_control_message_pacing: started
19:06:42.422 > === ECU State ===
19:06:42.422 > car_fully_on: false
19:06:42.422 > start_switch_on: false
19:06:42.422 > brake_pressure: 2
19:06:42.422 > calculated_torque: 32
19:06:42.422 > throttle1_pos: (none)
19:06:42.422 > throttle2_pos: (none)
19:06:42.422 > startup_countdown: not started
19:06:42.422 > motor_control_message_pacing: started
19:06:42.925 > === ECU State ===
19:06:42.925 > car_fully_on: false
19:06:42.925 > start_switch_on: false
19:06:42.925 > brake_pressure: 1
19:06:42.925 > calculated_torque: 32
19:06:42.925 > throttle1_pos: (none)
19:06:42.925 > throttle2_pos: (none)
19:06:42.925 > startup_countdown: not started
19:06:42.925 > motor_control_message_pacing: started
19:06:43.422 > === ECU State ===
19:06:43.422 > car_fully_on: false
19:06:43.422 > start_switch_on: false
19:06:43.422 > brake_pressure: 0
19:06:43.422 > calculated_torque: 32
19:06:43.422 > throttle1_pos: (none)
19:06:43.422 > throttle2_pos: (none)
19:06:43.422 > startup_countdown: not started
19:06:43.422 > motor_control_message_pacing: started
19:06:43.922 > === ECU State ===
19:06:43.922 > car_fully_on: false
19:06:43.922 > start_switch_on: false
19:06:43.922 > brake_pressure: 1
19:06:43.922 > calculated_torque: 32
19:06:43.922 > throttle1_pos: (none)
19:06:43.922 > throttle2_pos: (none)
19:06:43.922 > startup_countdown: not started
19:06:43.922 > motor_control_message_pacing: started
19:06:44.419 > === ECU State ===
19:06:44.419 > car_fully_on: false
19:06:44.419 > start_switch_on: false
19:06:44.419 > brake_pressure: 1
19:06:44.419 > calculated_torque: 32
19:06:44.419 > throttle1_pos: (none)
19:06:44.419 > throttle2_pos: (none)
19:06:44.419 > startup_countdown: not started
19:06:44.419 > motor_control_message_pacing: started
19:06:44.924 > === ECU State ===
19:06:44.924 > car_fully_on: false
19:06:44.924 > start_switch_on: false
19:06:44.924 > brake_pressure: 1
19:06:44.924 > calculated_torque: 32
19:06:44.924 > throttle1_pos: (none)
19:06:44.924 > throttle2_pos: (none)
19:06:44.924 > startup_countdown: not started
19:06:44.924 > motor_control_message_pacing: started
19:06:45.412 > === ECU State ===
19:06:45.412 > car_fully_on: false
19:06:45.412 > start_switch_on: false
19:06:45.412 > brake_pressure: 2
19:06:45.412 > calculated_torque: 32
19:06:45.412 > throttle1_pos: (none)
19:06:45.412 > throttle2_pos: (none)
19:06:45.412 > startup_countdown: not started
19:06:45.412 > motor_control_message_pacing: started
19:06:45.920 > === ECU State ===
19:06:45.926 > car_fully_on: false
19:06:45.926 > start_switch_on: false
19:06:45.926 > brake_pressure: 1
19:06:45.926 > calculated_torque: 32
19:06:45.926 > throttle1_pos: (none)
19:06:45.926 > throttle2_pos: (none)
19:06:45.926 > startup_countdown: not started
19:06:45.926 > motor_control_message_pacing: started
19:06:46.413 > === ECU State ===
19:06:46.413 > car_fully_on: false
19:06:46.413 > start_switch_on: false
19:06:46.413 > brake_pressure: 1
19:06:46.413 > calculated_torque: 32
19:06:46.413 > throttle1_pos: (none)
19:06:46.413 > throttle2_pos: (none)
19:06:46.413 > startup_countdown: not started
19:06:46.413 > motor_control_message_pacing: started
19:06:46.922 > === ECU State ===
19:06:46.922 > car_fully_on: false
19:06:46.922 > start_switch_on: false
19:06:46.922 > brake_pressure: 1
19:06:46.922 > calculated_torque: 32
19:06:46.922 > throttle1_pos: (none)
19:06:46.922 > throttle2_pos: (none)
19:06:46.922 > startup_countdown: not started
19:06:46.922 > motor_control_message_pacing: started
19:06:47.424 > === ECU State ===
19:06:47.424 > car_fully_on: false
19:06:47.424 > start_switch_on: false
19:06:47.424 > brake_pressure: 1
19:06:47.424 > calculated_torque: 32
19:06:47.424 > throttle1_pos: (none)
19:06:47.424 > throttle2_pos: (none)
19:06:47.424 > startup_countdown: not started
19:06:47.424 > motor_control_message_pacing: started
19:06:47.924 > === ECU State ===
19:06:47.924 > car_fully_on: false
19:06:47.924 > start_switch_on: false
19:06:47.924 > brake_pressure: 1
19:06:47.924 > calculated_torque: 33
19:06:47.924 > throttle1_pos: (none)
19:06:47.924 > throttle2_pos: (none)
19:06:47.924 > startup_countdown: not started
19:06:47.924 > motor_control_message_pacing: started
19:06:48.421 > === ECU State ===
19:06:48.421 > car_fully_on: false
19:06:48.421 > start_switch_on: false
19:06:48.421 > brake_pressure: 1
19:06:48.421 > calculated_torque: 32
19:06:48.421 > throttle1_pos: (none)
19:06:48.421 > throttle2_pos: (none)
19:06:48.421 > startup_countdown: not started
19:06:48.421 > motor_control_message_pacing: started
19:06:48.924 > === ECU State ===
19:06:48.924 > car_fully_on: false
19:06:48.924 > start_switch_on: false
19:06:48.924 > brake_pressure: 0
19:06:48.924 > calculated_torque: 32
19:06:48.924 > throttle1_pos: (none)
19:06:48.924 > throttle2_pos: (none)
19:06:48.924 > startup_countdown: not started
19:06:48.924 > motor_control_message_pacing: started
19:06:49.412 > === ECU State ===
19:06:49.412 > car_fully_on: false
19:06:49.412 > start_switch_on: false
19:06:49.412 > brake_pressure: 1
19:06:49.412 > calculated_torque: 32
19:06:49.412 > throttle1_pos: (none)
19:06:49.412 > throttle2_pos: (none)
19:06:49.412 > startup_countdown: not started
19:06:49.412 > motor_control_message_pacing: started
19:06:49.917 > === ECU State ===
19:06:49.917 > car_fully_on: false
19:06:49.917 > start_switch_on: false
19:06:49.917 > brake_pressure: 1
19:06:49.917 > calculated_torque: 32
19:06:49.917 > throttle1_pos: (none)
19:06:49.917 > throttle2_pos: (none)
19:06:49.917 > startup_countdown: not started
19:06:49.917 > motor_control_message_pacing: started
19:06:50.421 > === ECU State ===
19:06:50.421 > car_fully_on: false
19:06:50.421 > start_switch_on: false
19:06:50.421 > brake_pressure: 1
19:06:50.421 > calculated_torque: 32
19:06:50.421 > throttle1_pos: (none)
19:06:50.421 > throttle2_pos: (none)
19:06:50.421 > startup_countdown: not started
19:06:50.421 > motor_control_message_pacing: started
19:06:50.917 > === ECU State ===
19:06:50.917 > car_fully_on: false
19:06:50.917 > start_switch_on: false
19:06:50.917 > brake_pressure: 1
19:06:50.917 > calculated_torque: 32
19:06:50.917 > throttle1_pos: (none)
19:06:50.917 > throttle2_pos: (none)
19:06:50.917 > startup_countdown: not started
19:06:50.917 > motor_control_message_pacing: started
19:06:51.415 > === ECU State ===
19:06:51.415 > car_fully_on: false
19:06:51.415 > start_switch_on: false
19:06:51.415 > brake_pressure: 1
19:06:51.415 > calculated_torque: 32
19:06:51.415 > throttle1_pos: (none)
19:06:51.415 > throttle2_pos: (none)
19:06:51.415 > startup_countdown: not started
19:06:51.415 > motor_control_message_pacing: started
19:06:51.923 > === ECU State ===
19:06:51.923 > car_fully_on: false
19:06:51.923 > start_switch_on: false
19:06:51.923 > brake_pressure: 1
19:06:51.923 > calculated_torque: 32
19:06:51.923 > throttle1_pos: (none)
19:06:51.923 > throttle2_pos: (none)
19:06:51.923 > startup_countdown: not started
19:06:51.923 > motor_control_message_pacing: started
19:06:52.422 > === ECU State ===
19:06:52.422 > car_fully_on: false
19:06:52.422 > start_switch_on: false
19:06:52.422 > brake_pressure: 1
19:06:52.422 > calculated_torque: 32
19:06:52.422 > throttle1_pos: (none)
19:06:52.422 > throttle2_pos: (none)
19:06:52.422 > startup_countdown: not started
19:06:52.422 > motor_control_message_pacing: started
19:06:52.917 > === ECU State ===
19:06:52.917 > car_fully_on: false
19:06:52.917 > start_switch_on: false
19:06:52.917 > brake_pressure: 1
19:06:52.917 > calculated_torque: 32
19:06:52.917 > throttle1_pos: (none)
19:06:52.917 > throttle2_pos: (none)
19:06:52.917 > startup_countdown: not started
19:06:52.917 > motor_control_message_pacing: started
19:06:53.417 > === ECU State ===
19:06:53.417 > car_fully_on: false
19:06:53.417 > start_switch_on: false
19:06:53.417 > brake_pressure: 1
19:06:53.417 > calculated_torque: 32
19:06:53.417 > throttle1_pos: (none)
19:06:53.417 > throttle2_pos: (none)
19:06:53.417 > startup_countdown: not started
19:06:53.417 > motor_control_message_pacing: started
19:06:53.925 > === ECU State ===
19:06:53.925 > car_fully_on: false
19:06:53.925 > start_switch_on: false
19:06:53.925 > brake_pressure: 1
19:06:53.925 > calculated_torque: 32
19:06:53.925 > throttle1_pos: (none)
19:06:53.925 > throttle2_pos: (none)
19:06:53.925 > startup_countdown: not started
19:06:53.925 > motor_control_message_pacing: started
19:06:54.426 > === ECU State ===
19:06:54.426 > car_fully_on: false
19:06:54.426 > start_switch_on: false
19:06:54.426 > brake_pressure: 1
19:06:54.426 > calculated_torque: 32
19:06:54.426 > throttle1_pos: (none)
19:06:54.426 > throttle2_pos: (none)
19:06:54.426 > startup_countdown: not started
19:06:54.426 > motor_control_message_pacing: started
19:06:54.920 > === ECU State ===
19:06:54.920 > car_fully_on: false
19:06:54.920 > start_switch_on: false
19:06:54.920 > brake_pressure: 2
19:06:54.920 > calculated_torque: 32
19:06:54.920 > throttle1_pos: (none)
19:06:54.920 > throttle2_pos: (none)
19:06:54.920 > startup_countdown: not started
19:06:54.920 > motor_control_message_pacing: started
19:06:55.416 > === ECU State ===
19:06:55.416 > car_fully_on: false
19:06:55.416 > start_switch_on: false
19:06:55.416 > brake_pressure: 1
19:06:55.416 > calculated_torque: 32
19:06:55.416 > throttle1_pos: (none)
19:06:55.416 > throttle2_pos: (none)
19:06:55.416 > startup_countdown: not started
19:06:55.416 > motor_control_message_pacing: started
19:06:55.924 > === ECU State ===
19:06:55.924 > car_fully_on: false
19:06:55.924 > start_switch_on: false
19:06:55.924 > brake_pressure: 1
19:06:55.924 > calculated_torque: 32
19:06:55.924 > throttle1_pos: (none)
19:06:55.924 > throttle2_pos: (none)
19:06:55.924 > startup_countdown: not started
19:06:55.924 > motor_control_message_pacing: started
19:06:56.419 > === ECU State ===
19:06:56.419 > car_fully_on: false
19:06:56.419 > start_switch_on: false
19:06:56.419 > brake_pressure: 1
19:06:56.419 > calculated_torque: 32
19:06:56.419 > throttle1_pos: (none)
19:06:56.419 > throttle2_pos: (none)
19:06:56.419 > startup_countdown: not started
19:06:56.419 > motor_control_message_pacing: started
19:06:56.916 > === ECU State ===
19:06:56.916 > car_fully_on: false
19:06:56.916 > start_switch_on: false
19:06:56.916 > brake_pressure: 2
19:06:56.916 > calculated_torque: 32
19:06:56.916 > throttle1_pos: (none)
19:06:56.916 > throttle2_pos: (none)
19:06:56.916 > startup_countdown: not started
19:06:56.916 > motor_control_message_pacing: started
19:06:57.423 > === ECU State ===
19:06:57.423 > car_fully_on: false
19:06:57.423 > start_switch_on: false
19:06:57.423 > brake_pressure: 1
19:06:57.423 > calculated_torque: 32
19:06:57.423 > throttle1_pos: (none)
19:06:57.423 > throttle2_pos: (none)
19:06:57.423 > startup_countdown: not started
19:06:57.423 > motor_control_message_pacing: started
19:06:57.916 > === ECU State ===
19:06:57.916 > car_fully_on: false
19:06:57.916 > start_switch_on: false
19:06:57.916 > brake_pressure: 1
19:06:57.916 > calculated_torque: 32
19:06:57.916 > throttle1_pos: (none)
19:06:57.916 > throttle2_pos: (none)
19:06:57.916 > startup_countdown: not started
19:06:57.916 > motor_control_message_pacing: started
19:06:58.421 > === ECU State ===
19:06:58.421 > car_fully_on: false
19:06:58.421 > start_switch_on: false
19:06:58.421 > brake_pressure: 1
19:06:58.421 > calculated_torque: 32
19:06:58.421 > throttle1_pos: (none)
19:06:58.421 > throttle2_pos: (none)
19:06:58.421 > startup_countdown: not started
19:06:58.421 > motor_control_message_pacing: started
19:06:58.924 > === ECU State ===
19:06:58.924 > car_fully_on: false
19:06:58.924 > start_switch_on: false
19:06:58.924 > brake_pressure: 1
19:06:58.924 > calculated_torque: 33
19:06:58.924 > throttle1_pos: (none)
19:06:58.924 > throttle2_pos: (none)
19:06:58.924 > startup_countdown: not started
19:06:58.924 > motor_control_message_pacing: started
19:06:59.416 > === ECU State ===
19:06:59.416 > car_fully_on: false
19:06:59.416 > start_switch_on: false
19:06:59.416 > brake_pressure: 1
19:06:59.416 > calculated_torque: 32
19:06:59.416 > throttle1_pos: (none)
19:06:59.416 > throttle2_pos: (none)
19:06:59.416 > startup_countdown: not started
19:06:59.416 > motor_control_message_pacing: started
19:06:59.912 > === ECU State ===
19:06:59.912 > car_fully_on: false
19:06:59.912 > start_switch_on: false
19:06:59.912 > brake_pressure: 0
19:06:59.912 > calculated_torque: 32
19:06:59.912 > throttle1_pos: (none)
19:06:59.912 > throttle2_pos: (none)
19:06:59.912 > startup_countdown: not started
19:06:59.912 > motor_control_message_pacing: started
19:07:00.415 > === ECU State ===
19:07:00.415 > car_fully_on: false
19:07:00.415 > start_switch_on: false
19:07:00.415 > brake_pressure: 1
19:07:00.415 > calculated_torque: 33
19:07:00.415 > throttle1_pos: (none)
19:07:00.415 > throttle2_pos: (none)
19:07:00.415 > startup_countdown: not started
19:07:00.415 > motor_control_message_pacing: started
19:07:00.917 > === ECU State ===
19:07:00.917 > car_fully_on: false
19:07:00.917 > start_switch_on: false
19:07:00.917 > brake_pressure: 1
19:07:00.917 > calculated_torque: 32
19:07:00.917 > throttle1_pos: (none)
19:07:00.917 > throttle2_pos: (none)
19:07:00.917 > startup_countdown: not started
19:07:00.917 > motor_control_message_pacing: started
19:07:01.422 > === ECU State ===
19:07:01.422 > car_fully_on: false
19:07:01.422 > start_switch_on: false
19:07:01.422 > brake_pressure: 1
19:07:01.422 > calculated_torque: 32
19:07:01.422 > throttle1_pos: (none)
19:07:01.422 > throttle2_pos: (none)
19:07:01.422 > startup_countdown: not started
19:07:01.422 > motor_control_message_pacing: started
19:07:01.922 > === ECU State ===
19:07:01.922 > car_fully_on: false
19:07:01.922 > start_switch_on: false
19:07:01.922 > brake_pressure: 1
19:07:01.922 > calculated_torque: 32
19:07:01.922 > throttle1_pos: (none)
19:07:01.922 > throttle2_pos: (none)
19:07:01.922 > startup_countdown: not started
19:07:01.922 > motor_control_message_pacing: started
19:07:02.421 > === ECU State ===
19:07:02.421 > car_fully_on: false
19:07:02.421 > start_switch_on: false
19:07:02.421 > brake_pressure: 2
19:07:02.421 > calculated_torque: 32
19:07:02.421 > throttle1_pos: (none)
19:07:02.421 > throttle2_pos: (none)
19:07:02.421 > startup_countdown: not started
19:07:02.421 > motor_control_message_pacing: started
19:07:02.922 > === ECU State ===
19:07:02.922 > car_fully_on: false
19:07:02.922 > start_switch_on: false
19:07:02.922 > brake_pressure: 1
19:07:02.922 > calculated_torque: 32
19:07:02.922 > throttle1_pos: (none)
19:07:02.922 > throttle2_pos: (none)
19:07:02.922 > startup_countdown: not started
19:07:02.922 > motor_control_message_pacing: started
19:07:03.417 > === ECU State ===
19:07:03.417 > car_fully_on: false
19:07:03.417 > start_switch_on: false
19:07:03.417 > brake_pressure: 1
19:07:03.417 > calculated_torque: 32
19:07:03.417 > throttle1_pos: (none)
19:07:03.417 > throttle2_pos: (none)
19:07:03.417 > startup_countdown: not started
19:07:03.417 > motor_control_message_pacing: started
19:07:03.919 > === ECU State ===
19:07:03.919 > car_fully_on: false
19:07:03.919 > start_switch_on: false
19:07:03.919 > brake_pressure: 1
19:07:03.919 > calculated_torque: 32
19:07:03.919 > throttle1_pos: (none)
19:07:03.919 > throttle2_pos: (none)
19:07:03.919 > startup_countdown: not started
19:07:03.919 > motor_control_message_pacing: started
19:07:04.412 > === ECU State ===
19:07:04.412 > car_fully_on: false
19:07:04.412 > start_switch_on: false
19:07:04.412 > brake_pressure: 2
19:07:04.412 > calculated_torque: 32
19:07:04.412 > throttle1_pos: (none)
19:07:04.412 > throttle2_pos: (none)
19:07:04.412 > startup_countdown: not started
19:07:04.412 > motor_control_message_pacing: started
19:07:04.916 > === ECU State ===
19:07:04.916 > car_fully_on: false
19:07:04.916 > start_switch_on: false
19:07:04.916 > brake_pressure: 2
19:07:04.916 > calculated_torque: 32
19:07:04.916 > throttle1_pos: (none)
19:07:04.916 > throttle2_pos: (none)
19:07:04.916 > startup_countdown: not started
19:07:04.916 > motor_control_message_pacing: started
19:07:05.423 > === ECU State ===
19:07:05.423 > car_fully_on: false
19:07:05.423 > start_switch_on: false
19:07:05.423 > brake_pressure: 1
19:07:05.423 > calculated_torque: 32
19:07:05.423 > throttle1_pos: (none)
19:07:05.423 > throttle2_pos: (none)
19:07:05.423 > startup_countdown: not started
19:07:05.423 > motor_control_message_pacing: started
19:07:05.917 > === ECU State ===
19:07:05.917 > car_fully_on: false
19:07:05.917 > start_switch_on: false
19:07:05.917 > brake_pressure: 0
19:07:05.917 > calculated_torque: 32
19:07:05.917 > throttle1_pos: (none)
19:07:05.917 > throttle2_pos: (none)
19:07:05.917 > startup_countdown: not started
19:07:05.917 > motor_control_message_pacing: started
19:07:06.415 > === ECU State ===
19:07:06.415 > car_fully_on: false
19:07:06.415 > start_switch_on: false
19:07:06.415 > brake_pressure: 1
19:07:06.415 > calculated_torque: 32
19:07:06.415 > throttle1_pos: (none)
19:07:06.415 > throttle2_pos: (none)
19:07:06.415 > startup_countdown: not started
19:07:06.415 > motor_control_message_pacing: started
19:07:06.913 > === ECU State ===
19:07:06.913 > car_fully_on: false
19:07:06.913 > start_switch_on: false
19:07:06.913 > brake_pressure: 1
19:07:06.913 > calculated_torque: 32
19:07:06.913 > throttle1_pos: (none)
19:07:06.913 > throttle2_pos: (none)
19:07:06.913 > startup_countdown: not started
19:07:06.913 > motor_control_message_pacing: started
19:07:07.423 > === ECU State ===
19:07:07.423 > car_fully_on: false
19:07:07.423 > start_switch_on: false
19:07:07.423 > brake_pressure: 2
19:07:07.423 > calculated_torque: 32
19:07:07.423 > throttle1_pos: (none)
19:07:07.423 > throttle2_pos: (none)
19:07:07.423 > startup_countdown: not started
19:07:07.423 > motor_control_message_pacing: started
19:07:07.919 > === ECU State ===
19:07:07.919 > car_fully_on: false
19:07:07.919 > start_switch_on: false
19:07:07.919 > brake_pressure: 1
19:07:07.919 > calculated_torque: 32
19:07:07.919 > throttle1_pos: (none)
19:07:07.919 > throttle2_pos: (none)
19:07:07.919 > startup_countdown: not started
19:07:07.919 > motor_control_message_pacing: started
19:07:08.422 > === ECU State ===
19:07:08.422 > car_fully_on: false
19:07:08.422 > start_switch_on: false
19:07:08.422 > brake_pressure: 2
19:07:08.422 > calculated_torque: 32
19:07:08.422 > throttle1_pos: (none)
19:07:08.422 > throttle2_pos: (none)
19:07:08.422 > startup_countdown: not started
19:07:08.422 > motor_control_message_pacing: started
19:07:08.919 > === ECU State ===
19:07:08.919 > car_fully_on: false
19:07:08.919 > start_switch_on: false
19:07:08.919 > brake_pressure: 1
19:07:08.919 > calculated_torque: 32
19:07:08.919 > throttle1_pos: (none)
19:07:08.919 > throttle2_pos: (none)
19:07:08.919 > startup_countdown: not started
19:07:08.919 > motor_control_message_pacing: started
19:07:09.416 > === ECU State ===
19:07:09.416 > car_fully_on: false
19:07:09.416 > start_switch_on: false
19:07:09.416 > brake_pressure: 0
19:07:09.416 > calculated_torque: 32
19:07:09.416 > throttle1_pos: (none)
19:07:09.416 > throttle2_pos: (none)
19:07:09.416 > startup_countdown: not started
19:07:09.416 > motor_control_message_pacing: started
19:07:09.921 > === ECU State ===
19:07:09.921 > car_fully_on: false
19:07:09.921 > start_switch_on: false
19:07:09.921 > brake_pressure: 1
19:07:09.921 > calculated_torque: 33
19:07:09.921 > throttle1_pos: (none)
19:07:09.921 > throttle2_pos: (none)
19:07:09.921 > startup_countdown: not started
19:07:09.921 > motor_control_message_pacing: started
19:07:10.425 > === ECU State ===
19:07:10.425 > car_fully_on: false
19:07:10.425 > start_switch_on: false
19:07:10.425 > brake_pressure: 2
19:07:10.425 > calculated_torque: 32
19:07:10.425 > throttle1_pos: (none)
19:07:10.425 > throttle2_pos: (none)
19:07:10.425 > startup_countdown: not started
19:07:10.425 > motor_control_message_pacing: started
19:07:10.921 > === ECU State ===
19:07:10.921 > car_fully_on: false
19:07:10.921 > start_switch_on: false
19:07:10.921 > brake_pressure: 1
19:07:10.921 > calculated_torque: 32
19:07:10.921 > throttle1_pos: (none)
19:07:10.921 > throttle2_pos: (none)
19:07:10.921 > startup_countdown: not started
19:07:10.921 > motor_control_message_pacing: started
19:07:11.424 > === ECU State ===
19:07:11.424 > car_fully_on: false
19:07:11.424 > start_switch_on: false
19:07:11.424 > brake_pressure: 1
19:07:11.424 > calculated_torque: 32
19:07:11.424 > throttle1_pos: (none)
19:07:11.424 > throttle2_pos: (none)
19:07:11.424 > startup_countdown: not started
19:07:11.424 > motor_control_message_pacing: started
19:07:11.926 > === ECU State ===
19:07:11.926 > car_fully_on: false
19:07:11.926 > start_switch_on: false
19:07:11.926 > brake_pressure: 1
19:07:11.926 > calculated_torque: 33
19:07:11.926 > throttle1_pos: (none)
19:07:11.926 > throttle2_pos: (none)
19:07:11.926 > startup_countdown: not started
19:07:11.926 > motor_control_message_pacing: started
19:07:12.416 > === ECU State ===
19:07:12.416 > car_fully_on: false
19:07:12.416 > start_switch_on: false
19:07:12.416 > brake_pressure: 1
19:07:12.416 > calculated_torque: 32
19:07:12.416 > throttle1_pos: (none)
19:07:12.416 > throttle2_pos: (none)
19:07:12.416 > startup_countdown: not started
19:07:12.416 > motor_control_message_pacing: started
19:07:12.926 > === ECU State ===
19:07:12.926 > car_fully_on: false
19:07:12.926 > start_switch_on: false
19:07:12.926 > brake_pressure: 2
19:07:12.926 > calculated_torque: 32
19:07:12.926 > throttle1_pos: (none)
19:07:12.926 > throttle2_pos: (none)
19:07:12.926 > startup_countdown: not started
19:07:12.926 > motor_control_message_pacing: started
19:07:13.415 > === ECU State ===
19:07:13.415 > car_fully_on: false
19:07:13.415 > start_switch_on: false
19:07:13.415 > brake_pressure: 1
19:07:13.415 > calculated_torque: 32
19:07:13.415 > throttle1_pos: (none)
19:07:13.415 > throttle2_pos: (none)
19:07:13.415 > startup_countdown: not started
19:07:13.415 > motor_control_message_pacing: started
19:07:13.924 > === ECU State ===
19:07:13.924 > car_fully_on: false
19:07:13.924 > start_switch_on: false
19:07:13.924 > brake_pressure: 1
19:07:13.924 > calculated_torque: 33
19:07:13.924 > throttle1_pos: (none)
19:07:13.924 > throttle2_pos: (none)
19:07:13.924 > startup_countdown: not started
19:07:13.924 > motor_control_message_pacing: started
19:07:14.422 > === ECU State ===
19:07:14.422 > car_fully_on: false
19:07:14.422 > start_switch_on: false
19:07:14.422 > brake_pressure: 2
19:07:14.422 > calculated_torque: 32
19:07:14.422 > throttle1_pos: (none)
19:07:14.422 > throttle2_pos: (none)
19:07:14.422 > startup_countdown: not started
19:07:14.422 > motor_control_message_pacing: started
19:07:14.923 > === ECU State ===
19:07:14.923 > car_fully_on: false
19:07:14.923 > start_switch_on: false
19:07:14.923 > brake_pressure: 3
19:07:14.923 > calculated_torque: 32
19:07:14.923 > throttle1_pos: (none)
19:07:14.923 > throttle2_pos: (none)
19:07:14.923 > startup_countdown: not started
19:07:14.923 > motor_control_message_pacing: started
19:07:15.426 > === ECU State ===
19:07:15.426 > car_fully_on: false
19:07:15.426 > start_switch_on: false
19:07:15.426 > brake_pressure: 0
19:07:15.426 > calculated_torque: 32
19:07:15.426 > throttle1_pos: (none)
19:07:15.426 > throttle2_pos: (none)
19:07:15.426 > startup_countdown: not started
19:07:15.426 > motor_control_message_pacing: started
19:07:15.921 > === ECU State ===
19:07:15.921 > car_fully_on: false
19:07:15.921 > start_switch_on: false
19:07:15.921 > brake_pressure: 1
19:07:15.921 > calculated_torque: 33
19:07:15.921 > throttle1_pos: (none)
19:07:15.921 > throttle2_pos: (none)
19:07:15.921 > startup_countdown: not started
19:07:15.921 > motor_control_message_pacing: started
19:07:16.422 > === ECU State ===
19:07:16.422 > car_fully_on: false
19:07:16.422 > start_switch_on: false
19:07:16.422 > brake_pressure: 2
19:07:16.422 > calculated_torque: 32
19:07:16.422 > throttle1_pos: (none)
19:07:16.422 > throttle2_pos: (none)
19:07:16.422 > startup_countdown: not started
19:07:16.422 > motor_control_message_pacing: started
19:07:16.917 > === ECU State ===
19:07:16.917 > car_fully_on: false
19:07:16.917 > start_switch_on: false
19:07:16.917 > brake_pressure: 1
19:07:16.917 > calculated_torque: 32
19:07:16.917 > throttle1_pos: (none)
19:07:16.917 > throttle2_pos: (none)
19:07:16.917 > startup_countdown: not started
19:07:16.917 > motor_control_message_pacing: started
19:07:17.423 > === ECU State ===
19:07:17.423 > car_fully_on: false
19:07:17.423 > start_switch_on: false
19:07:17.423 > brake_pressure: 1
19:07:17.423 > calculated_torque: 32
19:07:17.423 > throttle1_pos: (none)
19:07:17.423 > throttle2_pos: (none)
19:07:17.423 > startup_countdown: not started
19:07:17.423 > motor_control_message_pacing: started
19:07:17.914 > === ECU State ===
19:07:17.914 > car_fully_on: false
19:07:17.914 > start_switch_on: false
19:07:17.914 > brake_pressure: 1
19:07:17.914 > calculated_torque: 32
19:07:17.914 > throttle1_pos: (none)
19:07:17.914 > throttle2_pos: (none)
19:07:17.914 > startup_countdown: not started
19:07:17.914 > motor_control_message_pacing: started
19:07:18.424 > === ECU State ===
19:07:18.424 > car_fully_on: false
19:07:18.424 > start_switch_on: false
19:07:18.424 > brake_pressure: 0
19:07:18.424 > calculated_torque: 32
19:07:18.424 > throttle1_pos: (none)
19:07:18.424 > throttle2_pos: (none)
19:07:18.424 > startup_countdown: not started
19:07:18.424 > motor_control_message_pacing: started
19:07:18.916 > === ECU State ===
19:07:18.916 > car_fully_on: false
19:07:18.916 > start_switch_on: false
19:07:18.916 > brake_pressure: 2
19:07:18.916 > calculated_torque: 32
19:07:18.916 > throttle1_pos: (none)
19:07:18.916 > throttle2_pos: (none)
19:07:18.916 > startup_countdown: not started
19:07:18.916 > motor_control_message_pacing: started
19:07:19.421 > === ECU State ===
19:07:19.421 > car_fully_on: false
19:07:19.421 > start_switch_on: false
19:07:19.421 > brake_pressure: 0
19:07:19.421 > calculated_torque: 33
19:07:19.421 > throttle1_pos: (none)
19:07:19.421 > throttle2_pos: (none)
19:07:19.421 > startup_countdown: not started
19:07:19.421 > motor_control_message_pacing: started
19:07:19.919 > === ECU State ===
19:07:19.919 > car_fully_on: false
19:07:19.919 > start_switch_on: false
19:07:19.919 > brake_pressure: 1
19:07:19.919 > calculated_torque: 33
19:07:19.919 > throttle1_pos: (none)
19:07:19.919 > throttle2_pos: (none)
19:07:19.919 > startup_countdown: not started
19:07:19.919 > motor_control_message_pacing: started
19:07:20.426 > === ECU State ===
19:07:20.426 > car_fully_on: false
19:07:20.426 > start_switch_on: false
19:07:20.426 > brake_pressure: 1
19:07:20.426 > calculated_torque: 32
19:07:20.426 > throttle1_pos: (none)
19:07:20.426 > throttle2_pos: (none)
19:07:20.426 > startup_countdown: not started
19:07:20.426 > motor_control_message_pacing: started
19:07:20.922 > === ECU State ===
19:07:20.922 > car_fully_on: false
19:07:20.922 > start_switch_on: false
19:07:20.922 > brake_pressure: 1
19:07:20.922 > calculated_torque: 32
19:07:20.922 > throttle1_pos: (none)
19:07:20.922 > throttle2_pos: (none)
19:07:20.922 > startup_countdown: not started
19:07:20.922 > motor_control_message_pacing: started
19:07:21.412 > === ECU State ===
19:07:21.412 > car_fully_on: false
19:07:21.412 > start_switch_on: false
19:07:21.412 > brake_pressure: 0
19:07:21.412 > calculated_torque: 32
19:07:21.412 > throttle1_pos: (none)
19:07:21.412 > throttle2_pos: (none)
19:07:21.412 > startup_countdown: not started
19:07:21.412 > motor_control_message_pacing: started
19:07:21.916 > === ECU State ===
19:07:21.916 > car_fully_on: false
19:07:21.916 > start_switch_on: false
19:07:21.916 > brake_pressure: 1
19:07:21.916 > calculated_torque: 33
19:07:21.916 > throttle1_pos: (none)
19:07:21.916 > throttle2_pos: (none)
19:07:21.916 > startup_countdown: not started
19:07:21.916 > motor_control_message_pacing: started
19:07:22.423 > === ECU State ===
19:07:22.423 > car_fully_on: false
19:07:22.423 > start_switch_on: false
19:07:22.423 > brake_pressure: 1
19:07:22.423 > calculated_torque: 32
19:07:22.423 > throttle1_pos: (none)
19:07:22.423 > throttle2_pos: (none)
19:07:22.423 > startup_countdown: not started
19:07:22.423 > motor_control_message_pacing: started
19:07:22.924 > === ECU State ===
19:07:22.924 > car_fully_on: false
19:07:22.924 > start_switch_on: false
19:07:22.924 > brake_pressure: 1
19:07:22.924 > calculated_torque: 32
19:07:22.924 > throttle1_pos: (none)
19:07:22.924 > throttle2_pos: (none)
19:07:22.924 > startup_countdown: not started
19:07:22.924 > motor_control_message_pacing: started
19:07:23.421 > === ECU State ===
19:07:23.421 > car_fully_on: false
19:07:23.421 > start_switch_on: false
19:07:23.421 > brake_pressure: 1
19:07:23.421 > calculated_torque: 32
19:07:23.421 > throttle1_pos: (none)
19:07:23.421 > throttle2_pos: (none)
19:07:23.421 > startup_countdown: not started
19:07:23.421 > motor_control_message_pacing: started
19:07:23.923 > === ECU State ===
19:07:23.923 > car_fully_on: false
19:07:23.923 > start_switch_on: false
19:07:23.923 > brake_pressure: 2
19:07:23.923 > calculated_torque: 32
19:07:23.923 > throttle1_pos: (none)
19:07:23.923 > throttle2_pos: (none)
19:07:23.923 > startup_countdown: not started
19:07:23.923 > motor_control_message_pacing: started
19:07:24.416 > === ECU State ===
19:07:24.416 > car_fully_on: false
19:07:24.416 > start_switch_on: false
19:07:24.416 > brake_pressure: 0
19:07:24.416 > calculated_torque: 32
19:07:24.416 > throttle1_pos: (none)
19:07:24.416 > throttle2_pos: (none)
19:07:24.416 > startup_countdown: not started
19:07:24.416 > motor_control_message_pacing: started
19:07:24.916 > === ECU State ===
19:07:24.916 > car_fully_on: false
19:07:24.916 > start_switch_on: false
19:07:24.916 > brake_pressure: 1
19:07:24.916 > calculated_torque: 32
19:07:24.916 > throttle1_pos: (none)
19:07:24.916 > throttle2_pos: (none)
19:07:24.916 > startup_countdown: not started
19:07:24.916 > motor_control_message_pacing: started
19:07:25.421 > === ECU State ===
19:07:25.421 > car_fully_on: false
19:07:25.421 > start_switch_on: false
19:07:25.421 > brake_pressure: 1
19:07:25.421 > calculated_torque: 32
19:07:25.421 > throttle1_pos: (none)
19:07:25.421 > throttle2_pos: (none)
19:07:25.421 > startup_countdown: not started
19:07:25.421 > motor_control_message_pacing: started
19:07:25.920 > === ECU State ===
19:07:25.920 > car_fully_on: false
19:07:25.920 > start_switch_on: false
19:07:25.920 > brake_pressure: 0
19:07:25.920 > calculated_torque: 32
19:07:25.920 > throttle1_pos: (none)
19:07:25.920 > throttle2_pos: (none)
19:07:25.920 > startup_countdown: not started
19:07:25.920 > motor_control_message_pacing: started
19:07:26.422 > === ECU State ===
19:07:26.422 > car_fully_on: false
19:07:26.422 > start_switch_on: false
19:07:26.422 > brake_pressure: 2
19:07:26.422 > calculated_torque: 32
19:07:26.422 > throttle1_pos: (none)
19:07:26.422 > throttle2_pos: (none)
19:07:26.422 > startup_countdown: not started
19:07:26.422 > motor_control_message_pacing: started
19:07:26.921 > === ECU State ===
19:07:26.921 > car_fully_on: false
19:07:26.921 > start_switch_on: false
19:07:26.921 > brake_pressure: 1
19:07:26.921 > calculated_torque: 32
19:07:26.921 > throttle1_pos: (none)
19:07:26.921 > throttle2_pos: (none)
19:07:26.921 > startup_countdown: not started
19:07:26.921 > motor_control_message_pacing: started
19:07:27.421 > === ECU State ===
19:07:27.421 > car_fully_on: false
19:07:27.421 > start_switch_on: false
19:07:27.421 > brake_pressure: 0
19:07:27.421 > calculated_torque: 32
19:07:27.421 > throttle1_pos: (none)
19:07:27.421 > throttle2_pos: (none)
19:07:27.421 > startup_countdown: not started
19:07:27.421 > motor_control_message_pacing: started
19:07:27.921 > === ECU State ===
19:07:27.921 > car_fully_on: false
19:07:27.921 > start_switch_on: false
19:07:27.921 > brake_pressure: 1
19:07:27.921 > calculated_torque: 32
19:07:27.921 > throttle1_pos: (none)
19:07:27.921 > throttle2_pos: (none)
19:07:27.921 > startup_countdown: not started
19:07:27.921 > motor_control_message_pacing: started
19:07:28.423 > === ECU State ===
19:07:28.423 > car_fully_on: false
19:07:28.423 > start_switch_on: false
19:07:28.423 > brake_pressure: 1
19:07:28.423 > calculated_torque: 32
19:07:28.423 > throttle1_pos: (none)
19:07:28.423 > throttle2_pos: (none)
19:07:28.423 > startup_countdown: not started
19:07:28.423 > motor_control_message_pacing: started
19:07:28.920 > === ECU State ===
19:07:28.920 > car_fully_on: false
19:07:28.920 > start_switch_on: false
19:07:28.920 > brake_pressure: 1
19:07:28.920 > calculated_torque: 32
19:07:28.920 > throttle1_pos: (none)
19:07:28.920 > throttle2_pos: (none)
19:07:28.920 > startup_countdown: not started
19:07:28.920 > motor_control_message_pacing: started
19:07:29.425 > === ECU State ===
19:07:29.425 > car_fully_on: false
19:07:29.425 > start_switch_on: false
19:07:29.425 > brake_pressure: 1
19:07:29.425 > calculated_torque: 32
19:07:29.425 > throttle1_pos: (none)
19:07:29.425 > throttle2_pos: (none)
19:07:29.425 > startup_countdown: not started
19:07:29.425 > motor_control_message_pacing: started
19:07:29.918 > === ECU State ===
19:07:29.918 > car_fully_on: false
19:07:29.918 > start_switch_on: false
19:07:29.918 > brake_pressure: 1
19:07:29.918 > calculated_torque: 32
19:07:29.918 > throttle1_pos: (none)
19:07:29.918 > throttle2_pos: (none)
19:07:29.918 > startup_countdown: not started
19:07:29.918 > motor_control_message_pacing: started
19:07:30.421 > === ECU State ===
19:07:30.421 > car_fully_on: false
19:07:30.421 > start_switch_on: false
19:07:30.421 > brake_pressure: 0
19:07:30.421 > calculated_torque: 32
19:07:30.421 > throttle1_pos: (none)
19:07:30.421 > throttle2_pos: (none)
19:07:30.421 > startup_countdown: not started
19:07:30.421 > motor_control_message_pacing: started
19:07:30.921 > === ECU State ===
19:07:30.921 > car_fully_on: false
19:07:30.921 > start_switch_on: false
19:07:30.921 > brake_pressure: 0
19:07:30.921 > calculated_torque: 32
19:07:30.921 > throttle1_pos: (none)
19:07:30.921 > throttle2_pos: (none)
19:07:30.921 > startup_countdown: not started
19:07:30.921 > motor_control_message_pacing: started
19:07:31.421 > === ECU State ===
19:07:31.421 > car_fully_on: false
19:07:31.421 > start_switch_on: false
19:07:31.421 > brake_pressure: 1
19:07:31.421 > calculated_torque: 32
19:07:31.421 > throttle1_pos: (none)
19:07:31.421 > throttle2_pos: (none)
19:07:31.421 > startup_countdown: not started
19:07:31.421 > motor_control_message_pacing: started
19:07:31.914 > === ECU State ===
19:07:31.914 > car_fully_on: false
19:07:31.914 > start_switch_on: false
19:07:31.914 > brake_pressure: 1
19:07:31.914 > calculated_torque: 32
19:07:31.914 > throttle1_pos: (none)
19:07:31.914 > throttle2_pos: (none)
19:07:31.914 > startup_countdown: not started
19:07:31.914 > motor_control_message_pacing: started
19:07:32.420 > === ECU State ===
19:07:32.420 > car_fully_on: false
19:07:32.420 > start_switch_on: false
19:07:32.420 > brake_pressure: 1
19:07:32.420 > calculated_torque: 32
19:07:32.420 > throttle1_pos: (none)
19:07:32.420 > throttle2_pos: (none)
19:07:32.420 > startup_countdown: not started
19:07:32.420 > motor_control_message_pacing: started
19:07:32.918 > === ECU State ===
19:07:32.918 > car_fully_on: false
19:07:32.918 > start_switch_on: false
19:07:32.918 > brake_pressure: 2
19:07:32.918 > calculated_torque: 32
19:07:32.918 > throttle1_pos: (none)
19:07:32.918 > throttle2_pos: (none)
19:07:32.918 > startup_countdown: not started
19:07:32.918 > motor_control_message_pacing: started
19:07:33.421 > === ECU State ===
19:07:33.421 > car_fully_on: false
19:07:33.421 > start_switch_on: false
19:07:33.421 > brake_pressure: 1
19:07:33.421 > calculated_torque: 32
19:07:33.421 > throttle1_pos: (none)
19:07:33.421 > throttle2_pos: (none)
19:07:33.421 > startup_countdown: not started
19:07:33.421 > motor_control_message_pacing: started
19:07:33.922 > === ECU State ===
19:07:33.922 > car_fully_on: false
19:07:33.922 > start_switch_on: false
19:07:33.922 > brake_pressure: 1
19:07:33.922 > calculated_torque: 33
19:07:33.922 > throttle1_pos: (none)
19:07:33.922 > throttle2_pos: (none)
19:07:33.922 > startup_countdown: not started
19:07:33.922 > motor_control_message_pacing: started
19:07:34.415 > === ECU State ===
19:07:34.415 > car_fully_on: false
19:07:34.415 > start_switch_on: false
19:07:34.415 > brake_pressure: 2
19:07:34.415 > calculated_torque: 32
19:07:34.415 > throttle1_pos: (none)
19:07:34.415 > throttle2_pos: (none)
19:07:34.415 > startup_countdown: not started
19:07:34.415 > motor_control_message_pacing: started
19:07:34.921 > === ECU State ===
19:07:34.921 > car_fully_on: false
19:07:34.921 > start_switch_on: false
19:07:34.921 > brake_pressure: 4
19:07:34.921 > calculated_torque: 32
19:07:34.921 > throttle1_pos: (none)
19:07:34.921 > throttle2_pos: (none)
19:07:34.921 > startup_countdown: not started
19:07:34.921 > motor_control_message_pacing: started
19:07:35.418 > === ECU State ===
19:07:35.418 > car_fully_on: false
19:07:35.418 > start_switch_on: false
19:07:35.418 > brake_pressure: 1
19:07:35.418 > calculated_torque: 32
19:07:35.418 > throttle1_pos: (none)
19:07:35.418 > throttle2_pos: (none)
19:07:35.418 > startup_countdown: not started
19:07:35.418 > motor_control_message_pacing: started
19:07:35.923 > === ECU State ===
19:07:35.923 > car_fully_on: false
19:07:35.923 > start_switch_on: false
19:07:35.923 > brake_pressure: 1
19:07:35.923 > calculated_torque: 32
19:07:35.923 > throttle1_pos: (none)
19:07:35.923 > throttle2_pos: (none)
19:07:35.923 > startup_countdown: not started
19:07:35.923 > motor_control_message_pacing: started
19:07:36.421 > === ECU State ===
19:07:36.421 > car_fully_on: false
19:07:36.421 > start_switch_on: false
19:07:36.421 > brake_pressure: 1
19:07:36.421 > calculated_torque: 32
19:07:36.421 > throttle1_pos: (none)
19:07:36.421 > throttle2_pos: (none)
19:07:36.421 > startup_countdown: not started
19:07:36.421 > motor_control_message_pacing: started
19:07:36.915 > === ECU State ===
19:07:36.915 > car_fully_on: false
19:07:36.915 > start_switch_on: false
19:07:36.915 > brake_pressure: 1
19:07:36.915 > calculated_torque: 33
19:07:36.915 > throttle1_pos: (none)
19:07:36.915 > throttle2_pos: (none)
19:07:36.915 > startup_countdown: not started
19:07:36.915 > motor_control_message_pacing: started
19:07:37.421 > === ECU State ===
19:07:37.421 > car_fully_on: false
19:07:37.421 > start_switch_on: false
19:07:37.421 > brake_pressure: 1
19:07:37.421 > calculated_torque: 32
19:07:37.421 > throttle1_pos: (none)
19:07:37.421 > throttle2_pos: (none)
19:07:37.421 > startup_countdown: not started
19:07:37.421 > motor_control_message_pacing: started
19:07:37.916 > === ECU State ===
19:07:37.916 > car_fully_on: false
19:07:37.916 > start_switch_on: false
19:07:37.916 > brake_pressure: 0
19:07:37.916 > calculated_torque: 32
19:07:37.916 > throttle1_pos: (none)
19:07:37.916 > throttle2_pos: (none)
19:07:37.916 > startup_countdown: not started
19:07:37.916 > motor_control_message_pacing: started
19:07:38.423 > === ECU State ===
19:07:38.423 > car_fully_on: false
19:07:38.423 > start_switch_on: false
19:07:38.423 > brake_pressure: 1
19:07:38.423 > calculated_torque: 32
19:07:38.423 > throttle1_pos: (none)
19:07:38.423 > throttle2_pos: (none)
19:07:38.423 > startup_countdown: not started
19:07:38.423 > motor_control_message_pacing: started
19:07:38.914 > === ECU State ===
19:07:38.914 > car_fully_on: false
19:07:38.914 > start_switch_on: false
19:07:38.914 > brake_pressure: 1
19:07:38.914 > calculated_torque: 32
19:07:38.914 > throttle1_pos: (none)
19:07:38.914 > throttle2_pos: (none)
19:07:38.914 > startup_countdown: not started
19:07:38.914 > motor_control_message_pacing: started
19:07:39.419 > === ECU State ===
19:07:39.419 > car_fully_on: false
19:07:39.419 > start_switch_on: false
19:07:39.419 > brake_pressure: 1
19:07:39.419 > calculated_torque: 32
19:07:39.419 > throttle1_pos: (none)
19:07:39.419 > throttle2_pos: (none)
19:07:39.419 > startup_countdown: not started
19:07:39.419 > motor_control_message_pacing: started
19:07:39.920 > === ECU State ===
19:07:39.920 > car_fully_on: false
19:07:39.920 > start_switch_on: false
19:07:39.920 > brake_pressure: 2
19:07:39.920 > calculated_torque: 33
19:07:39.920 > throttle1_pos: (none)
19:07:39.920 > throttle2_pos: (none)
19:07:39.920 > startup_countdown: not started
19:07:39.920 > motor_control_message_pacing: started
19:07:40.426 > === ECU State ===
19:07:40.426 > car_fully_on: false
19:07:40.426 > start_switch_on: false
19:07:40.426 > brake_pressure: 2
19:07:40.426 > calculated_torque: 32
19:07:40.426 > throttle1_pos: (none)
19:07:40.426 > throttle2_pos: (none)
19:07:40.426 > startup_countdown: not started
19:07:40.426 > motor_control_message_pacing: started
19:07:40.925 > === ECU State ===
19:07:40.925 > car_fully_on: false
19:07:40.925 > start_switch_on: false
19:07:40.925 > brake_pressure: 1
19:07:40.925 > calculated_torque: 32
19:07:40.925 > throttle1_pos: (none)
19:07:40.925 > throttle2_pos: (none)
19:07:40.925 > startup_countdown: not started
19:07:40.925 > motor_control_message_pacing: started
19:07:41.417 > === ECU State ===
19:07:41.417 > car_fully_on: false
19:07:41.417 > start_switch_on: false
19:07:41.417 > brake_pressure: 1
19:07:41.417 > calculated_torque: 32
19:07:41.417 > throttle1_pos: (none)
19:07:41.417 > throttle2_pos: (none)
19:07:41.417 > startup_countdown: not started
19:07:41.417 > motor_control_message_pacing: started
19:07:41.920 > === ECU State ===
19:07:41.920 > car_fully_on: false
19:07:41.920 > start_switch_on: false
19:07:41.920 > brake_pressure: 2
19:07:41.920 > calculated_torque: 32
19:07:41.920 > throttle1_pos: (none)
19:07:41.920 > throttle2_pos: (none)
19:07:41.920 > startup_countdown: not started
19:07:41.920 > motor_control_message_pacing: started
19:07:42.420 > === ECU State ===
19:07:42.420 > car_fully_on: false
19:07:42.420 > start_switch_on: false
19:07:42.420 > brake_pressure: 1
19:07:42.420 > calculated_torque: 32
19:07:42.420 > throttle1_pos: (none)
19:07:42.420 > throttle2_pos: (none)
19:07:42.420 > startup_countdown: not started
19:07:42.420 > motor_control_message_pacing: started
19:07:42.923 > === ECU State ===
19:07:42.923 > car_fully_on: false
19:07:42.923 > start_switch_on: false
19:07:42.923 > brake_pressure: 0
19:07:42.923 > calculated_torque: 32
19:07:42.923 > throttle1_pos: (none)
19:07:42.923 > throttle2_pos: (none)
19:07:42.923 > startup_countdown: not started
19:07:42.923 > motor_control_message_pacing: started
19:07:43.418 > === ECU State ===
19:07:43.418 > car_fully_on: false
19:07:43.418 > start_switch_on: false
19:07:43.418 > brake_pressure: 0
19:07:43.418 > calculated_torque: 32
19:07:43.418 > throttle1_pos: (none)
19:07:43.418 > throttle2_pos: (none)
19:07:43.418 > startup_countdown: not started
19:07:43.418 > motor_control_message_pacing: started
19:07:43.921 > === ECU State ===
19:07:43.921 > car_fully_on: false
19:07:43.921 > start_switch_on: false
19:07:43.921 > brake_pressure: 1
19:07:43.921 > calculated_torque: 33
19:07:43.921 > throttle1_pos: (none)
19:07:43.921 > throttle2_pos: (none)
19:07:43.921 > startup_countdown: not started
19:07:43.921 > motor_control_message_pacing: started
19:07:44.420 > === ECU State ===
19:07:44.420 > car_fully_on: false
19:07:44.420 > start_switch_on: false
19:07:44.420 > brake_pressure: 1
19:07:44.420 > calculated_torque: 32
19:07:44.420 > throttle1_pos: (none)
19:07:44.420 > throttle2_pos: (none)
19:07:44.420 > startup_countdown: not started
19:07:44.420 > motor_control_message_pacing: started
19:07:44.923 > === ECU State ===
19:07:44.923 > car_fully_on: false
19:07:44.923 > start_switch_on: false
19:07:44.923 > brake_pressure: 2
19:07:44.923 > calculated_torque: 32
19:07:44.923 > throttle1_pos: (none)
19:07:44.923 > throttle2_pos: (none)
19:07:44.923 > startup_countdown: not started
19:07:44.923 > motor_control_message_pacing: started
19:07:45.414 > === ECU State ===
19:07:45.414 > car_fully_on: false
19:07:45.414 > start_switch_on: false
19:07:45.414 > brake_pressure: 1
19:07:45.414 > calculated_torque: 32
19:07:45.414 > throttle1_pos: (none)
19:07:45.414 > throttle2_pos: (none)
19:07:45.414 > startup_countdown: not started
19:07:45.414 > motor_control_message_pacing: started
19:07:45.920 > === ECU State ===
19:07:45.920 > car_fully_on: false
19:07:45.920 > start_switch_on: false
19:07:45.920 > brake_pressure: 3
19:07:45.920 > calculated_torque: 32
19:07:45.920 > throttle1_pos: (none)
19:07:45.920 > throttle2_pos: (none)
19:07:45.920 > startup_countdown: not started
19:07:45.920 > motor_control_message_pacing: started
19:07:46.421 > === ECU State ===
19:07:46.421 > car_fully_on: false
19:07:46.421 > start_switch_on: false
19:07:46.421 > brake_pressure: 1
19:07:46.421 > calculated_torque: 32
19:07:46.421 > throttle1_pos: (none)
19:07:46.421 > throttle2_pos: (none)
19:07:46.421 > startup_countdown: not started
19:07:46.421 > motor_control_message_pacing: started
19:07:46.921 > === ECU State ===
19:07:46.921 > car_fully_on: false
19:07:46.921 > start_switch_on: false
19:07:46.921 > brake_pressure: 2
19:07:46.921 > calculated_torque: 32
19:07:46.921 > throttle1_pos: (none)
19:07:46.921 > throttle2_pos: (none)
19:07:46.921 > startup_countdown: not started
19:07:46.921 > motor_control_message_pacing: started
19:07:47.420 > === ECU State ===
19:07:47.420 > car_fully_on: false
19:07:47.420 > start_switch_on: false
19:07:47.420 > brake_pressure: 1
19:07:47.420 > calculated_torque: 32
19:07:47.420 > throttle1_pos: (none)
19:07:47.420 > throttle2_pos: (none)
19:07:47.420 > startup_countdown: not started
19:07:47.420 > motor_control_message_pacing: started
19:07:47.922 > === ECU State ===
19:07:47.922 > car_fully_on: false
19:07:47.922 > start_switch_on: false
19:07:47.922 > brake_pressure: 1
19:07:47.922 > calculated_torque: 32
19:07:47.922 > throttle1_pos: (none)
19:07:47.922 > throttle2_pos: (none)
19:07:47.922 > startup_countdown: not started
19:07:47.922 > motor_control_message_pacing: started
19:07:48.421 > === ECU State ===
19:07:48.421 > car_fully_on: false
19:07:48.421 > start_switch_on: false
19:07:48.421 > brake_pressure: 1
19:07:48.421 > calculated_torque: 32
19:07:48.421 > throttle1_pos: (none)
19:07:48.421 > throttle2_pos: (none)
19:07:48.421 > startup_countdown: not started
19:07:48.421 > motor_control_message_pacing: started
19:07:48.915 > === ECU State ===
19:07:48.915 > car_fully_on: false
19:07:48.915 > start_switch_on: false
19:07:48.915 > brake_pressure: 1
19:07:48.915 > calculated_torque: 32
19:07:48.915 > throttle1_pos: (none)
19:07:48.915 > throttle2_pos: (none)
19:07:48.915 > startup_countdown: not started
19:07:48.915 > motor_control_message_pacing: started
19:07:49.421 > === ECU State ===
19:07:49.421 > car_fully_on: false
19:07:49.421 > start_switch_on: false
19:07:49.421 > brake_pressure: 1
19:07:49.421 > calculated_torque: 32
19:07:49.421 > throttle1_pos: (none)
19:07:49.421 > throttle2_pos: (none)
19:07:49.421 > startup_countdown: not started
19:07:49.421 > motor_control_message_pacing: started
19:07:49.919 > === ECU State ===
19:07:49.919 > car_fully_on: false
19:07:49.919 > start_switch_on: false
19:07:49.919 > brake_pressure: 1
19:07:49.919 > calculated_torque: 32
19:07:49.919 > throttle1_pos: (none)
19:07:49.919 > throttle2_pos: (none)
19:07:49.919 > startup_countdown: not started
19:07:49.919 > motor_control_message_pacing: started
19:07:50.418 > === ECU State ===
19:07:50.418 > car_fully_on: false
19:07:50.418 > start_switch_on: false
19:07:50.418 > brake_pressure: 1
19:07:50.418 > calculated_torque: 32
19:07:50.418 > throttle1_pos: (none)
19:07:50.418 > throttle2_pos: (none)
19:07:50.418 > startup_countdown: not started
19:07:50.418 > motor_control_message_pacing: started
19:07:50.924 > === ECU State ===
19:07:50.924 > car_fully_on: false
19:07:50.924 > start_switch_on: false
19:07:50.924 > brake_pressure: 1
19:07:50.924 > calculated_torque: 32
19:07:50.924 > throttle1_pos: (none)
19:07:50.924 > throttle2_pos: (none)
19:07:50.924 > startup_countdown: not started
19:07:50.924 > motor_control_message_pacing: started
19:07:51.424 > === ECU State ===
19:07:51.424 > car_fully_on: false
19:07:51.424 > start_switch_on: false
19:07:51.424 > brake_pressure: 1
19:07:51.424 > calculated_torque: 32
19:07:51.424 > throttle1_pos: (none)
19:07:51.424 > throttle2_pos: (none)
19:07:51.424 > startup_countdown: not started
19:07:51.424 > motor_control_message_pacing: started
19:07:51.916 > === ECU State ===
19:07:51.927 > car_fully_on: false
19:07:51.927 > start_switch_on: false
19:07:51.927 > brake_pressure: 2
19:07:51.927 > calculated_torque: 32
19:07:51.927 > throttle1_pos: (none)
19:07:51.927 > throttle2_pos: (none)
19:07:51.927 > startup_countdown: not started
19:07:51.927 > motor_control_message_pacing: started
19:07:52.425 > === ECU State ===
19:07:52.425 > car_fully_on: false
19:07:52.425 > start_switch_on: false
19:07:52.425 > brake_pressure: 1
19:07:52.425 > calculated_torque: 32
19:07:52.425 > throttle1_pos: (none)
19:07:52.425 > throttle2_pos: (none)
19:07:52.425 > startup_countdown: not started
19:07:52.425 > motor_control_message_pacing: started
19:07:52.916 > === ECU State ===
19:07:52.916 > car_fully_on: false
19:07:52.916 > start_switch_on: false
19:07:52.916 > brake_pressure: 1
19:07:52.916 > calculated_torque: 32
19:07:52.916 > throttle1_pos: (none)
19:07:52.916 > throttle2_pos: (none)
19:07:52.916 > startup_countdown: not started
19:07:52.916 > motor_control_message_pacing: started
19:07:53.422 > === ECU State ===
19:07:53.422 > car_fully_on: false
19:07:53.422 > start_switch_on: false
19:07:53.422 > brake_pressure: 1
19:07:53.422 > calculated_torque: 32
19:07:53.422 > throttle1_pos: (none)
19:07:53.422 > throttle2_pos: (none)
19:07:53.422 > startup_countdown: not started
19:07:53.422 > motor_control_message_pacing: started
19:07:53.925 > === ECU State ===
19:07:53.925 > car_fully_on: false
19:07:53.925 > start_switch_on: false
19:07:53.925 > brake_pressure: 0
19:07:53.925 > calculated_torque: 32
19:07:53.925 > throttle1_pos: (none)
19:07:53.925 > throttle2_pos: (none)
19:07:53.925 > startup_countdown: not started
19:07:53.925 > motor_control_message_pacing: started
19:07:54.414 > === ECU State ===
19:07:54.414 > car_fully_on: false
19:07:54.414 > start_switch_on: false
19:07:54.414 > brake_pressure: 1
19:07:54.414 > calculated_torque: 32
19:07:54.414 > throttle1_pos: (none)
19:07:54.414 > throttle2_pos: (none)
19:07:54.414 > startup_countdown: not started
19:07:54.414 > motor_control_message_pacing: started
19:07:54.913 > === ECU State ===
19:07:54.913 > car_fully_on: false
19:07:54.913 > start_switch_on: false
19:07:54.913 > brake_pressure: 1
19:07:54.913 > calculated_torque: 32
19:07:54.913 > throttle1_pos: (none)
19:07:54.913 > throttle2_pos: (none)
19:07:54.913 > startup_countdown: not started
19:07:54.913 > motor_control_message_pacing: started
19:07:55.421 > === ECU State ===
19:07:55.427 > car_fully_on: false
19:07:55.427 > start_switch_on: false
19:07:55.427 > brake_pressure: 1
19:07:55.427 > calculated_torque: 32
19:07:55.427 > throttle1_pos: (none)
19:07:55.427 > throttle2_pos: (none)
19:07:55.427 > startup_countdown: not started
19:07:55.427 > motor_control_message_pacing: started
19:07:55.925 > === ECU State ===
19:07:55.926 > car_fully_on: false
19:07:55.926 > start_switch_on: false
19:07:55.926 > brake_pressure: 1
19:07:55.926 > calculated_torque: 32
19:07:55.926 > throttle1_pos: (none)
19:07:55.926 > throttle2_pos: (none)
19:07:55.926 > startup_countdown: not started
19:07:55.926 > motor_control_message_pacing: started
19:07:56.421 > === ECU State ===
19:07:56.421 > car_fully_on: false
19:07:56.421 > start_switch_on: false
19:07:56.421 > brake_pressure: 1
19:07:56.421 > calculated_torque: 35
19:07:56.421 > throttle1_pos: (none)
19:07:56.421 > throttle2_pos: (none)
19:07:56.421 > startup_countdown: not started
19:07:56.421 > motor_control_message_pacing: started
19:07:56.920 > === ECU State ===
19:07:56.920 > car_fully_on: false
19:07:56.920 > start_switch_on: false
19:07:56.920 > brake_pressure: 1
19:07:56.920 > calculated_torque: 37
19:07:56.920 > throttle1_pos: (none)
19:07:56.920 > throttle2_pos: (none)
19:07:56.920 > startup_countdown: not started
19:07:56.920 > motor_control_message_pacing: started
19:07:57.424 > === ECU State ===
19:07:57.426 > car_fully_on: false
19:07:57.426 > start_switch_on: false
19:07:57.426 > brake_pressure: 1
19:07:57.426 > calculated_torque: 32
19:07:57.426 > throttle1_pos: (none)
19:07:57.426 > throttle2_pos: (none)
19:07:57.426 > startup_countdown: not started
19:07:57.426 > motor_control_message_pacing: started
19:07:57.925 > === ECU State ===
19:07:57.930 > car_fully_on: false
19:07:57.930 > start_switch_on: false
19:07:57.930 > brake_pressure: 1
19:07:57.930 > calculated_torque: 33
19:07:57.930 > throttle1_pos: (none)
19:07:57.930 > throttle2_pos: (none)
19:07:57.930 > startup_countdown: not started
19:07:57.930 > motor_control_message_pacing: started
19:07:58.425 > === ECU State ===
19:07:58.425 > car_fully_on: false
19:07:58.425 > start_switch_on: false
19:07:58.425 > brake_pressure: 1
19:07:58.425 > calculated_torque: 32
19:07:58.425 > throttle1_pos: (none)
19:07:58.425 > throttle2_pos: (none)
19:07:58.425 > startup_countdown: not started
19:07:58.425 > motor_control_message_pacing: started
19:07:58.925 > === ECU State ===
19:07:58.925 > car_fully_on: false
19:07:58.925 > start_switch_on: false
19:07:58.925 > brake_pressure: 2
19:07:58.925 > calculated_torque: 32
19:07:58.925 > throttle1_pos: (none)
19:07:58.925 > throttle2_pos: (none)
19:07:58.925 > startup_countdown: not started
19:07:58.925 > motor_control_message_pacing: started
19:07:59.425 > === ECU State ===
19:07:59.425 > car_fully_on: false
19:07:59.425 > start_switch_on: false
19:07:59.425 > brake_pressure: 1
19:07:59.425 > calculated_torque: 32
19:07:59.425 > throttle1_pos: (none)
19:07:59.425 > throttle2_pos: (none)
19:07:59.425 > startup_countdown: not started
19:07:59.425 > motor_control_message_pacing: started
19:07:59.925 > === ECU State ===
19:07:59.926 > car_fully_on: false
19:07:59.926 > start_switch_on: false
19:07:59.926 > brake_pressure: 2
19:07:59.926 > calculated_torque: 32
19:07:59.926 > throttle1_pos: (none)
19:07:59.926 > throttle2_pos: (none)
19:07:59.926 > startup_countdown: not started
19:07:59.926 > motor_control_message_pacing: started
19:08:00.425 > === ECU State ===
19:08:00.425 > car_fully_on: false
19:08:00.425 > start_switch_on: false
19:08:00.425 > brake_pressure: 1
19:08:00.425 > calculated_torque: 32
19:08:00.425 > throttle1_pos: (none)
19:08:00.425 > throttle2_pos: (none)
19:08:00.425 > startup_countdown: not started
19:08:00.425 > motor_control_message_pacing: started
19:08:00.925 > === ECU State ===
19:08:00.925 > car_fully_on: false
19:08:00.925 > start_switch_on: false
19:08:00.925 > brake_pressure: 0
19:08:00.925 > calculated_torque: 32
19:08:00.925 > throttle1_pos: (none)
19:08:00.925 > throttle2_pos: (none)
19:08:00.925 > startup_countdown: not started
19:08:00.925 > motor_control_message_pacing: started
19:08:01.426 > === ECU State ===
19:08:01.426 > car_fully_on: false
19:08:01.426 > start_switch_on: false
19:08:01.426 > brake_pressure: 1
19:08:01.426 > calculated_torque: 32
19:08:01.426 > throttle1_pos: (none)
19:08:01.426 > throttle2_pos: (none)
19:08:01.426 > startup_countdown: not started
19:08:01.426 > motor_control_message_pacing: started
19:08:01.922 > === ECU State ===
19:08:01.922 > car_fully_on: false
19:08:01.922 > start_switch_on: false
19:08:01.922 > brake_pressure: 1
19:08:01.922 > calculated_torque: 32
19:08:01.922 > throttle1_pos: (none)
19:08:01.922 > throttle2_pos: (none)
19:08:01.922 > startup_countdown: not started
19:08:01.922 > motor_control_message_pacing: started
19:08:02.425 > === ECU State ===
19:08:02.426 > car_fully_on: false
19:08:02.426 > start_switch_on: false
19:08:02.426 > brake_pressure: 1
19:08:02.426 > calculated_torque: 32
19:08:02.426 > throttle1_pos: (none)
19:08:02.426 > throttle2_pos: (none)
19:08:02.426 > startup_countdown: not started
19:08:02.426 > motor_control_message_pacing: started
19:08:02.922 > === ECU State ===
19:08:02.922 > car_fully_on: false
19:08:02.922 > start_switch_on: false
19:08:02.922 > brake_pressure: 1
19:08:02.922 > calculated_torque: 32
19:08:02.922 > throttle1_pos: (none)
19:08:02.922 > throttle2_pos: (none)
19:08:02.922 > startup_countdown: not started
19:08:02.922 > motor_control_message_pacing: started
19:08:03.426 > === ECU State ===
19:08:03.427 > car_fully_on: false
19:08:03.427 > start_switch_on: false
19:08:03.427 > brake_pressure: 1
19:08:03.427 > calculated_torque: 32
19:08:03.427 > throttle1_pos: (none)
19:08:03.427 > throttle2_pos: (none)
19:08:03.427 > startup_countdown: not started
19:08:03.427 > motor_control_message_pacing: started
19:08:03.926 > === ECU State ===
19:08:03.926 > car_fully_on: false
19:08:03.926 > start_switch_on: false
19:08:03.926 > brake_pressure: 1
19:08:03.926 > calculated_torque: 32
19:08:03.926 > throttle1_pos: (none)
19:08:03.926 > throttle2_pos: (none)
19:08:03.926 > startup_countdown: not started
19:08:03.926 > motor_control_message_pacing: started
19:08:04.425 > === ECU State ===
19:08:04.426 > car_fully_on: false
19:08:04.426 > start_switch_on: false
19:08:04.426 > brake_pressure: 1
19:08:04.426 > calculated_torque: 32
19:08:04.426 > throttle1_pos: (none)
19:08:04.426 > throttle2_pos: (none)
19:08:04.426 > startup_countdown: not started
19:08:04.426 > motor_control_message_pacing: started
19:08:04.914 > === ECU State ===
19:08:04.914 > car_fully_on: false
19:08:04.914 > start_switch_on: false
19:08:04.914 > brake_pressure: 1
19:08:04.914 > calculated_torque: 32
19:08:04.914 > throttle1_pos: (none)
19:08:04.914 > throttle2_pos: (none)
19:08:04.914 > startup_countdown: not started
19:08:04.914 > motor_control_message_pacing: started
19:08:05.420 > === ECU State ===
19:08:05.420 > car_fully_on: false
19:08:05.420 > start_switch_on: false
19:08:05.420 > brake_pressure: 1
19:08:05.420 > calculated_torque: 32
19:08:05.420 > throttle1_pos: (none)
19:08:05.420 > throttle2_pos: (none)
19:08:05.420 > startup_countdown: not started
19:08:05.420 > motor_control_message_pacing: started
19:08:05.926 > === ECU State ===
19:08:05.926 > car_fully_on: false
19:08:05.926 > start_switch_on: false
19:08:05.926 > brake_pressure: 1
19:08:05.926 > calculated_torque: 32
19:08:05.926 > throttle1_pos: (none)
19:08:05.926 > throttle2_pos: (none)
19:08:05.926 > startup_countdown: not started
19:08:05.926 > motor_control_message_pacing: started
19:08:06.422 > === ECU State ===
19:08:06.428 > car_fully_on: false
19:08:06.428 > start_switch_on: false
19:08:06.428 > brake_pressure: 1
19:08:06.428 > calculated_torque: 32
19:08:06.428 > throttle1_pos: (none)
19:08:06.428 > throttle2_pos: (none)
19:08:06.428 > startup_countdown: not started
19:08:06.428 > motor_control_message_pacing: started
19:08:06.923 > === ECU State ===
19:08:06.923 > car_fully_on: false
19:08:06.923 > start_switch_on: false
19:08:06.923 > brake_pressure: 1
19:08:06.923 > calculated_torque: 32
19:08:06.923 > throttle1_pos: (none)
19:08:06.923 > throttle2_pos: (none)
19:08:06.923 > startup_countdown: not started
19:08:06.923 > motor_control_message_pacing: started
19:08:07.415 > === ECU State ===
19:08:07.415 > car_fully_on: false
19:08:07.415 > start_switch_on: false
19:08:07.415 > brake_pressure: 1
19:08:07.415 > calculated_torque: 32
19:08:07.415 > throttle1_pos: (none)
19:08:07.415 > throttle2_pos: (none)
19:08:07.415 > startup_countdown: not started
19:08:07.415 > motor_control_message_pacing: started
19:08:07.913 > === ECU State ===
19:08:07.913 > car_fully_on: false
19:08:07.913 > start_switch_on: false
19:08:07.913 > brake_pressure: 0
19:08:07.913 > calculated_torque: 32
19:08:07.913 > throttle1_pos: (none)
19:08:07.913 > throttle2_pos: (none)
19:08:07.913 > startup_countdown: not started
19:08:07.913 > motor_control_message_pacing: started
19:08:08.420 > === ECU State ===
19:08:08.420 > car_fully_on: false
19:08:08.420 > start_switch_on: false
19:08:08.420 > brake_pressure: 1
19:08:08.420 > calculated_torque: 32
19:08:08.420 > throttle1_pos: (none)
19:08:08.420 > throttle2_pos: (none)
19:08:08.420 > startup_countdown: not started
19:08:08.420 > motor_control_message_pacing: started
19:08:08.915 > === ECU State ===
19:08:08.915 > car_fully_on: false
19:08:08.915 > start_switch_on: false
19:08:08.915 > brake_pressure: 2
19:08:08.915 > calculated_torque: 32
19:08:08.915 > throttle1_pos: (none)
19:08:08.915 > throttle2_pos: (none)
19:08:08.915 > startup_countdown: not started
19:08:08.915 > motor_control_message_pacing: started
19:08:09.420 > === ECU State ===
19:08:09.420 > car_fully_on: false
19:08:09.420 > start_switch_on: false
19:08:09.420 > brake_pressure: 0
19:08:09.420 > calculated_torque: 32
19:08:09.420 > throttle1_pos: (none)
19:08:09.420 > throttle2_pos: (none)
19:08:09.420 > startup_countdown: not started
19:08:09.420 > motor_control_message_pacing: started
19:08:09.924 > === ECU State ===
19:08:09.924 > car_fully_on: false
19:08:09.924 > start_switch_on: false
19:08:09.924 > brake_pressure: 1
19:08:09.924 > calculated_torque: 32
19:08:09.924 > throttle1_pos: (none)
19:08:09.924 > throttle2_pos: (none)
19:08:09.924 > startup_countdown: not started
19:08:09.924 > motor_control_message_pacing: started
19:08:10.422 > === ECU State ===
19:08:10.422 > car_fully_on: false
19:08:10.422 > start_switch_on: false
19:08:10.422 > brake_pressure: 1
19:08:10.422 > calculated_torque: 32
19:08:10.422 > throttle1_pos: (none)
19:08:10.422 > throttle2_pos: (none)
19:08:10.422 > startup_countdown: not started
19:08:10.422 > motor_control_message_pacing: started
19:08:10.921 > === ECU State ===
19:08:10.921 > car_fully_on: false
19:08:10.921 > start_switch_on: false
19:08:10.921 > brake_pressure: 1
19:08:10.921 > calculated_torque: 33
19:08:10.921 > throttle1_pos: (none)
19:08:10.921 > throttle2_pos: (none)
19:08:10.921 > startup_countdown: not started
19:08:10.921 > motor_control_message_pacing: started
19:08:11.419 > === ECU State ===
19:08:11.427 > car_fully_on: false
19:08:11.427 > start_switch_on: false
19:08:11.427 > brake_pressure: 1
19:08:11.427 > calculated_torque: 32
19:08:11.427 > throttle1_pos: (none)
19:08:11.427 > throttle2_pos: (none)
19:08:11.427 > startup_countdown: not started
19:08:11.427 > motor_control_message_pacing: started
19:08:11.920 > === ECU State ===
19:08:11.920 > car_fully_on: false
19:08:11.920 > start_switch_on: false
19:08:11.920 > brake_pressure: 1
19:08:11.920 > calculated_torque: 32
19:08:11.920 > throttle1_pos: (none)
19:08:11.920 > throttle2_pos: (none)
19:08:11.920 > startup_countdown: not started
19:08:11.920 > motor_control_message_pacing: started
19:08:12.420 > === ECU State ===
19:08:12.420 > car_fully_on: false
19:08:12.420 > start_switch_on: false
19:08:12.420 > brake_pressure: 2
19:08:12.420 > calculated_torque: 32
19:08:12.420 > throttle1_pos: (none)
19:08:12.420 > throttle2_pos: (none)
19:08:12.420 > startup_countdown: not started
19:08:12.420 > motor_control_message_pacing: started
19:08:12.926 > === ECU State ===
19:08:12.927 > car_fully_on: false
19:08:12.927 > start_switch_on: false
19:08:12.927 > brake_pressure: 1
19:08:12.927 > calculated_torque: 32
19:08:12.927 > throttle1_pos: (none)
19:08:12.927 > throttle2_pos: (none)
19:08:12.927 > startup_countdown: not started
19:08:12.927 > motor_control_message_pacing: started
19:08:13.419 > === ECU State ===
19:08:13.419 > car_fully_on: false
19:08:13.419 > start_switch_on: false
19:08:13.419 > brake_pressure: 1
19:08:13.419 > calculated_torque: 32
19:08:13.419 > throttle1_pos: (none)
19:08:13.419 > throttle2_pos: (none)
19:08:13.419 > startup_countdown: not started
19:08:13.419 > motor_control_message_pacing: started
19:08:13.920 > === ECU State ===
19:08:13.920 > car_fully_on: false
19:08:13.920 > start_switch_on: false
19:08:13.920 > brake_pressure: 1
19:08:13.920 > calculated_torque: 32
19:08:13.920 > throttle1_pos: (none)
19:08:13.920 > throttle2_pos: (none)
19:08:13.920 > startup_countdown: not started
19:08:13.920 > motor_control_message_pacing: started
19:08:14.414 > === ECU State ===
19:08:14.414 > car_fully_on: false
19:08:14.414 > start_switch_on: false
19:08:14.414 > brake_pressure: 1
19:08:14.414 > calculated_torque: 32
19:08:14.414 > throttle1_pos: (none)
19:08:14.414 > throttle2_pos: (none)
19:08:14.414 > startup_countdown: not started
19:08:14.414 > motor_control_message_pacing: started
19:08:14.922 > === ECU State ===
19:08:14.922 > car_fully_on: false
19:08:14.922 > start_switch_on: false
19:08:14.922 > brake_pressure: 1
19:08:14.922 > calculated_torque: 32
19:08:14.922 > throttle1_pos: (none)
19:08:14.922 > throttle2_pos: (none)
19:08:14.922 > startup_countdown: not started
19:08:14.922 > motor_control_message_pacing: started
19:08:15.420 > === ECU State ===
19:08:15.420 > car_fully_on: false
19:08:15.420 > start_switch_on: false
19:08:15.420 > brake_pressure: 1
19:08:15.420 > calculated_torque: 32
19:08:15.420 > throttle1_pos: (none)
19:08:15.420 > throttle2_pos: (none)
19:08:15.420 > startup_countdown: not started
19:08:15.420 > motor_control_message_pacing: started
19:08:15.924 > === ECU State ===
19:08:15.928 > car_fully_on: false
19:08:15.928 > start_switch_on: false
19:08:15.928 > brake_pressure: 2
19:08:15.928 > calculated_torque: 33
19:08:15.928 > throttle1_pos: (none)
19:08:15.928 > throttle2_pos: (none)
19:08:15.928 > startup_countdown: not started
19:08:15.928 > motor_control_message_pacing: started
19:08:16.424 > === ECU State ===
19:08:16.424 > car_fully_on: false
19:08:16.424 > start_switch_on: false
19:08:16.424 > brake_pressure: 1
19:08:16.424 > calculated_torque: 32
19:08:16.424 > throttle1_pos: (none)
19:08:16.424 > throttle2_pos: (none)
19:08:16.424 > startup_countdown: not started
19:08:16.424 > motor_control_message_pacing: started
19:08:16.920 > === ECU State ===
19:08:16.927 > car_fully_on: false
19:08:16.927 > start_switch_on: false
19:08:16.927 > brake_pressure: 1
19:08:16.927 > calculated_torque: 32
19:08:16.927 > throttle1_pos: (none)
19:08:16.927 > throttle2_pos: (none)
19:08:16.927 > startup_countdown: not started
19:08:16.927 > motor_control_message_pacing: started
19:08:17.413 > === ECU State ===
19:08:17.413 > car_fully_on: false
19:08:17.413 > start_switch_on: false
19:08:17.413 > brake_pressure: 2
19:08:17.413 > calculated_torque: 33
19:08:17.413 > throttle1_pos: (none)
19:08:17.413 > throttle2_pos: (none)
19:08:17.413 > startup_countdown: not started
19:08:17.413 > motor_control_message_pacing: started
19:08:17.921 > === ECU State ===
19:08:17.921 > car_fully_on: false
19:08:17.921 > start_switch_on: false
19:08:17.921 > brake_pressure: 1
19:08:17.921 > calculated_torque: 32
19:08:17.921 > throttle1_pos: (none)
19:08:17.921 > throttle2_pos: (none)
19:08:17.921 > startup_countdown: not started
19:08:17.921 > motor_control_message_pacing: started
19:08:18.421 > === ECU State ===
19:08:18.421 > car_fully_on: false
19:08:18.421 > start_switch_on: false
19:08:18.421 > brake_pressure: 1
19:08:18.421 > calculated_torque: 32
19:08:18.421 > throttle1_pos: (none)
19:08:18.421 > throttle2_pos: (none)
19:08:18.421 > startup_countdown: not started
19:08:18.421 > motor_control_message_pacing: started
19:08:18.922 > === ECU State ===
19:08:18.922 > car_fully_on: false
19:08:18.922 > start_switch_on: false
19:08:18.922 > brake_pressure: 1
19:08:18.922 > calculated_torque: 32
19:08:18.922 > throttle1_pos: (none)
19:08:18.922 > throttle2_pos: (none)
19:08:18.922 > startup_countdown: not started
19:08:18.922 > motor_control_message_pacing: started
19:08:19.417 > === ECU State ===
19:08:19.417 > car_fully_on: false
19:08:19.417 > start_switch_on: false
19:08:19.417 > brake_pressure: 0
19:08:19.417 > calculated_torque: 32
19:08:19.417 > throttle1_pos: (none)
19:08:19.417 > throttle2_pos: (none)
19:08:19.417 > startup_countdown: not started
19:08:19.417 > motor_control_message_pacing: started
19:08:19.917 > === ECU State ===
19:08:19.917 > car_fully_on: false
19:08:19.917 > start_switch_on: false
19:08:19.917 > brake_pressure: 2
19:08:19.917 > calculated_torque: 32
19:08:19.917 > throttle1_pos: (none)
19:08:19.917 > throttle2_pos: (none)
19:08:19.917 > startup_countdown: not started
19:08:19.917 > motor_control_message_pacing: started
19:08:20.423 > === ECU State ===
19:08:20.423 > car_fully_on: false
19:08:20.423 > start_switch_on: false
19:08:20.423 > brake_pressure: 1
19:08:20.423 > calculated_torque: 32
19:08:20.423 > throttle1_pos: (none)
19:08:20.423 > throttle2_pos: (none)
19:08:20.423 > startup_countdown: not started
19:08:20.423 > motor_control_message_pacing: started
19:08:20.914 > === ECU State ===
19:08:20.927 > car_fully_on: false
19:08:20.927 > start_switch_on: false
19:08:20.927 > brake_pressure: 1
19:08:20.927 > calculated_torque: 32
19:08:20.927 > throttle1_pos: (none)
19:08:20.927 > throttle2_pos: (none)
19:08:20.927 > startup_countdown: not started
19:08:20.927 > motor_control_message_pacing: started
19:08:21.414 > === ECU State ===
19:08:21.414 > car_fully_on: false
19:08:21.414 > start_switch_on: false
19:08:21.414 > brake_pressure: 1
19:08:21.414 > calculated_torque: 32
19:08:21.414 > throttle1_pos: (none)
19:08:21.414 > throttle2_pos: (none)
19:08:21.414 > startup_countdown: not started
19:08:21.414 > motor_control_message_pacing: started
19:08:21.919 > === ECU State ===
19:08:21.919 > car_fully_on: false
19:08:21.919 > start_switch_on: false
19:08:21.919 > brake_pressure: 1
19:08:21.919 > calculated_torque: 32
19:08:21.919 > throttle1_pos: (none)
19:08:21.919 > throttle2_pos: (none)
19:08:21.919 > startup_countdown: not started
19:08:21.919 > motor_control_message_pacing: started
19:08:22.420 > === ECU State ===
19:08:22.420 > car_fully_on: false
19:08:22.420 > start_switch_on: false
19:08:22.420 > brake_pressure: 1
19:08:22.420 > calculated_torque: 32
19:08:22.420 > throttle1_pos: (none)
19:08:22.420 > throttle2_pos: (none)
19:08:22.420 > startup_countdown: not started
19:08:22.420 > motor_control_message_pacing: started
19:08:22.914 > === ECU State ===
19:08:22.914 > car_fully_on: false
19:08:22.914 > start_switch_on: false
19:08:22.914 > brake_pressure: 1
19:08:22.914 > calculated_torque: 32
19:08:22.914 > throttle1_pos: (none)
19:08:22.914 > throttle2_pos: (none)
19:08:22.914 > startup_countdown: not started
19:08:22.914 > motor_control_message_pacing: started
19:08:23.421 > === ECU State ===
19:08:23.421 > car_fully_on: false
19:08:23.421 > start_switch_on: false
19:08:23.421 > brake_pressure: 1
19:08:23.421 > calculated_torque: 32
19:08:23.421 > throttle1_pos: (none)
19:08:23.421 > throttle2_pos: (none)
19:08:23.421 > startup_countdown: not started
19:08:23.421 > motor_control_message_pacing: started
19:08:23.920 > === ECU State ===
19:08:23.920 > car_fully_on: false
19:08:23.920 > start_switch_on: false
19:08:23.920 > brake_pressure: 1
19:08:23.920 > calculated_torque: 32
19:08:23.920 > throttle1_pos: (none)
19:08:23.920 > throttle2_pos: (none)
19:08:23.920 > startup_countdown: not started
19:08:23.920 > motor_control_message_pacing: started
19:08:24.423 > === ECU State ===
19:08:24.427 > car_fully_on: false
19:08:24.427 > start_switch_on: false
19:08:24.427 > brake_pressure: 1
19:08:24.427 > calculated_torque: 32
19:08:24.427 > throttle1_pos: (none)
19:08:24.427 > throttle2_pos: (none)
19:08:24.427 > startup_countdown: not started
19:08:24.427 > motor_control_message_pacing: started
19:08:24.917 > === ECU State ===
19:08:24.917 > car_fully_on: false
19:08:24.917 > start_switch_on: false
19:08:24.917 > brake_pressure: 1
19:08:24.917 > calculated_torque: 32
19:08:24.917 > throttle1_pos: (none)
19:08:24.917 > throttle2_pos: (none)
19:08:24.917 > startup_countdown: not started
19:08:24.917 > motor_control_message_pacing: started
19:08:25.421 > === ECU State ===
19:08:25.421 > car_fully_on: false
19:08:25.421 > start_switch_on: false
19:08:25.421 > brake_pressure: 1
19:08:25.421 > calculated_torque: 32
19:08:25.421 > throttle1_pos: (none)
19:08:25.421 > throttle2_pos: (none)
19:08:25.421 > startup_countdown: not started
19:08:25.421 > motor_control_message_pacing: started
19:08:25.913 > === ECU State ===
19:08:25.926 > car_fully_on: false
19:08:25.926 > start_switch_on: false
19:08:25.926 > brake_pressure: 2
19:08:25.926 > calculated_torque: 32
19:08:25.926 > throttle1_pos: (none)
19:08:25.926 > throttle2_pos: (none)
19:08:25.926 > startup_countdown: not started
19:08:25.926 > motor_control_message_pacing: started
19:08:26.420 > === ECU State ===
19:08:26.420 > car_fully_on: false
19:08:26.420 > start_switch_on: false
19:08:26.420 > brake_pressure: 1
19:08:26.420 > calculated_torque: 32
19:08:26.420 > throttle1_pos: (none)
19:08:26.420 > throttle2_pos: (none)
19:08:26.420 > startup_countdown: not started
19:08:26.420 > motor_control_message_pacing: started
19:08:26.924 > === ECU State ===
19:08:26.924 > car_fully_on: false
19:08:26.924 > start_switch_on: false
19:08:26.924 > brake_pressure: 1
19:08:26.924 > calculated_torque: 32
19:08:26.924 > throttle1_pos: (none)
19:08:26.924 > throttle2_pos: (none)
19:08:26.924 > startup_countdown: not started
19:08:26.924 > motor_control_message_pacing: started
19:08:27.413 > === ECU State ===
19:08:27.413 > car_fully_on: false
19:08:27.413 > start_switch_on: false
19:08:27.413 > brake_pressure: 1
19:08:27.413 > calculated_torque: 33
19:08:27.413 > throttle1_pos: (none)
19:08:27.413 > throttle2_pos: (none)
19:08:27.413 > startup_countdown: not started
19:08:27.413 > motor_control_message_pacing: started
19:08:27.922 > === ECU State ===
19:08:27.927 > car_fully_on: false
19:08:27.927 > start_switch_on: false
19:08:27.927 > brake_pressure: 1
19:08:27.927 > calculated_torque: 32
19:08:27.927 > throttle1_pos: (none)
19:08:27.927 > throttle2_pos: (none)
19:08:27.927 > startup_countdown: not started
19:08:27.927 > motor_control_message_pacing: started
19:08:28.424 > === ECU State ===
19:08:28.424 > car_fully_on: false
19:08:28.424 > start_switch_on: false
19:08:28.424 > brake_pressure: 1
19:08:28.424 > calculated_torque: 32
19:08:28.424 > throttle1_pos: (none)
19:08:28.424 > throttle2_pos: (none)
19:08:28.424 > startup_countdown: not started
19:08:28.424 > motor_control_message_pacing: started
19:08:28.921 > === ECU State ===
19:08:28.921 > car_fully_on: false
19:08:28.921 > start_switch_on: false
19:08:28.921 > brake_pressure: 1
19:08:28.921 > calculated_torque: 32
19:08:28.921 > throttle1_pos: (none)
19:08:28.921 > throttle2_pos: (none)
19:08:28.921 > startup_countdown: not started
19:08:28.921 > motor_control_message_pacing: started
19:08:29.424 > === ECU State ===
19:08:29.424 > car_fully_on: false
19:08:29.424 > start_switch_on: false
19:08:29.424 > brake_pressure: 1
19:08:29.424 > calculated_torque: 32
19:08:29.424 > throttle1_pos: (none)
19:08:29.424 > throttle2_pos: (none)
19:08:29.424 > startup_countdown: not started
19:08:29.424 > motor_control_message_pacing: started
19:08:29.926 > === ECU State ===
19:08:29.926 > car_fully_on: false
19:08:29.926 > start_switch_on: false
19:08:29.926 > brake_pressure: 1
19:08:29.926 > calculated_torque: 32
19:08:29.926 > throttle1_pos: (none)
19:08:29.926 > throttle2_pos: (none)
19:08:29.926 > startup_countdown: not started
19:08:29.926 > motor_control_message_pacing: started
19:08:30.414 > === ECU State ===
19:08:30.427 > car_fully_on: false
19:08:30.427 > start_switch_on: false
19:08:30.427 > brake_pressure: 0
19:08:30.427 > calculated_torque: 32
19:08:30.427 > throttle1_pos: (none)
19:08:30.427 > throttle2_pos: (none)
19:08:30.427 > startup_countdown: not started
19:08:30.427 > motor_control_message_pacing: started
19:08:30.926 > === ECU State ===
19:08:30.927 > car_fully_on: false
19:08:30.927 > start_switch_on: false
19:08:30.927 > brake_pressure: 2
19:08:30.927 > calculated_torque: 32
19:08:30.927 > throttle1_pos: (none)
19:08:30.927 > throttle2_pos: (none)
19:08:30.927 > startup_countdown: not started
19:08:30.927 > motor_control_message_pacing: started
19:08:31.417 > === ECU State ===
19:08:31.426 > car_fully_on: false
19:08:31.426 > start_switch_on: true
19:08:31.426 > brake_pressure: 1
19:08:31.426 > calculated_torque: 33
19:08:31.426 > throttle1_pos: (none)
19:08:31.426 > throttle2_pos: (none)
19:08:31.426 > startup_countdown: started
19:08:31.426 > motor_control_message_pacing: started
19:08:31.922 > === ECU State ===
19:08:31.922 > car_fully_on: false
19:08:31.922 > start_switch_on: true
19:08:31.922 > brake_pressure: 1
19:08:31.922 > calculated_torque: 33
19:08:31.922 > throttle1_pos: (none)
19:08:31.922 > throttle2_pos: (none)
19:08:31.922 > startup_countdown: started
19:08:31.922 > motor_control_message_pacing: started
19:08:32.420 > === ECU State ===
19:08:32.427 > car_fully_on: false
19:08:32.427 > start_switch_on: true
19:08:32.427 > brake_pressure: 1
19:08:32.427 > calculated_torque: 32
19:08:32.427 > throttle1_pos: (none)
19:08:32.427 > throttle2_pos: (none)
19:08:32.427 > startup_countdown: started
19:08:32.427 > motor_control_message_pacing: started
19:08:32.919 > === ECU State ===
19:08:32.919 > car_fully_on: false
19:08:32.919 > start_switch_on: true
19:08:32.919 > brake_pressure: 1
19:08:32.919 > calculated_torque: 33
19:08:32.919 > throttle1_pos: (none)
19:08:32.919 > throttle2_pos: (none)
19:08:32.919 > startup_countdown: started
19:08:32.919 > motor_control_message_pacing: started
19:08:33.425 > === ECU State ===
19:08:33.426 > car_fully_on: true
19:08:33.426 > start_switch_on: true
19:08:33.426 > brake_pressure: 1
19:08:33.426 > calculated_torque: 33
19:08:33.426 > throttle1_pos: (none)
19:08:33.426 > throttle2_pos: (none)
19:08:33.426 > startup_countdown: not started
19:08:33.426 > motor_control_message_pacing: started
19:08:33.922 > === ECU State ===
19:08:33.927 > car_fully_on: true
19:08:33.927 > start_switch_on: true
19:08:33.927 > brake_pressure: 1
19:08:33.927 > calculated_torque: 33
19:08:33.927 > throttle1_pos: (none)
19:08:33.927 > throttle2_pos: (none)
19:08:33.927 > startup_countdown: not started
19:08:33.927 > motor_control_message_pacing: started
19:08:34.420 > === ECU State ===
19:08:34.427 > car_fully_on: true
19:08:34.427 > start_switch_on: true
19:08:34.427 > brake_pressure: 1
19:08:34.427 > calculated_torque: 33
19:08:34.427 > throttle1_pos: (none)
19:08:34.427 > throttle2_pos: (none)
19:08:34.427 > startup_countdown: not started
19:08:34.427 > motor_control_message_pacing: started
19:08:34.920 > === ECU State ===
19:08:34.920 > car_fully_on: true
19:08:34.920 > start_switch_on: true
19:08:34.920 > brake_pressure: 1
19:08:34.920 > calculated_torque: 33
19:08:34.920 > throttle1_pos: (none)
19:08:34.920 > throttle2_pos: (none)
19:08:34.920 > startup_countdown: not started
19:08:34.920 > motor_control_message_pacing: started
19:08:35.415 > === ECU State ===
19:08:35.415 > car_fully_on: true
19:08:35.415 > start_switch_on: true
19:08:35.415 > brake_pressure: 2
19:08:35.415 > calculated_torque: 33
19:08:35.415 > throttle1_pos: (none)
19:08:35.415 > throttle2_pos: (none)
19:08:35.415 > startup_countdown: not started
19:08:35.415 > motor_control_message_pacing: started
19:08:35.920 > === ECU State ===
19:08:35.920 > car_fully_on: true
19:08:35.920 > start_switch_on: true
19:08:35.920 > brake_pressure: 2
19:08:35.920 > calculated_torque: 32
19:08:35.920 > throttle1_pos: (none)
19:08:35.920 > throttle2_pos: (none)
19:08:35.920 > startup_countdown: not started
19:08:35.920 > motor_control_message_pacing: started
19:08:36.422 > === ECU State ===
19:08:36.422 > car_fully_on: true
19:08:36.422 > start_switch_on: true
19:08:36.422 > brake_pressure: 7
19:08:36.422 > calculated_torque: 33
19:08:36.422 > throttle1_pos: (none)
19:08:36.422 > throttle2_pos: (none)
19:08:36.422 > startup_countdown: not started
19:08:36.422 > motor_control_message_pacing: started
19:08:36.919 > === ECU State ===
19:08:36.919 > car_fully_on: true
19:08:36.919 > start_switch_on: true
19:08:36.919 > brake_pressure: 53
19:08:36.919 > calculated_torque: 33
19:08:36.919 > throttle1_pos: (none)
19:08:36.919 > throttle2_pos: (none)
19:08:36.919 > startup_countdown: not started
19:08:36.919 > motor_control_message_pacing: started
19:08:37.419 > === ECU State ===
19:08:37.427 > car_fully_on: true
19:08:37.427 > start_switch_on: true
19:08:37.427 > brake_pressure: 83
19:08:37.427 > calculated_torque: 45
19:08:37.427 > throttle1_pos: (none)
19:08:37.427 > throttle2_pos: (none)
19:08:37.427 > startup_countdown: not started
19:08:37.427 > motor_control_message_pacing: started
19:08:37.921 > === ECU State ===
19:08:37.921 > car_fully_on: true
19:08:37.921 > start_switch_on: true
19:08:37.921 > brake_pressure: 44
19:08:37.921 > calculated_torque: 32
19:08:37.921 > throttle1_pos: (none)
19:08:37.921 > throttle2_pos: (none)
19:08:37.921 > startup_countdown: not started
19:08:37.921 > motor_control_message_pacing: started
19:08:38.419 > === ECU State ===
19:08:38.419 > car_fully_on: false
19:08:38.419 > start_switch_on: false
19:08:38.419 > brake_pressure: 1
19:08:38.419 > calculated_torque: 32
19:08:38.419 > throttle1_pos: (none)
19:08:38.419 > throttle2_pos: (none)
19:08:38.419 > startup_countdown: not started
19:08:38.419 > motor_control_message_pacing: started
19:08:38.916 > === ECU State ===
19:08:38.927 > car_fully_on: false
19:08:38.927 > start_switch_on: false
19:08:38.927 > brake_pressure: 0
19:08:38.927 > calculated_torque: 32
19:08:38.927 > throttle1_pos: (none)
19:08:38.927 > throttle2_pos: (none)
19:08:38.927 > startup_countdown: not started
19:08:38.927 > motor_control_message_pacing: started
19:08:39.419 > === ECU State ===
19:08:39.419 > car_fully_on: false
19:08:39.419 > start_switch_on: false
19:08:39.419 > brake_pressure: 1
19:08:39.419 > calculated_torque: 32
19:08:39.419 > throttle1_pos: (none)
19:08:39.419 > throttle2_pos: (none)
19:08:39.419 > startup_countdown: not started
19:08:39.419 > motor_control_message_pacing: started
19:08:39.923 > === ECU State ===
19:08:39.923 > car_fully_on: false
19:08:39.923 > start_switch_on: false
19:08:39.923 > brake_pressure: 1
19:08:39.923 > calculated_torque: 32
19:08:39.923 > throttle1_pos: (none)
19:08:39.923 > throttle2_pos: (none)
19:08:39.923 > startup_countdown: not started
19:08:39.923 > motor_control_message_pacing: started
19:08:40.413 > === ECU State ===
19:08:40.427 > car_fully_on: false
19:08:40.427 > start_switch_on: false
19:08:40.427 > brake_pressure: 1
19:08:40.427 > calculated_torque: 32
19:08:40.427 > throttle1_pos: (none)
19:08:40.427 > throttle2_pos: (none)
19:08:40.427 > startup_countdown: not started
19:08:40.427 > motor_control_message_pacing: started
19:08:40.917 > === ECU State ===
19:08:40.926 > car_fully_on: false
19:08:40.926 > start_switch_on: false
19:08:40.926 > brake_pressure: 2
19:08:40.926 > calculated_torque: 32
19:08:40.926 > throttle1_pos: (none)
19:08:40.926 > throttle2_pos: (none)
19:08:40.926 > startup_countdown: not started
19:08:40.926 > motor_control_message_pacing: started
19:08:41.419 > === ECU State ===
19:08:41.426 > car_fully_on: false
19:08:41.426 > start_switch_on: false
19:08:41.426 > brake_pressure: 2
19:08:41.426 > calculated_torque: 32
19:08:41.426 > throttle1_pos: (none)
19:08:41.426 > throttle2_pos: (none)
19:08:41.426 > startup_countdown: not started
19:08:41.426 > motor_control_message_pacing: started
19:08:41.922 > === ECU State ===
19:08:41.926 > car_fully_on: false
19:08:41.926 > start_switch_on: false
19:08:41.926 > brake_pressure: 1
19:08:41.926 > calculated_torque: 33
19:08:41.926 > throttle1_pos: (none)
19:08:41.926 > throttle2_pos: (none)
19:08:41.926 > startup_countdown: not started
19:08:41.926 > motor_control_message_pacing: started
19:08:42.419 > === ECU State ===
19:08:42.419 > car_fully_on: false
19:08:42.419 > start_switch_on: false
19:08:42.419 > brake_pressure: 1
19:08:42.419 > calculated_torque: 32
19:08:42.419 > throttle1_pos: (none)
19:08:42.419 > throttle2_pos: (none)
19:08:42.419 > startup_countdown: not started
19:08:42.419 > motor_control_message_pacing: started
19:08:42.920 > === ECU State ===
19:08:42.920 > car_fully_on: false
19:08:42.920 > start_switch_on: false
19:08:42.920 > brake_pressure: 1
19:08:42.920 > calculated_torque: 32
19:08:42.920 > throttle1_pos: (none)
19:08:42.920 > throttle2_pos: (none)
19:08:42.920 > startup_countdown: not started
19:08:42.920 > motor_control_message_pacing: started
19:08:43.420 > === ECU State ===
19:08:43.420 > car_fully_on: false
19:08:43.420 > start_switch_on: true
19:08:43.420 > brake_pressure: 0
19:08:43.420 > calculated_torque: 32
19:08:43.420 > throttle1_pos: (none)
19:08:43.420 > throttle2_pos: (none)
19:08:43.420 > startup_countdown: started
19:08:43.420 > motor_control_message_pacing: started
19:08:43.914 > === ECU State ===
19:08:43.914 > car_fully_on: false
19:08:43.914 > start_switch_on: true
19:08:43.914 > brake_pressure: 1
19:08:43.914 > calculated_torque: 32
19:08:43.914 > throttle1_pos: (none)
19:08:43.914 > throttle2_pos: (none)
19:08:43.914 > startup_countdown: started
19:08:43.914 > motor_control_message_pacing: started
19:08:44.419 > === ECU State ===
19:08:44.419 > car_fully_on: false
19:08:44.419 > start_switch_on: true
19:08:44.419 > brake_pressure: 1
19:08:44.419 > calculated_torque: 32
19:08:44.419 > throttle1_pos: (none)
19:08:44.419 > throttle2_pos: (none)
19:08:44.419 > startup_countdown: started
19:08:44.419 > motor_control_message_pacing: started
19:08:44.919 > === ECU State ===
19:08:44.926 > car_fully_on: false
19:08:44.926 > start_switch_on: true
19:08:44.926 > brake_pressure: 1
19:08:44.926 > calculated_torque: 33
19:08:44.926 > throttle1_pos: (none)
19:08:44.926 > throttle2_pos: (none)
19:08:44.926 > startup_countdown: started
19:08:44.926 > motor_control_message_pacing: started
19:08:45.419 > === ECU State ===
19:08:45.428 > car_fully_on: true
19:08:45.428 > start_switch_on: true
19:08:45.428 > brake_pressure: 1
19:08:45.428 > calculated_torque: 32
19:08:45.428 > throttle1_pos: (none)
19:08:45.428 > throttle2_pos: (none)
19:08:45.428 > startup_countdown: not started
19:08:45.428 > motor_control_message_pacing: started
19:08:45.921 > === ECU State ===
19:08:45.921 > car_fully_on: true
19:08:45.921 > start_switch_on: true
19:08:45.921 > brake_pressure: 2
19:08:45.921 > calculated_torque: 33
19:08:45.921 > throttle1_pos: (none)
19:08:45.921 > throttle2_pos: (none)
19:08:45.921 > startup_countdown: not started
19:08:45.921 > motor_control_message_pacing: started
19:08:46.420 > === ECU State ===
19:08:46.420 > car_fully_on: true
19:08:46.420 > start_switch_on: true
19:08:46.420 > brake_pressure: 1
19:08:46.420 > calculated_torque: 32
19:08:46.420 > throttle1_pos: (none)
19:08:46.420 > throttle2_pos: (none)
19:08:46.420 > startup_countdown: not started
19:08:46.420 > motor_control_message_pacing: started
19:08:46.920 > === ECU State ===
19:08:46.920 > car_fully_on: true
19:08:46.920 > start_switch_on: true
19:08:46.920 > brake_pressure: 1
19:08:46.920 > calculated_torque: 31
19:08:46.920 > throttle1_pos: (none)
19:08:46.920 > throttle2_pos: (none)
19:08:46.920 > startup_countdown: not started
19:08:46.920 > motor_control_message_pacing: started
19:08:47.419 > === ECU State ===
19:08:47.419 > car_fully_on: true
19:08:47.419 > start_switch_on: true
19:08:47.419 > brake_pressure: 2
19:08:47.419 > calculated_torque: 32
19:08:47.419 > throttle1_pos: (none)
19:08:47.419 > throttle2_pos: (none)
19:08:47.419 > startup_countdown: not started
19:08:47.419 > motor_control_message_pacing: started
19:08:47.924 > === ECU State ===
19:08:47.926 > car_fully_on: true
19:08:47.926 > start_switch_on: true
19:08:47.926 > brake_pressure: 2
19:08:47.926 > calculated_torque: 32
19:08:47.926 > throttle1_pos: (none)
19:08:47.926 > throttle2_pos: (none)
19:08:47.926 > startup_countdown: not started
19:08:47.926 > motor_control_message_pacing: started
19:08:48.412 > === ECU State ===
19:08:48.412 > car_fully_on: true
19:08:48.412 > start_switch_on: true
19:08:48.412 > brake_pressure: 11
19:08:48.412 > calculated_torque: 32
19:08:48.412 > throttle1_pos: (none)
19:08:48.412 > throttle2_pos: (none)
19:08:48.412 > startup_countdown: not started
19:08:48.412 > motor_control_message_pacing: started
19:08:48.918 > === ECU State ===
19:08:48.926 > car_fully_on: true
19:08:48.926 > start_switch_on: true
19:08:48.926 > brake_pressure: 44
19:08:48.926 > calculated_torque: 33
19:08:48.926 > throttle1_pos: (none)
19:08:48.926 > throttle2_pos: (none)
19:08:48.926 > startup_countdown: not started
19:08:48.926 > motor_control_message_pacing: started
19:08:49.426 > === ECU State ===
19:08:49.426 > car_fully_on: true
19:08:49.426 > start_switch_on: true
19:08:49.426 > brake_pressure: 60
19:08:49.426 > calculated_torque: 32
19:08:49.426 > throttle1_pos: (none)
19:08:49.426 > throttle2_pos: (none)
19:08:49.426 > startup_countdown: not started
19:08:49.426 > motor_control_message_pacing: started
19:08:49.915 > === ECU State ===
19:08:49.915 > car_fully_on: true
19:08:49.915 > start_switch_on: true
19:08:49.915 > brake_pressure: 14
19:08:49.915 > calculated_torque: 32
19:08:49.915 > throttle1_pos: (none)
19:08:49.915 > throttle2_pos: (none)
19:08:49.915 > startup_countdown: not started
19:08:49.915 > motor_control_message_pacing: started
19:08:50.425 > === ECU State ===
19:08:50.426 > car_fully_on: true
19:08:50.426 > start_switch_on: true
19:08:50.426 > brake_pressure: 42
19:08:50.426 > calculated_torque: 32
19:08:50.426 > throttle1_pos: (none)
19:08:50.426 > throttle2_pos: (none)
19:08:50.426 > startup_countdown: not started
19:08:50.426 > motor_control_message_pacing: started
19:08:50.921 > === ECU State ===
19:08:50.921 > car_fully_on: true
19:08:50.921 > start_switch_on: true
19:08:50.921 > brake_pressure: 30
19:08:50.921 > calculated_torque: 32
19:08:50.921 > throttle1_pos: (none)
19:08:50.921 > throttle2_pos: (none)
19:08:50.921 > startup_countdown: not started
19:08:50.921 > motor_control_message_pacing: started
19:08:51.419 > === ECU State ===
19:08:51.419 > car_fully_on: true
19:08:51.419 > start_switch_on: true
19:08:51.419 > brake_pressure: 44
19:08:51.419 > calculated_torque: 32
19:08:51.419 > throttle1_pos: (none)
19:08:51.419 > throttle2_pos: (none)
19:08:51.419 > startup_countdown: not started
19:08:51.419 > motor_control_message_pacing: started
19:08:51.913 > === ECU State ===
19:08:51.913 > car_fully_on: true
19:08:51.913 > start_switch_on: true
19:08:51.913 > brake_pressure: 1
19:08:51.913 > calculated_torque: 33
19:08:51.913 > throttle1_pos: (none)
19:08:51.913 > throttle2_pos: (none)
19:08:51.913 > startup_countdown: not started
19:08:51.913 > motor_control_message_pacing: started
19:08:52.419 > === ECU State ===
19:08:52.419 > car_fully_on: true
19:08:52.419 > start_switch_on: true
19:08:52.419 > brake_pressure: 0
19:08:52.419 > calculated_torque: 32
19:08:52.419 > throttle1_pos: (none)
19:08:52.419 > throttle2_pos: (none)
19:08:52.419 > startup_countdown: not started
19:08:52.419 > motor_control_message_pacing: started
19:08:52.919 > === ECU State ===
19:08:52.919 > car_fully_on: true
19:08:52.919 > start_switch_on: true
19:08:52.919 > brake_pressure: 1
19:08:52.919 > calculated_torque: 32
19:08:52.919 > throttle1_pos: (none)
19:08:52.919 > throttle2_pos: (none)
19:08:52.919 > startup_countdown: not started
19:08:52.919 > motor_control_message_pacing: started
19:08:53.417 > === ECU State ===
19:08:53.417 > car_fully_on: true
19:08:53.417 > start_switch_on: true
19:08:53.417 > brake_pressure: 1
19:08:53.417 > calculated_torque: 33
19:08:53.417 > throttle1_pos: (none)
19:08:53.417 > throttle2_pos: (none)
19:08:53.417 > startup_countdown: not started
19:08:53.417 > motor_control_message_pacing: started
19:08:53.923 > === ECU State ===
19:08:53.926 > car_fully_on: true
19:08:53.926 > start_switch_on: true
19:08:53.926 > brake_pressure: 1
19:08:53.926 > calculated_torque: 32
19:08:53.926 > throttle1_pos: (none)
19:08:53.926 > throttle2_pos: (none)
19:08:53.926 > startup_countdown: not started
19:08:53.926 > motor_control_message_pacing: started
19:08:54.419 > === ECU State ===
19:08:54.419 > car_fully_on: true
19:08:54.419 > start_switch_on: true
19:08:54.419 > brake_pressure: 1
19:08:54.419 > calculated_torque: 33
19:08:54.419 > throttle1_pos: (none)
19:08:54.419 > throttle2_pos: (none)
19:08:54.419 > startup_countdown: not started
19:08:54.419 > motor_control_message_pacing: started
19:08:54.921 > === ECU State ===
19:08:54.926 > car_fully_on: true
19:08:54.926 > start_switch_on: true
19:08:54.926 > brake_pressure: 15
19:08:54.926 > calculated_torque: 32
19:08:54.926 > throttle1_pos: (none)
19:08:54.926 > throttle2_pos: (none)
19:08:54.926 > startup_countdown: not started
19:08:54.926 > motor_control_message_pacing: started
19:08:55.423 > === ECU State ===
19:08:55.423 > car_fully_on: true
19:08:55.423 > start_switch_on: true
19:08:55.423 > brake_pressure: 38
19:08:55.423 > calculated_torque: 37
19:08:55.423 > throttle1_pos: (none)
19:08:55.423 > throttle2_pos: (none)
19:08:55.423 > startup_countdown: not started
19:08:55.423 > motor_control_message_pacing: started
19:08:55.914 > === ECU State ===
19:08:55.926 > car_fully_on: true
19:08:55.926 > start_switch_on: true
19:08:55.926 > brake_pressure: 21
19:08:55.926 > calculated_torque: 32
19:08:55.926 > throttle1_pos: (none)
19:08:55.926 > throttle2_pos: (none)
19:08:55.926 > startup_countdown: not started
19:08:55.926 > motor_control_message_pacing: started
19:08:56.414 > === ECU State ===
19:08:56.426 > car_fully_on: true
19:08:56.426 > start_switch_on: true
19:08:56.426 > brake_pressure: 17
19:08:56.426 > calculated_torque: 32
19:08:56.426 > throttle1_pos: (none)
19:08:56.426 > throttle2_pos: (none)
19:08:56.426 > startup_countdown: not started
19:08:56.426 > motor_control_message_pacing: started
19:08:56.823 > Assertion failed! In file lib\common\ecu.cpp:36 with message 
19:08:57.830 > Assertion failed! In file lib\common\ecu.cpp:36 with message 
19:08:58.826 > Assertion failed! In file lib\common\ecu.cpp:36 with message 
19:08:59.823 > Assertion failed! In file lib\common\ecu.cpp:36 with message 
19:09:00.829 > Assertion failed! In file lib\common\ecu.cpp:36 with message 
19:09:01.832 > Assertion failed! In file lib\common\ecu.cpp:36 with message 
19:09:02.828 > Assertion failed! In file lib\common\ecu.cpp:36 with message 
19:09:03.830 > Assertion failed! In file lib\common\ecu.cpp:36 with message 
19:09:04.829 > Assertion failed! In file lib\common\ecu.cpp:36 with message 
19:09:05.832 > Assertion failed! In file lib\common\ecu.cpp:36 with message 
19:09:06.831 > Assertion failed! In file lib\common\ecu.cpp:36 with message 
19:09:07.821 > Assertion failed! In file lib\common\ecu.cpp:36 with message 
19:09:08.823 > Assertion failed! In file lib\common\ecu.cpp:36 with message 
19:09:09.831 > Assertion failed! In file lib\common\ecu.cpp:36 with message 
19:09:10.832 > Assertion failed! In file lib\common\ecu.cpp:36 with message 
19:09:11.829 > Assertion failed! In file lib\common\ecu.cpp:36 with message 
19:09:12.831 > Assertion failed! In file lib\common\ecu.cpp:36 with message 
19:09:13.821 > Assertion failed! In file lib\common\ecu.cpp:36 with message 
19:09:14.828 > Assertion failed! In file lib\common\ecu.cpp:36 with message 
19:09:15.832 > Assertion failed! In file lib\common\ecu.cpp:36 with message 
19:09:16.830 > Assertion failed! In file lib\common\ecu.cpp:36 with message 
19:09:17.832 > Assertion failed! In file lib\common\ecu.cpp:36 with message 
19:09:18.832 > Assertion failed! In file lib\common\ecu.cpp:36 with message 
19:09:19.832 > Assertion failed! In file lib\common\ecu.cpp:36 with message 
19:09:20.832 > Assertion failed! In file lib\common\ecu.cpp:36 with message 
19:09:21.832 > Assertion failed! In file lib\common\ecu.cpp:36 with message 
19:09:22.825 > Assertion failed! In file lib\common\ecu.cpp:36 with message 
19:09:23.831 > Assertion failed! In file lib\common\ecu.cpp:36 with message 
19:09:24.823 > Assertion failed! In file lib\common\ecu.cpp:36 with message 
19:09:25.830 > Assertion failed! In file lib\common\ecu.cpp:36 with message 
19:09:26.823 > Assertion failed! In file lib\common\ecu.cpp:36 with message 
19:09:27.830 > Assertion failed! In file lib\common\ecu.cpp:36 with message 
19:09:28.825 > Assertion failed! In file lib\common\ecu.cpp:36 with message 
19:09:29.828 > Assertion failed! In file lib\common\ecu.cpp:36 with message 
19:09:30.828 > Assertion failed! In file lib\common\ecu.cpp:36 with message 
19:09:31.825 > Assertion failed! In file lib\common\ecu.cpp:36 with message 
19:09:32.820 > Assertion failed! In file lib\common\ecu.cpp:36 with message 
19:09:33.823 > Assertion failed! In file lib\common\ecu.cpp:36 with message 
19:09:34.821 > Assertion failed! In file lib\common\ecu.cpp:36 with message 
19:09:35.828 > Assertion failed! In file lib\common\ecu.cpp:36 with message 
19:09:36.832 > Assertion failed! In file lib\common\ecu.cpp:36 with message 
