19:11:55.647 > === ECU State ===
19:11:55.648 > car_fully_on: false
19:11:55.648 > start_switch_on: false
19:11:55.648 > brake_pressure: 1
19:11:55.648 > calculated_torque: 32
19:11:55.648 > throttle1_pos: (none)
19:11:55.648 > throttle2_pos: (none)
19:11:55.648 > startup_countdown: not started
19:11:55.648 > motor_control_message_pacing: started
19:11:56.147 > === ECU State ===
19:11:56.147 > car_fully_on: false
19:11:56.147 > start_switch_on: false
19:11:56.147 > brake_pressure: 2
19:11:56.147 > calculated_torque: 32
19:11:56.147 > throttle1_pos: (none)
19:11:56.147 > throttle2_pos: (none)
19:11:56.147 > startup_countdown: not started
19:11:56.147 > motor_control_message_pacing: started
19:11:56.646 > === ECU State ===
19:11:56.646 > car_fully_on: false
19:11:56.646 > start_switch_on: false
19:11:56.646 > brake_pressure: 1
19:11:56.646 > calculated_torque: 32
19:11:56.646 > throttle1_pos: (none)
19:11:56.646 > throttle2_pos: (none)
19:11:56.646 > startup_countdown: not started
19:11:56.646 > motor_control_message_pacing: started
19:11:57.146 > === ECU State ===
19:11:57.146 > car_fully_on: false
19:11:57.146 > start_switch_on: false
19:11:57.146 > brake_pressure: 1
19:11:57.146 > calculated_torque: 32
19:11:57.146 > throttle1_pos: (none)
19:11:57.146 > throttle2_pos: (none)
19:11:57.146 > startup_countdown: not started
19:11:57.146 > motor_control_message_pacing: started
19:11:57.647 > === ECU State ===
19:11:57.647 > car_fully_on: false
19:11:57.647 > start_switch_on: false
19:11:57.647 > brake_pressure: 1
19:11:57.647 > calculated_torque: 32
19:11:57.647 > throttle1_pos: (none)
19:11:57.647 > throttle2_pos: (none)
19:11:57.647 > startup_countdown: not started
19:11:57.647 > motor_control_message_pacing: started
19:11:58.146 > === ECU State ===
19:11:58.146 > car_fully_on: false
19:11:58.146 > start_switch_on: false
19:11:58.146 > brake_pressure: 1
19:11:58.146 > calculated_torque: 32
19:11:58.146 > throttle1_pos: (none)
19:11:58.146 > throttle2_pos: (none)
19:11:58.146 > startup_countdown: not started
19:11:58.146 > motor_control_message_pacing: started
19:11:58.647 > === ECU State ===
19:11:58.647 > car_fully_on: false
19:11:58.647 > start_switch_on: false
19:11:58.647 > brake_pressure: 1
19:11:58.647 > calculated_torque: 32
19:11:58.647 > throttle1_pos: (none)
19:11:58.647 > throttle2_pos: (none)
19:11:58.647 > startup_countdown: not started
19:11:58.647 > motor_control_message_pacing: started
19:11:59.147 > === ECU State ===
19:11:59.148 > car_fully_on: false
19:11:59.148 > start_switch_on: false
19:11:59.148 > brake_pressure: 1
19:11:59.148 > calculated_torque: 32
19:11:59.148 > throttle1_pos: (none)
19:11:59.148 > throttle2_pos: (none)
19:11:59.148 > startup_countdown: not started
19:11:59.148 > motor_control_message_pacing: started
19:11:59.646 > === ECU State ===
19:11:59.646 > car_fully_on: false
19:11:59.646 > start_switch_on: false
19:11:59.646 > brake_pressure: 1
19:11:59.646 > calculated_torque: 32
19:11:59.646 > throttle1_pos: (none)
19:11:59.646 > throttle2_pos: (none)
19:11:59.646 > startup_countdown: not started
19:11:59.646 > motor_control_message_pacing: started
19:12:00.147 > === ECU State ===
19:12:00.148 > car_fully_on: false
19:12:00.148 > start_switch_on: false
19:12:00.148 > brake_pressure: 1
19:12:00.148 > calculated_torque: 32
19:12:00.148 > throttle1_pos: (none)
19:12:00.148 > throttle2_pos: (none)
19:12:00.148 > startup_countdown: not started
19:12:00.148 > motor_control_message_pacing: started
19:12:00.647 > === ECU State ===
19:12:00.647 > car_fully_on: false
19:12:00.647 > start_switch_on: false
19:12:00.647 > brake_pressure: 1
19:12:00.647 > calculated_torque: 32
19:12:00.647 > throttle1_pos: (none)
19:12:00.647 > throttle2_pos: (none)
19:12:00.647 > startup_countdown: not started
19:12:00.647 > motor_control_message_pacing: started
19:12:01.146 > === ECU State ===
19:12:01.148 > car_fully_on: false
19:12:01.148 > start_switch_on: false
19:12:01.148 > brake_pressure: 1
19:12:01.148 > calculated_torque: 32
19:12:01.148 > throttle1_pos: (none)
19:12:01.148 > throttle2_pos: (none)
19:12:01.148 > startup_countdown: not started
19:12:01.148 > motor_control_message_pacing: started
19:12:01.646 > === ECU State ===
19:12:01.646 > car_fully_on: false
19:12:01.646 > start_switch_on: false
19:12:01.646 > brake_pressure: 1
19:12:01.646 > calculated_torque: 32
19:12:01.646 > throttle1_pos: (none)
19:12:01.646 > throttle2_pos: (none)
19:12:01.646 > startup_countdown: not started
19:12:01.646 > motor_control_message_pacing: started
19:12:02.146 > === ECU State ===
19:12:02.146 > car_fully_on: false
19:12:02.146 > start_switch_on: false
19:12:02.146 > brake_pressure: 1
19:12:02.146 > calculated_torque: 32
19:12:02.146 > throttle1_pos: (none)
19:12:02.146 > throttle2_pos: (none)
19:12:02.146 > startup_countdown: not started
19:12:02.146 > motor_control_message_pacing: started
19:12:02.647 > === ECU State ===
19:12:02.647 > car_fully_on: false
19:12:02.647 > start_switch_on: false
19:12:02.647 > brake_pressure: 1
19:12:02.647 > calculated_torque: 32
19:12:02.647 > throttle1_pos: (none)
19:12:02.647 > throttle2_pos: (none)
19:12:02.647 > startup_countdown: not started
19:12:02.647 > motor_control_message_pacing: started
19:12:03.146 > === ECU State ===
19:12:03.146 > car_fully_on: false
19:12:03.146 > start_switch_on: false
19:12:03.146 > brake_pressure: 1
19:12:03.146 > calculated_torque: 32
19:12:03.146 > throttle1_pos: (none)
19:12:03.146 > throttle2_pos: (none)
19:12:03.146 > startup_countdown: not started
19:12:03.146 > motor_control_message_pacing: started
19:12:03.646 > === ECU State ===
19:12:03.646 > car_fully_on: false
19:12:03.646 > start_switch_on: false
19:12:03.646 > brake_pressure: 1
19:12:03.646 > calculated_torque: 32
19:12:03.646 > throttle1_pos: (none)
19:12:03.646 > throttle2_pos: (none)
19:12:03.646 > startup_countdown: not started
19:12:03.646 > motor_control_message_pacing: started
19:12:04.147 > === ECU State ===
19:12:04.147 > car_fully_on: false
19:12:04.147 > start_switch_on: false
19:12:04.147 > brake_pressure: 0
19:12:04.147 > calculated_torque: 33
19:12:04.147 > throttle1_pos: (none)
19:12:04.147 > throttle2_pos: (none)
19:12:04.147 > startup_countdown: not started
19:12:04.147 > motor_control_message_pacing: started
19:12:04.647 > === ECU State ===
19:12:04.648 > car_fully_on: false
19:12:04.648 > start_switch_on: false
19:12:04.648 > brake_pressure: 1
19:12:04.648 > calculated_torque: 32
19:12:04.648 > throttle1_pos: (none)
19:12:04.648 > throttle2_pos: (none)
19:12:04.648 > startup_countdown: not started
19:12:04.648 > motor_control_message_pacing: started
19:12:05.146 > === ECU State ===
19:12:05.146 > car_fully_on: false
19:12:05.146 > start_switch_on: false
19:12:05.146 > brake_pressure: 1
19:12:05.146 > calculated_torque: 32
19:12:05.146 > throttle1_pos: (none)
19:12:05.146 > throttle2_pos: (none)
19:12:05.146 > startup_countdown: not started
19:12:05.146 > motor_control_message_pacing: started
19:12:05.647 > === ECU State ===
19:12:05.648 > car_fully_on: false
19:12:05.648 > start_switch_on: false
19:12:05.648 > brake_pressure: 0
19:12:05.648 > calculated_torque: 32
19:12:05.648 > throttle1_pos: (none)
19:12:05.648 > throttle2_pos: (none)
19:12:05.648 > startup_countdown: not started
19:12:05.648 > motor_control_message_pacing: started
19:12:06.137 > === ECU State ===
19:12:06.137 > car_fully_on: false
19:12:06.137 > start_switch_on: false
19:12:06.137 > brake_pressure: 1
19:12:06.137 > calculated_torque: 32
19:12:06.137 > throttle1_pos: (none)
19:12:06.137 > throttle2_pos: (none)
19:12:06.137 > startup_countdown: not started
19:12:06.137 > motor_control_message_pacing: started
19:12:06.646 > === ECU State ===
19:12:06.646 > car_fully_on: false
19:12:06.646 > start_switch_on: false
19:12:06.646 > brake_pressure: 1
19:12:06.646 > calculated_torque: 32
19:12:06.646 > throttle1_pos: (none)
19:12:06.646 > throttle2_pos: (none)
19:12:06.646 > startup_countdown: not started
19:12:06.646 > motor_control_message_pacing: started
19:12:07.146 > === ECU State ===
19:12:07.148 > car_fully_on: false
19:12:07.148 > start_switch_on: false
19:12:07.148 > brake_pressure: 1
19:12:07.148 > calculated_torque: 32
19:12:07.148 > throttle1_pos: (none)
19:12:07.148 > throttle2_pos: (none)
19:12:07.148 > startup_countdown: not started
19:12:07.148 > motor_control_message_pacing: started
19:12:07.647 > === ECU State ===
19:12:07.647 > car_fully_on: false
19:12:07.647 > start_switch_on: false
19:12:07.647 > brake_pressure: 1
19:12:07.647 > calculated_torque: 32
19:12:07.647 > throttle1_pos: (none)
19:12:07.647 > throttle2_pos: (none)
19:12:07.647 > startup_countdown: not started
19:12:07.647 > motor_control_message_pacing: started
19:12:08.147 > === ECU State ===
19:12:08.148 > car_fully_on: false
19:12:08.148 > start_switch_on: false
19:12:08.148 > brake_pressure: 0
19:12:08.148 > calculated_torque: 32
19:12:08.148 > throttle1_pos: (none)
19:12:08.148 > throttle2_pos: (none)
19:12:08.148 > startup_countdown: not started
19:12:08.148 > motor_control_message_pacing: started
19:12:08.646 > === ECU State ===
19:12:08.646 > car_fully_on: false
19:12:08.646 > start_switch_on: false
19:12:08.646 > brake_pressure: 1
19:12:08.646 > calculated_torque: 32
19:12:08.646 > throttle1_pos: (none)
19:12:08.646 > throttle2_pos: (none)
19:12:08.646 > startup_countdown: not started
19:12:08.646 > motor_control_message_pacing: started
19:12:09.147 > === ECU State ===
19:12:09.147 > car_fully_on: false
19:12:09.147 > start_switch_on: false
19:12:09.147 > brake_pressure: 1
19:12:09.147 > calculated_torque: 32
19:12:09.147 > throttle1_pos: (none)
19:12:09.147 > throttle2_pos: (none)
19:12:09.147 > startup_countdown: not started
19:12:09.147 > motor_control_message_pacing: started
19:12:09.643 > === ECU State ===
19:12:09.643 > car_fully_on: false
19:12:09.643 > start_switch_on: false
19:12:09.643 > brake_pressure: 1
19:12:09.643 > calculated_torque: 32
19:12:09.643 > throttle1_pos: (none)
19:12:09.643 > throttle2_pos: (none)
19:12:09.643 > startup_countdown: not started
19:12:09.643 > motor_control_message_pacing: started
19:12:10.147 > === ECU State ===
19:12:10.148 > car_fully_on: false
19:12:10.148 > start_switch_on: false
19:12:10.148 > brake_pressure: 1
19:12:10.148 > calculated_torque: 32
19:12:10.148 > throttle1_pos: (none)
19:12:10.148 > throttle2_pos: (none)
19:12:10.148 > startup_countdown: not started
19:12:10.148 > motor_control_message_pacing: started
19:12:10.647 > === ECU State ===
19:12:10.648 > car_fully_on: false
19:12:10.648 > start_switch_on: false
19:12:10.648 > brake_pressure: 0
19:12:10.648 > calculated_torque: 33
19:12:10.648 > throttle1_pos: (none)
19:12:10.648 > throttle2_pos: (none)
19:12:10.648 > startup_countdown: not started
19:12:10.648 > motor_control_message_pacing: started
19:12:11.146 > === ECU State ===
19:12:11.146 > car_fully_on: false
19:12:11.146 > start_switch_on: false
19:12:11.146 > brake_pressure: 1
19:12:11.146 > calculated_torque: 32
19:12:11.146 > throttle1_pos: (none)
19:12:11.146 > throttle2_pos: (none)
19:12:11.146 > startup_countdown: not started
19:12:11.146 > motor_control_message_pacing: started
19:12:11.647 > === ECU State ===
19:12:11.647 > car_fully_on: false
19:12:11.647 > start_switch_on: false
19:12:11.647 > brake_pressure: 1
19:12:11.647 > calculated_torque: 32
19:12:11.647 > throttle1_pos: (none)
19:12:11.647 > throttle2_pos: (none)
19:12:11.647 > startup_countdown: not started
19:12:11.647 > motor_control_message_pacing: started
19:12:12.146 > === ECU State ===
19:12:12.146 > car_fully_on: false
19:12:12.146 > start_switch_on: false
19:12:12.146 > brake_pressure: 2
19:12:12.146 > calculated_torque: 32
19:12:12.146 > throttle1_pos: (none)
19:12:12.146 > throttle2_pos: (none)
19:12:12.146 > startup_countdown: not started
19:12:12.146 > motor_control_message_pacing: started
19:12:12.646 > === ECU State ===
19:12:12.646 > car_fully_on: false
19:12:12.646 > start_switch_on: false
19:12:12.646 > brake_pressure: 1
19:12:12.646 > calculated_torque: 32
19:12:12.646 > throttle1_pos: (none)
19:12:12.646 > throttle2_pos: (none)
19:12:12.646 > startup_countdown: not started
19:12:12.646 > motor_control_message_pacing: started
19:12:13.146 > === ECU State ===
19:12:13.146 > car_fully_on: false
19:12:13.146 > start_switch_on: false
19:12:13.146 > brake_pressure: 1
19:12:13.146 > calculated_torque: 32
19:12:13.146 > throttle1_pos: (none)
19:12:13.146 > throttle2_pos: (none)
19:12:13.146 > startup_countdown: not started
19:12:13.146 > motor_control_message_pacing: started
19:12:13.646 > === ECU State ===
19:12:13.646 > car_fully_on: false
19:12:13.646 > start_switch_on: false
19:12:13.646 > brake_pressure: 1
19:12:13.646 > calculated_torque: 33
19:12:13.646 > throttle1_pos: (none)
19:12:13.646 > throttle2_pos: (none)
19:12:13.646 > startup_countdown: not started
19:12:13.646 > motor_control_message_pacing: started
19:12:14.146 > === ECU State ===
19:12:14.146 > car_fully_on: false
19:12:14.146 > start_switch_on: false
19:12:14.146 > brake_pressure: 1
19:12:14.146 > calculated_torque: 33
19:12:14.146 > throttle1_pos: (none)
19:12:14.146 > throttle2_pos: (none)
19:12:14.146 > startup_countdown: not started
19:12:14.146 > motor_control_message_pacing: started
19:12:14.647 > === ECU State ===
19:12:14.647 > car_fully_on: false
19:12:14.647 > start_switch_on: false
19:12:14.647 > brake_pressure: 1
19:12:14.647 > calculated_torque: 32
19:12:14.647 > throttle1_pos: (none)
19:12:14.647 > throttle2_pos: (none)
19:12:14.647 > startup_countdown: not started
19:12:14.647 > motor_control_message_pacing: started
19:12:15.147 > === ECU State ===
19:12:15.147 > car_fully_on: false
19:12:15.147 > start_switch_on: false
19:12:15.147 > brake_pressure: 1
19:12:15.147 > calculated_torque: 32
19:12:15.147 > throttle1_pos: (none)
19:12:15.147 > throttle2_pos: (none)
19:12:15.147 > startup_countdown: not started
19:12:15.147 > motor_control_message_pacing: started
19:12:15.646 > === ECU State ===
19:12:15.646 > car_fully_on: false
19:12:15.646 > start_switch_on: false
19:12:15.646 > brake_pressure: 1
19:12:15.646 > calculated_torque: 32
19:12:15.646 > throttle1_pos: (none)
19:12:15.646 > throttle2_pos: (none)
19:12:15.646 > startup_countdown: not started
19:12:15.646 > motor_control_message_pacing: started
19:12:16.146 > === ECU State ===
19:12:16.146 > car_fully_on: false
19:12:16.146 > start_switch_on: false
19:12:16.146 > brake_pressure: 1
19:12:16.146 > calculated_torque: 32
19:12:16.146 > throttle1_pos: (none)
19:12:16.146 > throttle2_pos: (none)
19:12:16.146 > startup_countdown: not started
19:12:16.146 > motor_control_message_pacing: started
19:12:16.647 > === ECU State ===
19:12:16.647 > car_fully_on: false
19:12:16.647 > start_switch_on: false
19:12:16.647 > brake_pressure: 0
19:12:16.647 > calculated_torque: 32
19:12:16.647 > throttle1_pos: (none)
19:12:16.647 > throttle2_pos: (none)
19:12:16.647 > startup_countdown: not started
19:12:16.647 > motor_control_message_pacing: started
19:12:17.147 > === ECU State ===
19:12:17.147 > car_fully_on: false
19:12:17.147 > start_switch_on: false
19:12:17.147 > brake_pressure: 1
19:12:17.147 > calculated_torque: 33
19:12:17.147 > throttle1_pos: (none)
19:12:17.147 > throttle2_pos: (none)
19:12:17.147 > startup_countdown: not started
19:12:17.147 > motor_control_message_pacing: started
19:12:17.646 > === ECU State ===
19:12:17.646 > car_fully_on: false
19:12:17.646 > start_switch_on: false
19:12:17.646 > brake_pressure: 1
19:12:17.646 > calculated_torque: 32
19:12:17.646 > throttle1_pos: (none)
19:12:17.646 > throttle2_pos: (none)
19:12:17.646 > startup_countdown: not started
19:12:17.646 > motor_control_message_pacing: started
19:12:18.147 > === ECU State ===
19:12:18.148 > car_fully_on: false
19:12:18.148 > start_switch_on: false
19:12:18.148 > brake_pressure: 0
19:12:18.148 > calculated_torque: 32
19:12:18.148 > throttle1_pos: (none)
19:12:18.148 > throttle2_pos: (none)
19:12:18.148 > startup_countdown: not started
19:12:18.148 > motor_control_message_pacing: started
19:12:18.647 > === ECU State ===
19:12:18.648 > car_fully_on: false
19:12:18.648 > start_switch_on: false
19:12:18.648 > brake_pressure: 1
19:12:18.648 > calculated_torque: 32
19:12:18.648 > throttle1_pos: (none)
19:12:18.648 > throttle2_pos: (none)
19:12:18.648 > startup_countdown: not started
19:12:18.648 > motor_control_message_pacing: started
19:12:19.147 > === ECU State ===
19:12:19.147 > car_fully_on: false
19:12:19.147 > start_switch_on: false
19:12:19.147 > brake_pressure: 1
19:12:19.147 > calculated_torque: 32
19:12:19.147 > throttle1_pos: (none)
19:12:19.147 > throttle2_pos: (none)
19:12:19.147 > startup_countdown: not started
19:12:19.147 > motor_control_message_pacing: started
19:12:19.647 > === ECU State ===
19:12:19.647 > car_fully_on: false
19:12:19.647 > start_switch_on: false
19:12:19.647 > brake_pressure: 1
19:12:19.647 > calculated_torque: 32
19:12:19.647 > throttle1_pos: (none)
19:12:19.647 > throttle2_pos: (none)
19:12:19.647 > startup_countdown: not started
19:12:19.647 > motor_control_message_pacing: started
19:12:20.147 > === ECU State ===
19:12:20.147 > car_fully_on: false
19:12:20.147 > start_switch_on: false
19:12:20.147 > brake_pressure: 1
19:12:20.147 > calculated_torque: 32
19:12:20.147 > throttle1_pos: (none)
19:12:20.147 > throttle2_pos: (none)
19:12:20.147 > startup_countdown: not started
19:12:20.147 > motor_control_message_pacing: started
19:12:20.647 > === ECU State ===
19:12:20.647 > car_fully_on: false
19:12:20.647 > start_switch_on: false
19:12:20.647 > brake_pressure: 1
19:12:20.647 > calculated_torque: 32
19:12:20.647 > throttle1_pos: (none)
19:12:20.647 > throttle2_pos: (none)
19:12:20.647 > startup_countdown: not started
19:12:20.647 > motor_control_message_pacing: started
19:12:21.147 > === ECU State ===
19:12:21.147 > car_fully_on: false
19:12:21.147 > start_switch_on: false
19:12:21.147 > brake_pressure: 1
19:12:21.147 > calculated_torque: 32
19:12:21.147 > throttle1_pos: (none)
19:12:21.147 > throttle2_pos: (none)
19:12:21.147 > startup_countdown: not started
19:12:21.147 > motor_control_message_pacing: started
19:12:21.646 > === ECU State ===
19:12:21.646 > car_fully_on: false
19:12:21.646 > start_switch_on: false
19:12:21.646 > brake_pressure: 1
19:12:21.646 > calculated_torque: 32
19:12:21.646 > throttle1_pos: (none)
19:12:21.646 > throttle2_pos: (none)
19:12:21.646 > startup_countdown: not started
19:12:21.646 > motor_control_message_pacing: started
19:12:22.146 > === ECU State ===
19:12:22.146 > car_fully_on: false
19:12:22.146 > start_switch_on: false
19:12:22.146 > brake_pressure: 1
19:12:22.146 > calculated_torque: 32
19:12:22.146 > throttle1_pos: (none)
19:12:22.146 > throttle2_pos: (none)
19:12:22.146 > startup_countdown: not started
19:12:22.146 > motor_control_message_pacing: started
19:12:22.646 > === ECU State ===
19:12:22.648 > car_fully_on: false
19:12:22.648 > start_switch_on: false
19:12:22.648 > brake_pressure: 1
19:12:22.648 > calculated_torque: 32
19:12:22.648 > throttle1_pos: (none)
19:12:22.648 > throttle2_pos: (none)
19:12:22.648 > startup_countdown: not started
19:12:22.648 > motor_control_message_pacing: started
19:12:23.141 > === ECU State ===
19:12:23.141 > car_fully_on: false
19:12:23.141 > start_switch_on: false
19:12:23.141 > brake_pressure: 1
19:12:23.141 > calculated_torque: 32
19:12:23.141 > throttle1_pos: (none)
19:12:23.141 > throttle2_pos: (none)
19:12:23.141 > startup_countdown: not started
19:12:23.141 > motor_control_message_pacing: started
19:12:23.647 > === ECU State ===
19:12:23.647 > car_fully_on: false
19:12:23.647 > start_switch_on: false
19:12:23.647 > brake_pressure: 1
19:12:23.647 > calculated_torque: 32
19:12:23.647 > throttle1_pos: (none)
19:12:23.647 > throttle2_pos: (none)
19:12:23.647 > startup_countdown: not started
19:12:23.647 > motor_control_message_pacing: started
19:12:24.146 > === ECU State ===
19:12:24.146 > car_fully_on: false
19:12:24.146 > start_switch_on: false
19:12:24.146 > brake_pressure: 1
19:12:24.146 > calculated_torque: 33
19:12:24.146 > throttle1_pos: (none)
19:12:24.146 > throttle2_pos: (none)
19:12:24.146 > startup_countdown: not started
19:12:24.146 > motor_control_message_pacing: started
19:12:24.647 > === ECU State ===
19:12:24.647 > car_fully_on: false
19:12:24.647 > start_switch_on: false
19:12:24.647 > brake_pressure: 1
19:12:24.647 > calculated_torque: 33
19:12:24.647 > throttle1_pos: (none)
19:12:24.647 > throttle2_pos: (none)
19:12:24.647 > startup_countdown: not started
19:12:24.647 > motor_control_message_pacing: started
19:12:25.146 > === ECU State ===
19:12:25.146 > car_fully_on: false
19:12:25.146 > start_switch_on: false
19:12:25.146 > brake_pressure: 1
19:12:25.146 > calculated_torque: 32
19:12:25.146 > throttle1_pos: (none)
19:12:25.146 > throttle2_pos: (none)
19:12:25.146 > startup_countdown: not started
19:12:25.146 > motor_control_message_pacing: started
19:12:25.646 > === ECU State ===
19:12:25.646 > car_fully_on: false
19:12:25.646 > start_switch_on: false
19:12:25.646 > brake_pressure: 1
19:12:25.646 > calculated_torque: 32
19:12:25.646 > throttle1_pos: (none)
19:12:25.646 > throttle2_pos: (none)
19:12:25.646 > startup_countdown: not started
19:12:25.646 > motor_control_message_pacing: started
19:12:26.146 > === ECU State ===
19:12:26.148 > car_fully_on: false
19:12:26.148 > start_switch_on: false
19:12:26.148 > brake_pressure: 1
19:12:26.148 > calculated_torque: 32
19:12:26.148 > throttle1_pos: (none)
19:12:26.148 > throttle2_pos: (none)
19:12:26.148 > startup_countdown: not started
19:12:26.148 > motor_control_message_pacing: started
19:12:26.646 > === ECU State ===
19:12:26.648 > car_fully_on: false
19:12:26.648 > start_switch_on: false
19:12:26.648 > brake_pressure: 2
19:12:26.648 > calculated_torque: 32
19:12:26.648 > throttle1_pos: (none)
19:12:26.648 > throttle2_pos: (none)
19:12:26.648 > startup_countdown: not started
19:12:26.648 > motor_control_message_pacing: started
19:12:27.147 > === ECU State ===
19:12:27.147 > car_fully_on: false
19:12:27.147 > start_switch_on: true
19:12:27.147 > brake_pressure: 1
19:12:27.147 > calculated_torque: 32
19:12:27.147 > throttle1_pos: (none)
19:12:27.147 > throttle2_pos: (none)
19:12:27.147 > startup_countdown: started
19:12:27.147 > motor_control_message_pacing: started
19:12:27.646 > === ECU State ===
19:12:27.648 > car_fully_on: false
19:12:27.648 > start_switch_on: true
19:12:27.648 > brake_pressure: 1
19:12:27.648 > calculated_torque: 33
19:12:27.648 > throttle1_pos: (none)
19:12:27.648 > throttle2_pos: (none)
19:12:27.648 > startup_countdown: started
19:12:27.648 > motor_control_message_pacing: started
19:12:28.146 > === ECU State ===
19:12:28.146 > car_fully_on: false
19:12:28.146 > start_switch_on: true
19:12:28.146 > brake_pressure: 3
19:12:28.146 > calculated_torque: 32
19:12:28.146 > throttle1_pos: (none)
19:12:28.146 > throttle2_pos: (none)
19:12:28.146 > startup_countdown: started
19:12:28.146 > motor_control_message_pacing: started
19:12:28.646 > === ECU State ===
19:12:28.646 > car_fully_on: false
19:12:28.646 > start_switch_on: true
19:12:28.646 > brake_pressure: 1
19:12:28.646 > calculated_torque: 32
19:12:28.646 > throttle1_pos: (none)
19:12:28.646 > throttle2_pos: (none)
19:12:28.646 > startup_countdown: started
19:12:28.646 > motor_control_message_pacing: started
19:12:29.147 > === ECU State ===
19:12:29.147 > car_fully_on: true
19:12:29.147 > start_switch_on: true
19:12:29.147 > brake_pressure: 0
19:12:29.147 > calculated_torque: 32
19:12:29.147 > throttle1_pos: (none)
19:12:29.147 > throttle2_pos: (none)
19:12:29.147 > startup_countdown: not started
19:12:29.147 > motor_control_message_pacing: started
19:12:29.647 > === ECU State ===
19:12:29.648 > car_fully_on: true
19:12:29.648 > start_switch_on: true
19:12:29.648 > brake_pressure: 1
19:12:29.648 > calculated_torque: 32
19:12:29.648 > throttle1_pos: (none)
19:12:29.648 > throttle2_pos: (none)
19:12:29.648 > startup_countdown: not started
19:12:29.648 > motor_control_message_pacing: started
19:12:30.146 > === ECU State ===
19:12:30.146 > car_fully_on: true
19:12:30.146 > start_switch_on: true
19:12:30.146 > brake_pressure: 2
19:12:30.146 > calculated_torque: 32
19:12:30.146 > throttle1_pos: (none)
19:12:30.146 > throttle2_pos: (none)
19:12:30.146 > startup_countdown: not started
19:12:30.146 > motor_control_message_pacing: started
19:12:30.646 > === ECU State ===
19:12:30.646 > car_fully_on: true
19:12:30.646 > start_switch_on: true
19:12:30.646 > brake_pressure: 4
19:12:30.646 > calculated_torque: 32
19:12:30.646 > throttle1_pos: (none)
19:12:30.646 > throttle2_pos: (none)
19:12:30.646 > startup_countdown: not started
19:12:30.646 > motor_control_message_pacing: started
19:12:31.146 > === ECU State ===
19:12:31.146 > car_fully_on: true
19:12:31.146 > start_switch_on: true
19:12:31.146 > brake_pressure: 42
19:12:31.146 > calculated_torque: 32
19:12:31.146 > throttle1_pos: (none)
19:12:31.146 > throttle2_pos: (none)
19:12:31.146 > startup_countdown: not started
19:12:31.146 > motor_control_message_pacing: started
19:12:31.646 > === ECU State ===
19:12:31.646 > car_fully_on: true
19:12:31.646 > start_switch_on: true
19:12:31.646 > brake_pressure: 54
19:12:31.646 > calculated_torque: 32
19:12:31.646 > throttle1_pos: (none)
19:12:31.646 > throttle2_pos: (none)
19:12:31.646 > startup_countdown: not started
19:12:31.646 > motor_control_message_pacing: started
19:12:32.147 > === ECU State ===
19:12:32.147 > car_fully_on: true
19:12:32.147 > start_switch_on: true
19:12:32.147 > brake_pressure: 51
19:12:32.147 > calculated_torque: 34
19:12:32.147 > throttle1_pos: (none)
19:12:32.147 > throttle2_pos: (none)
19:12:32.147 > startup_countdown: not started
19:12:32.147 > motor_control_message_pacing: started
19:12:32.646 > === ECU State ===
19:12:32.646 > car_fully_on: true
19:12:32.646 > start_switch_on: true
19:12:32.646 > brake_pressure: 102
19:12:32.646 > calculated_torque: 33
19:12:32.646 > throttle1_pos: (none)
19:12:32.646 > throttle2_pos: (none)
19:12:32.646 > startup_countdown: not started
19:12:32.646 > motor_control_message_pacing: started
19:12:33.146 > === ECU State ===
19:12:33.146 > car_fully_on: true
19:12:33.146 > start_switch_on: true
19:12:33.146 > brake_pressure: 66
19:12:33.146 > calculated_torque: 32
19:12:33.146 > throttle1_pos: (none)
19:12:33.146 > throttle2_pos: (none)
19:12:33.146 > startup_countdown: not started
19:12:33.146 > motor_control_message_pacing: started
19:12:33.647 > === ECU State ===
19:12:33.647 > car_fully_on: true
19:12:33.647 > start_switch_on: true
19:12:33.647 > brake_pressure: 1
19:12:33.647 > calculated_torque: 32
19:12:33.647 > throttle1_pos: (none)
19:12:33.647 > throttle2_pos: (none)
19:12:33.647 > startup_countdown: not started
19:12:33.647 > motor_control_message_pacing: started
19:12:34.146 > === ECU State ===
19:12:34.146 > car_fully_on: true
19:12:34.146 > start_switch_on: true
19:12:34.146 > brake_pressure: 2
19:12:34.146 > calculated_torque: 33
19:12:34.146 > throttle1_pos: (none)
19:12:34.146 > throttle2_pos: (none)
19:12:34.146 > startup_countdown: not started
19:12:34.146 > motor_control_message_pacing: started
19:12:34.647 > === ECU State ===
19:12:34.647 > car_fully_on: true
19:12:34.647 > start_switch_on: true
19:12:34.647 > brake_pressure: 1
19:12:34.647 > calculated_torque: 33
19:12:34.647 > throttle1_pos: (none)
19:12:34.647 > throttle2_pos: (none)
19:12:34.647 > startup_countdown: not started
19:12:34.647 > motor_control_message_pacing: started
19:12:35.147 > === ECU State ===
19:12:35.147 > car_fully_on: true
19:12:35.147 > start_switch_on: true
19:12:35.147 > brake_pressure: 1
19:12:35.147 > calculated_torque: 33
19:12:35.147 > throttle1_pos: (none)
19:12:35.147 > throttle2_pos: (none)
19:12:35.147 > startup_countdown: not started
19:12:35.147 > motor_control_message_pacing: started
19:12:35.647 > === ECU State ===
19:12:35.648 > car_fully_on: true
19:12:35.648 > start_switch_on: true
19:12:35.648 > brake_pressure: 2
19:12:35.648 > calculated_torque: 32
19:12:35.648 > throttle1_pos: (none)
19:12:35.648 > throttle2_pos: (none)
19:12:35.648 > startup_countdown: not started
19:12:35.648 > motor_control_message_pacing: started
19:12:36.146 > === ECU State ===
19:12:36.148 > car_fully_on: true
19:12:36.148 > start_switch_on: true
19:12:36.148 > brake_pressure: 2
19:12:36.148 > calculated_torque: 32
19:12:36.148 > throttle1_pos: (none)
19:12:36.148 > throttle2_pos: (none)
19:12:36.148 > startup_countdown: not started
19:12:36.148 > motor_control_message_pacing: started
19:12:36.646 > === ECU State ===
19:12:36.646 > car_fully_on: true
19:12:36.646 > start_switch_on: true
19:12:36.646 > brake_pressure: 3
19:12:36.646 > calculated_torque: 32
19:12:36.646 > throttle1_pos: (none)
19:12:36.646 > throttle2_pos: (none)
19:12:36.646 > startup_countdown: not started
19:12:36.646 > motor_control_message_pacing: started
19:12:37.146 > === ECU State ===
19:12:37.146 > car_fully_on: true
19:12:37.146 > start_switch_on: true
19:12:37.146 > brake_pressure: 55
19:12:37.146 > calculated_torque: 32
19:12:37.146 > throttle1_pos: (none)
19:12:37.146 > throttle2_pos: (none)
19:12:37.146 > startup_countdown: not started
19:12:37.146 > motor_control_message_pacing: started
19:12:37.646 > === ECU State ===
19:12:37.646 > car_fully_on: true
19:12:37.646 > start_switch_on: true
19:12:37.646 > brake_pressure: 63
19:12:37.646 > calculated_torque: 32
19:12:37.646 > throttle1_pos: (none)
19:12:37.646 > throttle2_pos: (none)
19:12:37.646 > startup_countdown: not started
19:12:37.646 > motor_control_message_pacing: started
19:12:38.146 > === ECU State ===
19:12:38.146 > car_fully_on: true
19:12:38.146 > start_switch_on: true
19:12:38.146 > brake_pressure: 56
19:12:38.146 > calculated_torque: 33
19:12:38.146 > throttle1_pos: (none)
19:12:38.146 > throttle2_pos: (none)
19:12:38.146 > startup_countdown: not started
19:12:38.146 > motor_control_message_pacing: started
19:12:38.648 > === ECU State ===
19:12:38.648 > car_fully_on: true
19:12:38.648 > start_switch_on: true
19:12:38.648 > brake_pressure: 25
19:12:38.648 > calculated_torque: 33
19:12:38.648 > throttle1_pos: (none)
19:12:38.648 > throttle2_pos: (none)
19:12:38.648 > startup_countdown: not started
19:12:38.648 > motor_control_message_pacing: started
19:12:39.147 > === ECU State ===
19:12:39.147 > car_fully_on: true
19:12:39.147 > start_switch_on: true
19:12:39.147 > brake_pressure: 55
19:12:39.147 > calculated_torque: 32
19:12:39.147 > throttle1_pos: (none)
19:12:39.147 > throttle2_pos: (none)
19:12:39.147 > startup_countdown: not started
19:12:39.147 > motor_control_message_pacing: started
19:12:39.647 > === ECU State ===
19:12:39.647 > car_fully_on: true
19:12:39.647 > start_switch_on: true
19:12:39.647 > brake_pressure: 1
19:12:39.647 > calculated_torque: 34
19:12:39.647 > throttle1_pos: (none)
19:12:39.647 > throttle2_pos: (none)
19:12:39.647 > startup_countdown: not started
19:12:39.647 > motor_control_message_pacing: started
19:12:40.146 > === ECU State ===
19:12:40.146 > car_fully_on: true
19:12:40.146 > start_switch_on: true
19:12:40.146 > brake_pressure: 1
19:12:40.146 > calculated_torque: 32
19:12:40.146 > throttle1_pos: (none)
19:12:40.146 > throttle2_pos: (none)
19:12:40.146 > startup_countdown: not started
19:12:40.146 > motor_control_message_pacing: started
19:12:40.646 > === ECU State ===
19:12:40.646 > car_fully_on: true
19:12:40.646 > start_switch_on: true
19:12:40.646 > brake_pressure: 0
19:12:40.646 > calculated_torque: 33
19:12:40.646 > throttle1_pos: (none)
19:12:40.646 > throttle2_pos: (none)
19:12:40.646 > startup_countdown: not started
19:12:40.646 > motor_control_message_pacing: started
19:12:41.146 > === ECU State ===
19:12:41.146 > car_fully_on: true
19:12:41.146 > start_switch_on: true
19:12:41.146 > brake_pressure: 2
19:12:41.146 > calculated_torque: 33
19:12:41.146 > throttle1_pos: (none)
19:12:41.146 > throttle2_pos: (none)
19:12:41.146 > startup_countdown: not started
19:12:41.146 > motor_control_message_pacing: started
19:12:41.646 > === ECU State ===
19:12:41.646 > car_fully_on: true
19:12:41.646 > start_switch_on: true
19:12:41.646 > brake_pressure: 5
19:12:41.646 > calculated_torque: 33
19:12:41.646 > throttle1_pos: (none)
19:12:41.646 > throttle2_pos: (none)
19:12:41.646 > startup_countdown: not started
19:12:41.646 > motor_control_message_pacing: started
19:12:42.146 > === ECU State ===
19:12:42.146 > car_fully_on: true
19:12:42.146 > start_switch_on: true
19:12:42.146 > brake_pressure: 52
19:12:42.146 > calculated_torque: 33
19:12:42.146 > throttle1_pos: (none)
19:12:42.146 > throttle2_pos: (none)
19:12:42.146 > startup_countdown: not started
19:12:42.146 > motor_control_message_pacing: started
19:12:42.647 > === ECU State ===
19:12:42.647 > car_fully_on: true
19:12:42.647 > start_switch_on: true
19:12:42.647 > brake_pressure: 43
19:12:42.647 > calculated_torque: 32
19:12:42.647 > throttle1_pos: (none)
19:12:42.647 > throttle2_pos: (none)
19:12:42.647 > startup_countdown: not started
19:12:42.647 > motor_control_message_pacing: started
19:12:43.146 > === ECU State ===
19:12:43.146 > car_fully_on: true
19:12:43.146 > start_switch_on: true
19:12:43.146 > brake_pressure: 165
19:12:43.146 > calculated_torque: 32
19:12:43.146 > throttle1_pos: (none)
19:12:43.146 > throttle2_pos: (none)
19:12:43.146 > startup_countdown: not started
19:12:43.146 > motor_control_message_pacing: started
19:12:43.646 > === ECU State ===
19:12:43.646 > car_fully_on: true
19:12:43.646 > start_switch_on: true
19:12:43.646 > brake_pressure: 73
19:12:43.646 > calculated_torque: 32
19:12:43.646 > throttle1_pos: (none)
19:12:43.646 > throttle2_pos: (none)
19:12:43.646 > startup_countdown: not started
19:12:43.646 > motor_control_message_pacing: started
19:12:44.146 > === ECU State ===
19:12:44.148 > car_fully_on: true
19:12:44.148 > start_switch_on: true
19:12:44.148 > brake_pressure: 68
19:12:44.148 > calculated_torque: 32
19:12:44.148 > throttle1_pos: (none)
19:12:44.148 > throttle2_pos: (none)
19:12:44.148 > startup_countdown: not started
19:12:44.148 > motor_control_message_pacing: started
19:12:44.647 > === ECU State ===
19:12:44.647 > car_fully_on: true
19:12:44.647 > start_switch_on: true
19:12:44.647 > brake_pressure: 48
19:12:44.647 > calculated_torque: 32
19:12:44.647 > throttle1_pos: (none)
19:12:44.647 > throttle2_pos: (none)
19:12:44.647 > startup_countdown: not started
19:12:44.647 > motor_control_message_pacing: started
19:12:45.147 > === ECU State ===
19:12:45.148 > car_fully_on: true
19:12:45.148 > start_switch_on: true
19:12:45.148 > brake_pressure: 17
19:12:45.148 > calculated_torque: 36
19:12:45.148 > throttle1_pos: (none)
19:12:45.148 > throttle2_pos: (none)
19:12:45.148 > startup_countdown: not started
19:12:45.148 > motor_control_message_pacing: started
19:12:45.646 > === ECU State ===
19:12:45.646 > car_fully_on: true
19:12:45.646 > start_switch_on: true
19:12:45.646 > brake_pressure: 0
19:12:45.646 > calculated_torque: 33
19:12:45.646 > throttle1_pos: (none)
19:12:45.646 > throttle2_pos: (none)
19:12:45.646 > startup_countdown: not started
19:12:45.646 > motor_control_message_pacing: started
19:12:46.147 > === ECU State ===
19:12:46.147 > car_fully_on: true
19:12:46.147 > start_switch_on: true
19:12:46.147 > brake_pressure: 1
19:12:46.147 > calculated_torque: 32
19:12:46.147 > throttle1_pos: (none)
19:12:46.147 > throttle2_pos: (none)
19:12:46.147 > startup_countdown: not started
19:12:46.147 > motor_control_message_pacing: started
19:12:46.646 > === ECU State ===
19:12:46.646 > car_fully_on: true
19:12:46.646 > start_switch_on: true
19:12:46.646 > brake_pressure: 1
19:12:46.646 > calculated_torque: 32
19:12:46.646 > throttle1_pos: (none)
19:12:46.646 > throttle2_pos: (none)
19:12:46.646 > startup_countdown: not started
19:12:46.646 > motor_control_message_pacing: started
19:12:47.147 > === ECU State ===
19:12:47.148 > car_fully_on: true
19:12:47.148 > start_switch_on: true
19:12:47.148 > brake_pressure: 2
19:12:47.148 > calculated_torque: 33
19:12:47.148 > throttle1_pos: (none)
19:12:47.148 > throttle2_pos: (none)
19:12:47.148 > startup_countdown: not started
19:12:47.148 > motor_control_message_pacing: started
19:12:47.648 > === ECU State ===
19:12:47.648 > car_fully_on: true
19:12:47.648 > start_switch_on: true
19:12:47.648 > brake_pressure: 1
19:12:47.648 > calculated_torque: 33
19:12:47.648 > throttle1_pos: (none)
19:12:47.648 > throttle2_pos: (none)
19:12:47.648 > startup_countdown: not started
19:12:47.648 > motor_control_message_pacing: started
19:12:48.146 > === ECU State ===
19:12:48.146 > car_fully_on: true
19:12:48.146 > start_switch_on: true
19:12:48.146 > brake_pressure: 3
19:12:48.146 > calculated_torque: 33
19:12:48.146 > throttle1_pos: (none)
19:12:48.146 > throttle2_pos: (none)
19:12:48.146 > startup_countdown: not started
19:12:48.146 > motor_control_message_pacing: started
19:12:48.646 > === ECU State ===
19:12:48.648 > car_fully_on: true
19:12:48.648 > start_switch_on: true
19:12:48.648 > brake_pressure: 51
19:12:48.648 > calculated_torque: 32
19:12:48.648 > throttle1_pos: (none)
19:12:48.648 > throttle2_pos: (none)
19:12:48.648 > startup_countdown: not started
19:12:48.648 > motor_control_message_pacing: started
19:12:49.147 > === ECU State ===
19:12:49.147 > car_fully_on: true
19:12:49.147 > start_switch_on: true
19:12:49.147 > brake_pressure: 79
19:12:49.147 > calculated_torque: 32
19:12:49.147 > throttle1_pos: (none)
19:12:49.147 > throttle2_pos: (none)
19:12:49.147 > startup_countdown: not started
19:12:49.147 > motor_control_message_pacing: started
19:12:49.646 > === ECU State ===
19:12:49.646 > car_fully_on: true
19:12:49.646 > start_switch_on: true
19:12:49.646 > brake_pressure: 16
19:12:49.646 > calculated_torque: 34
19:12:49.646 > throttle1_pos: (none)
19:12:49.646 > throttle2_pos: (none)
19:12:49.646 > startup_countdown: not started
19:12:49.646 > motor_control_message_pacing: started
19:12:50.146 > === ECU State ===
19:12:50.146 > car_fully_on: true
19:12:50.146 > start_switch_on: true
19:12:50.146 > brake_pressure: 20
19:12:50.146 > calculated_torque: 50
19:12:50.146 > throttle1_pos: (none)
19:12:50.146 > throttle2_pos: (none)
19:12:50.146 > startup_countdown: not started
19:12:50.146 > motor_control_message_pacing: started
19:12:50.646 > === ECU State ===
19:12:50.646 > car_fully_on: true
19:12:50.646 > start_switch_on: true
19:12:50.646 > brake_pressure: 1
19:12:50.646 > calculated_torque: 32
19:12:50.646 > throttle1_pos: (none)
19:12:50.646 > throttle2_pos: (none)
19:12:50.646 > startup_countdown: not started
19:12:50.646 > motor_control_message_pacing: started
19:12:51.147 > === ECU State ===
19:12:51.147 > car_fully_on: true
19:12:51.147 > start_switch_on: true
19:12:51.147 > brake_pressure: 12
19:12:51.147 > calculated_torque: 33
19:12:51.147 > throttle1_pos: (none)
19:12:51.147 > throttle2_pos: (none)
19:12:51.147 > startup_countdown: not started
19:12:51.147 > motor_control_message_pacing: started
19:12:51.648 > === ECU State ===
19:12:51.648 > car_fully_on: true
19:12:51.648 > start_switch_on: true
19:12:51.648 > brake_pressure: 1
19:12:51.648 > calculated_torque: 32
19:12:51.648 > throttle1_pos: (none)
19:12:51.648 > throttle2_pos: (none)
19:12:51.648 > startup_countdown: not started
19:12:51.648 > motor_control_message_pacing: started
19:12:52.146 > === ECU State ===
19:12:52.146 > car_fully_on: true
19:12:52.146 > start_switch_on: true
19:12:52.146 > brake_pressure: 1
19:12:52.146 > calculated_torque: 33
19:12:52.146 > throttle1_pos: (none)
19:12:52.146 > throttle2_pos: (none)
19:12:52.146 > startup_countdown: not started
19:12:52.146 > motor_control_message_pacing: started
19:12:52.646 > === ECU State ===
19:12:52.646 > car_fully_on: true
19:12:52.646 > start_switch_on: true
19:12:52.646 > brake_pressure: 1
19:12:52.646 > calculated_torque: 32
19:12:52.646 > throttle1_pos: (none)
19:12:52.646 > throttle2_pos: (none)
19:12:52.646 > startup_countdown: not started
19:12:52.646 > motor_control_message_pacing: started
19:12:53.146 > === ECU State ===
19:12:53.146 > car_fully_on: true
19:12:53.146 > start_switch_on: true
19:12:53.146 > brake_pressure: 2
19:12:53.146 > calculated_torque: 32
19:12:53.146 > throttle1_pos: (none)
19:12:53.146 > throttle2_pos: (none)
19:12:53.146 > startup_countdown: not started
19:12:53.146 > motor_control_message_pacing: started
19:12:53.646 > === ECU State ===
19:12:53.646 > car_fully_on: true
19:12:53.646 > start_switch_on: true
19:12:53.646 > brake_pressure: 15
19:12:53.646 > calculated_torque: 41
19:12:53.646 > throttle1_pos: (none)
19:12:53.646 > throttle2_pos: (none)
19:12:53.646 > startup_countdown: not started
19:12:53.646 > motor_control_message_pacing: started
19:12:54.146 > === ECU State ===
19:12:54.148 > car_fully_on: false
19:12:54.148 > start_switch_on: true
19:12:54.148 > brake_pressure: 0
19:12:54.148 > calculated_torque: 33
19:12:54.148 > throttle1_pos: (none)
19:12:54.148 > throttle2_pos: (none)
19:12:54.148 > startup_countdown: started
19:12:54.148 > motor_control_message_pacing: started
19:12:54.646 > === ECU State ===
19:12:54.646 > car_fully_on: false
19:12:54.646 > start_switch_on: true
19:12:54.646 > brake_pressure: 0
19:12:54.646 > calculated_torque: 32
19:12:54.646 > throttle1_pos: (none)
19:12:54.646 > throttle2_pos: (none)
19:12:54.646 > startup_countdown: started
19:12:54.646 > motor_control_message_pacing: started
19:12:55.146 > === ECU State ===
19:12:55.146 > car_fully_on: false
19:12:55.146 > start_switch_on: true
19:12:55.146 > brake_pressure: 1
19:12:55.146 > calculated_torque: 32
19:12:55.146 > throttle1_pos: (none)
19:12:55.146 > throttle2_pos: (none)
19:12:55.146 > startup_countdown: started
19:12:55.146 > motor_control_message_pacing: started
19:12:55.647 > === ECU State ===
19:12:55.647 > car_fully_on: false
19:12:55.647 > start_switch_on: true
19:12:55.647 > brake_pressure: 1
19:12:55.647 > calculated_torque: 32
19:12:55.647 > throttle1_pos: (none)
19:12:55.647 > throttle2_pos: (none)
19:12:55.647 > startup_countdown: started
19:12:55.647 > motor_control_message_pacing: started
19:12:56.146 > === ECU State ===
19:12:56.146 > car_fully_on: true
19:12:56.146 > start_switch_on: true
19:12:56.146 > brake_pressure: 1
19:12:56.146 > calculated_torque: 32
19:12:56.146 > throttle1_pos: (none)
19:12:56.146 > throttle2_pos: (none)
19:12:56.146 > startup_countdown: not started
19:12:56.146 > motor_control_message_pacing: started
19:12:56.647 > === ECU State ===
19:12:56.647 > car_fully_on: true
19:12:56.647 > start_switch_on: true
19:12:56.647 > brake_pressure: 14
19:12:56.647 > calculated_torque: 32
19:12:56.647 > throttle1_pos: (none)
19:12:56.647 > throttle2_pos: (none)
19:12:56.647 > startup_countdown: not started
19:12:56.647 > motor_control_message_pacing: started
19:12:57.147 > === ECU State ===
19:12:57.147 > car_fully_on: true
19:12:57.147 > start_switch_on: true
19:12:57.147 > brake_pressure: 2
19:12:57.147 > calculated_torque: 32
19:12:57.147 > throttle1_pos: (none)
19:12:57.147 > throttle2_pos: (none)
19:12:57.147 > startup_countdown: not started
19:12:57.147 > motor_control_message_pacing: started
19:12:57.648 > === ECU State ===
19:12:57.648 > car_fully_on: true
19:12:57.648 > start_switch_on: true
19:12:57.648 > brake_pressure: 1
19:12:57.648 > calculated_torque: 32
19:12:57.648 > throttle1_pos: (none)
19:12:57.648 > throttle2_pos: (none)
19:12:57.648 > startup_countdown: not started
19:12:57.648 > motor_control_message_pacing: started
19:12:58.148 > === ECU State ===
19:12:58.148 > car_fully_on: true
19:12:58.148 > start_switch_on: true
19:12:58.148 > brake_pressure: 0
19:12:58.148 > calculated_torque: 32
19:12:58.148 > throttle1_pos: (none)
19:12:58.148 > throttle2_pos: (none)
19:12:58.148 > startup_countdown: not started
19:12:58.148 > motor_control_message_pacing: started
19:12:58.646 > === ECU State ===
19:12:58.646 > car_fully_on: true
19:12:58.646 > start_switch_on: true
19:12:58.646 > brake_pressure: 1
19:12:58.646 > calculated_torque: 32
19:12:58.646 > throttle1_pos: (none)
19:12:58.646 > throttle2_pos: (none)
19:12:58.646 > startup_countdown: not started
19:12:58.646 > motor_control_message_pacing: started
19:12:59.146 > === ECU State ===
19:12:59.146 > car_fully_on: true
19:12:59.146 > start_switch_on: true
19:12:59.146 > brake_pressure: 9
19:12:59.146 > calculated_torque: 32
19:12:59.146 > throttle1_pos: (none)
19:12:59.146 > throttle2_pos: (none)
19:12:59.146 > startup_countdown: not started
19:12:59.146 > motor_control_message_pacing: started
19:12:59.646 > === ECU State ===
19:12:59.646 > car_fully_on: true
19:12:59.646 > start_switch_on: true
19:12:59.646 > brake_pressure: 2
19:12:59.646 > calculated_torque: 34
19:12:59.646 > throttle1_pos: (none)
19:12:59.646 > throttle2_pos: (none)
19:12:59.646 > startup_countdown: not started
19:12:59.646 > motor_control_message_pacing: started
19:13:00.147 > === ECU State ===
19:13:00.147 > car_fully_on: true
19:13:00.147 > start_switch_on: true
19:13:00.147 > brake_pressure: 14
19:13:00.147 > calculated_torque: 45
19:13:00.147 > throttle1_pos: (none)
19:13:00.147 > throttle2_pos: (none)
19:13:00.147 > startup_countdown: not started
19:13:00.147 > motor_control_message_pacing: started
19:13:00.648 > === ECU State ===
19:13:00.648 > car_fully_on: true
19:13:00.648 > start_switch_on: true
19:13:00.648 > brake_pressure: 38
19:13:00.648 > calculated_torque: 35
19:13:00.648 > throttle1_pos: (none)
19:13:00.648 > throttle2_pos: (none)
19:13:00.648 > startup_countdown: not started
19:13:00.648 > motor_control_message_pacing: started
19:13:01.147 > === ECU State ===
19:13:01.148 > car_fully_on: true
19:13:01.148 > start_switch_on: true
19:13:01.148 > brake_pressure: 33
19:13:01.148 > calculated_torque: 33
19:13:01.148 > throttle1_pos: (none)
19:13:01.148 > throttle2_pos: (none)
19:13:01.148 > startup_countdown: not started
19:13:01.148 > motor_control_message_pacing: started
19:13:01.646 > === ECU State ===
19:13:01.648 > car_fully_on: true
19:13:01.648 > start_switch_on: true
19:13:01.648 > brake_pressure: 2
19:13:01.648 > calculated_torque: 32
19:13:01.648 > throttle1_pos: (none)
19:13:01.648 > throttle2_pos: (none)
19:13:01.648 > startup_countdown: not started
19:13:01.648 > motor_control_message_pacing: started
19:13:02.146 > === ECU State ===
19:13:02.146 > car_fully_on: true
19:13:02.146 > start_switch_on: true
19:13:02.146 > brake_pressure: 1
19:13:02.146 > calculated_torque: 32
19:13:02.146 > throttle1_pos: (none)
19:13:02.146 > throttle2_pos: (none)
19:13:02.146 > startup_countdown: not started
19:13:02.146 > motor_control_message_pacing: started
19:13:02.647 > === ECU State ===
19:13:02.647 > car_fully_on: true
19:13:02.647 > start_switch_on: true
19:13:02.647 > brake_pressure: 43
19:13:02.647 > calculated_torque: 32
19:13:02.647 > throttle1_pos: (none)
19:13:02.647 > throttle2_pos: (none)
19:13:02.647 > startup_countdown: not started
19:13:02.647 > motor_control_message_pacing: started
19:13:03.146 > === ECU State ===
19:13:03.146 > car_fully_on: true
19:13:03.146 > start_switch_on: true
19:13:03.146 > brake_pressure: 1
19:13:03.146 > calculated_torque: 32
19:13:03.146 > throttle1_pos: (none)
19:13:03.146 > throttle2_pos: (none)
19:13:03.146 > startup_countdown: not started
19:13:03.146 > motor_control_message_pacing: started
19:13:03.646 > === ECU State ===
19:13:03.646 > car_fully_on: true
19:13:03.646 > start_switch_on: true
19:13:03.646 > brake_pressure: 2
19:13:03.646 > calculated_torque: 32
19:13:03.646 > throttle1_pos: (none)
19:13:03.646 > throttle2_pos: (none)
19:13:03.646 > startup_countdown: not started
19:13:03.646 > motor_control_message_pacing: started
19:13:04.147 > === ECU State ===
19:13:04.147 > car_fully_on: true
19:13:04.147 > start_switch_on: true
19:13:04.147 > brake_pressure: 1
19:13:04.147 > calculated_torque: 32
19:13:04.147 > throttle1_pos: (none)
19:13:04.147 > throttle2_pos: (none)
19:13:04.147 > startup_countdown: not started
19:13:04.147 > motor_control_message_pacing: started
19:13:04.638 > === ECU State ===
19:13:04.638 > car_fully_on: true
19:13:04.638 > start_switch_on: true
19:13:04.638 > brake_pressure: 1
19:13:04.638 > calculated_torque: 32
19:13:04.638 > throttle1_pos: (none)
19:13:04.638 > throttle2_pos: (none)
19:13:04.638 > startup_countdown: not started
19:13:04.638 > motor_control_message_pacing: started
19:13:05.147 > === ECU State ===
19:13:05.147 > car_fully_on: false
19:13:05.147 > start_switch_on: true
19:13:05.147 > brake_pressure: 2
19:13:05.147 > calculated_torque: 32
19:13:05.147 > throttle1_pos: (none)
19:13:05.147 > throttle2_pos: (none)
19:13:05.147 > startup_countdown: started
19:13:05.147 > motor_control_message_pacing: started
19:13:05.647 > === ECU State ===
19:13:05.647 > car_fully_on: false
19:13:05.647 > start_switch_on: true
19:13:05.647 > brake_pressure: 2
19:13:05.647 > calculated_torque: 33
19:13:05.647 > throttle1_pos: (none)
19:13:05.647 > throttle2_pos: (none)
19:13:05.647 > startup_countdown: started
19:13:05.647 > motor_control_message_pacing: started
19:13:06.146 > === ECU State ===
19:13:06.146 > car_fully_on: false
19:13:06.146 > start_switch_on: true
19:13:06.146 > brake_pressure: 1
19:13:06.146 > calculated_torque: 32
19:13:06.146 > throttle1_pos: (none)
19:13:06.146 > throttle2_pos: (none)
19:13:06.146 > startup_countdown: started
19:13:06.146 > motor_control_message_pacing: started
19:13:06.646 > === ECU State ===
19:13:06.646 > car_fully_on: false
19:13:06.646 > start_switch_on: true
19:13:06.646 > brake_pressure: 1
19:13:06.646 > calculated_torque: 32
19:13:06.646 > throttle1_pos: (none)
19:13:06.646 > throttle2_pos: (none)
19:13:06.646 > startup_countdown: started
19:13:06.646 > motor_control_message_pacing: started
19:13:07.146 > === ECU State ===
19:13:07.146 > car_fully_on: true
19:13:07.146 > start_switch_on: true
19:13:07.146 > brake_pressure: 16
19:13:07.146 > calculated_torque: 32
19:13:07.146 > throttle1_pos: (none)
19:13:07.146 > throttle2_pos: (none)
19:13:07.146 > startup_countdown: not started
19:13:07.146 > motor_control_message_pacing: started
19:13:07.646 > === ECU State ===
19:13:07.646 > car_fully_on: true
19:13:07.646 > start_switch_on: true
19:13:07.646 > brake_pressure: 47
19:13:07.646 > calculated_torque: 32
19:13:07.646 > throttle1_pos: (none)
19:13:07.646 > throttle2_pos: (none)
19:13:07.646 > startup_countdown: not started
19:13:07.646 > motor_control_message_pacing: started
19:13:08.147 > === ECU State ===
19:13:08.147 > car_fully_on: true
19:13:08.147 > start_switch_on: true
19:13:08.147 > brake_pressure: 1
19:13:08.147 > calculated_torque: 33
19:13:08.147 > throttle1_pos: (none)
19:13:08.147 > throttle2_pos: (none)
19:13:08.147 > startup_countdown: not started
19:13:08.147 > motor_control_message_pacing: started
19:13:08.646 > === ECU State ===
19:13:08.646 > car_fully_on: true
19:13:08.646 > start_switch_on: true
19:13:08.646 > brake_pressure: 74
19:13:08.646 > calculated_torque: 32
19:13:08.646 > throttle1_pos: (none)
19:13:08.646 > throttle2_pos: (none)
19:13:08.646 > startup_countdown: not started
19:13:08.646 > motor_control_message_pacing: started
19:13:09.147 > === ECU State ===
19:13:09.147 > car_fully_on: true
19:13:09.147 > start_switch_on: true
19:13:09.147 > brake_pressure: 2
19:13:09.147 > calculated_torque: 32
19:13:09.147 > throttle1_pos: (none)
19:13:09.147 > throttle2_pos: (none)
19:13:09.147 > startup_countdown: not started
19:13:09.147 > motor_control_message_pacing: started
19:13:09.646 > === ECU State ===
19:13:09.646 > car_fully_on: true
19:13:09.646 > start_switch_on: true
19:13:09.646 > brake_pressure: 1
19:13:09.646 > calculated_torque: 32
19:13:09.646 > throttle1_pos: (none)
19:13:09.646 > throttle2_pos: (none)
19:13:09.646 > startup_countdown: not started
19:13:09.646 > motor_control_message_pacing: started
19:13:10.146 > === ECU State ===
19:13:10.148 > car_fully_on: true
19:13:10.148 > start_switch_on: true
19:13:10.148 > brake_pressure: 2
19:13:10.148 > calculated_torque: 32
19:13:10.148 > throttle1_pos: (none)
19:13:10.148 > throttle2_pos: (none)
19:13:10.148 > startup_countdown: not started
19:13:10.148 > motor_control_message_pacing: started
19:13:10.648 > === ECU State ===
19:13:10.648 > car_fully_on: true
19:13:10.648 > start_switch_on: true
19:13:10.648 > brake_pressure: 12
19:13:10.648 > calculated_torque: 34
19:13:10.648 > throttle1_pos: (none)
19:13:10.648 > throttle2_pos: (none)
19:13:10.648 > startup_countdown: not started
19:13:10.648 > motor_control_message_pacing: started
19:13:11.146 > === ECU State ===
19:13:11.146 > car_fully_on: true
19:13:11.146 > start_switch_on: true
19:13:11.146 > brake_pressure: 62
19:13:11.146 > calculated_torque: 33
19:13:11.146 > throttle1_pos: (none)
19:13:11.146 > throttle2_pos: (none)
19:13:11.146 > startup_countdown: not started
19:13:11.146 > motor_control_message_pacing: started
19:13:11.646 > === ECU State ===
19:13:11.646 > car_fully_on: true
19:13:11.646 > start_switch_on: true
19:13:11.646 > brake_pressure: 73
19:13:11.646 > calculated_torque: 34
19:13:11.646 > throttle1_pos: (none)
19:13:11.646 > throttle2_pos: (none)
19:13:11.646 > startup_countdown: not started
19:13:11.646 > motor_control_message_pacing: started
19:13:12.146 > === ECU State ===
19:13:12.146 > car_fully_on: true
19:13:12.146 > start_switch_on: true
19:13:12.146 > brake_pressure: 59
19:13:12.146 > calculated_torque: 33
19:13:12.146 > throttle1_pos: (none)
19:13:12.146 > throttle2_pos: (none)
19:13:12.146 > startup_countdown: not started
19:13:12.146 > motor_control_message_pacing: started
19:13:12.646 > === ECU State ===
19:13:12.646 > car_fully_on: true
19:13:12.646 > start_switch_on: true
19:13:12.646 > brake_pressure: 85
19:13:12.646 > calculated_torque: 33
19:13:12.646 > throttle1_pos: (none)
19:13:12.646 > throttle2_pos: (none)
19:13:12.646 > startup_countdown: not started
19:13:12.646 > motor_control_message_pacing: started
19:13:13.148 > === ECU State ===
19:13:13.148 > car_fully_on: true
19:13:13.148 > start_switch_on: true
19:13:13.148 > brake_pressure: 141
19:13:13.148 > calculated_torque: 47
19:13:13.148 > throttle1_pos: (none)
19:13:13.148 > throttle2_pos: (none)
19:13:13.148 > startup_countdown: not started
19:13:13.148 > motor_control_message_pacing: started
19:13:13.648 > === ECU State ===
19:13:13.648 > car_fully_on: true
19:13:13.648 > start_switch_on: true
19:13:13.648 > brake_pressure: 35
19:13:13.648 > calculated_torque: 33
19:13:13.648 > throttle1_pos: (none)
19:13:13.648 > throttle2_pos: (none)
19:13:13.648 > startup_countdown: not started
19:13:13.648 > motor_control_message_pacing: started
19:13:14.146 > === ECU State ===
19:13:14.146 > car_fully_on: true
19:13:14.146 > start_switch_on: true
19:13:14.146 > brake_pressure: 1
19:13:14.146 > calculated_torque: 33
19:13:14.146 > throttle1_pos: (none)
19:13:14.146 > throttle2_pos: (none)
19:13:14.146 > startup_countdown: not started
19:13:14.146 > motor_control_message_pacing: started
19:13:14.648 > === ECU State ===
19:13:14.648 > car_fully_on: true
19:13:14.648 > start_switch_on: true
19:13:14.648 > brake_pressure: 1
19:13:14.648 > calculated_torque: 32
19:13:14.648 > throttle1_pos: (none)
19:13:14.648 > throttle2_pos: (none)
19:13:14.648 > startup_countdown: not started
19:13:14.648 > motor_control_message_pacing: started
19:13:15.147 > === ECU State ===
19:13:15.148 > car_fully_on: true
19:13:15.148 > start_switch_on: true
19:13:15.148 > brake_pressure: 2
19:13:15.148 > calculated_torque: 33
19:13:15.148 > throttle1_pos: (none)
19:13:15.148 > throttle2_pos: (none)
19:13:15.148 > startup_countdown: not started
19:13:15.148 > motor_control_message_pacing: started
19:13:15.647 > === ECU State ===
19:13:15.647 > car_fully_on: true
19:13:15.647 > start_switch_on: true
19:13:15.647 > brake_pressure: 5
19:13:15.647 > calculated_torque: 33
19:13:15.647 > throttle1_pos: (none)
19:13:15.647 > throttle2_pos: (none)
19:13:15.647 > startup_countdown: not started
19:13:15.647 > motor_control_message_pacing: started
19:13:16.148 > === ECU State ===
19:13:16.148 > car_fully_on: true
19:13:16.148 > start_switch_on: true
19:13:16.148 > brake_pressure: 7
19:13:16.148 > calculated_torque: 33
19:13:16.148 > throttle1_pos: (none)
19:13:16.148 > throttle2_pos: (none)
19:13:16.148 > startup_countdown: not started
19:13:16.148 > motor_control_message_pacing: started
19:13:16.646 > === ECU State ===
19:13:16.646 > car_fully_on: true
19:13:16.646 > start_switch_on: true
19:13:16.646 > brake_pressure: 36
19:13:16.646 > calculated_torque: 33
19:13:16.646 > throttle1_pos: (none)
19:13:16.646 > throttle2_pos: (none)
19:13:16.646 > startup_countdown: not started
19:13:16.646 > motor_control_message_pacing: started
19:13:17.146 > === ECU State ===
19:13:17.146 > car_fully_on: true
19:13:17.146 > start_switch_on: true
19:13:17.146 > brake_pressure: 3
19:13:17.146 > calculated_torque: 33
19:13:17.146 > throttle1_pos: (none)
19:13:17.146 > throttle2_pos: (none)
19:13:17.146 > startup_countdown: not started
19:13:17.146 > motor_control_message_pacing: started
19:13:17.646 > === ECU State ===
19:13:17.646 > car_fully_on: true
19:13:17.646 > start_switch_on: true
19:13:17.646 > brake_pressure: 39
19:13:17.646 > calculated_torque: 32
19:13:17.646 > throttle1_pos: (none)
19:13:17.646 > throttle2_pos: (none)
19:13:17.646 > startup_countdown: not started
19:13:17.646 > motor_control_message_pacing: started
19:13:18.146 > === ECU State ===
19:13:18.146 > car_fully_on: true
19:13:18.146 > start_switch_on: true
19:13:18.146 > brake_pressure: 136
19:13:18.146 > calculated_torque: 32
19:13:18.146 > throttle1_pos: (none)
19:13:18.146 > throttle2_pos: (none)
19:13:18.146 > startup_countdown: not started
19:13:18.146 > motor_control_message_pacing: started
19:13:18.647 > === ECU State ===
19:13:18.647 > car_fully_on: true
19:13:18.647 > start_switch_on: true
19:13:18.647 > brake_pressure: 50
19:13:18.647 > calculated_torque: 32
19:13:18.647 > throttle1_pos: (none)
19:13:18.647 > throttle2_pos: (none)
19:13:18.647 > startup_countdown: not started
19:13:18.647 > motor_control_message_pacing: started
19:13:19.146 > === ECU State ===
19:13:19.146 > car_fully_on: true
19:13:19.146 > start_switch_on: true
19:13:19.146 > brake_pressure: 0
19:13:19.146 > calculated_torque: 32
19:13:19.146 > throttle1_pos: (none)
19:13:19.146 > throttle2_pos: (none)
19:13:19.146 > startup_countdown: not started
19:13:19.146 > motor_control_message_pacing: started
19:13:19.646 > === ECU State ===
19:13:19.646 > car_fully_on: true
19:13:19.646 > start_switch_on: true
19:13:19.646 > brake_pressure: 4
19:13:19.646 > calculated_torque: 32
19:13:19.646 > throttle1_pos: (none)
19:13:19.646 > throttle2_pos: (none)
19:13:19.646 > startup_countdown: not started
19:13:19.646 > motor_control_message_pacing: started
19:13:20.148 > === ECU State ===
19:13:20.148 > car_fully_on: true
19:13:20.148 > start_switch_on: true
19:13:20.148 > brake_pressure: 2
19:13:20.148 > calculated_torque: 33
19:13:20.148 > throttle1_pos: (none)
19:13:20.148 > throttle2_pos: (none)
19:13:20.148 > startup_countdown: not started
19:13:20.148 > motor_control_message_pacing: started
19:13:20.648 > === ECU State ===
19:13:20.648 > car_fully_on: true
19:13:20.648 > start_switch_on: true
19:13:20.648 > brake_pressure: 1
19:13:20.648 > calculated_torque: 32
19:13:20.648 > throttle1_pos: (none)
19:13:20.648 > throttle2_pos: (none)
19:13:20.648 > startup_countdown: not started
19:13:20.648 > motor_control_message_pacing: started
19:13:21.148 > === ECU State ===
19:13:21.148 > car_fully_on: true
19:13:21.148 > start_switch_on: true
19:13:21.148 > brake_pressure: 1
19:13:21.148 > calculated_torque: 32
19:13:21.148 > throttle1_pos: (none)
19:13:21.148 > throttle2_pos: (none)
19:13:21.148 > startup_countdown: not started
19:13:21.148 > motor_control_message_pacing: started
19:13:21.647 > === ECU State ===
19:13:21.647 > car_fully_on: true
19:13:21.647 > start_switch_on: true
19:13:21.647 > brake_pressure: 0
19:13:21.647 > calculated_torque: 33
19:13:21.647 > throttle1_pos: (none)
19:13:21.647 > throttle2_pos: (none)
19:13:21.647 > startup_countdown: not started
19:13:21.647 > motor_control_message_pacing: started
19:13:22.147 > === ECU State ===
19:13:22.147 > car_fully_on: true
19:13:22.147 > start_switch_on: true
19:13:22.147 > brake_pressure: 1
19:13:22.147 > calculated_torque: 34
19:13:22.147 > throttle1_pos: (none)
19:13:22.147 > throttle2_pos: (none)
19:13:22.147 > startup_countdown: not started
19:13:22.147 > motor_control_message_pacing: started
19:13:22.647 > === ECU State ===
19:13:22.647 > car_fully_on: true
19:13:22.647 > start_switch_on: true
19:13:22.647 > brake_pressure: 46
19:13:22.647 > calculated_torque: 32
19:13:22.647 > throttle1_pos: (none)
19:13:22.647 > throttle2_pos: (none)
19:13:22.647 > startup_countdown: not started
19:13:22.647 > motor_control_message_pacing: started
19:13:23.148 > === ECU State ===
19:13:23.148 > car_fully_on: true
19:13:23.148 > start_switch_on: true
19:13:23.148 > brake_pressure: 13
19:13:23.148 > calculated_torque: 33
19:13:23.148 > throttle1_pos: (none)
19:13:23.148 > throttle2_pos: (none)
19:13:23.148 > startup_countdown: not started
19:13:23.148 > motor_control_message_pacing: started
19:13:23.647 > === ECU State ===
19:13:23.647 > car_fully_on: true
19:13:23.647 > start_switch_on: true
19:13:23.647 > brake_pressure: 28
19:13:23.647 > calculated_torque: 33
19:13:23.647 > throttle1_pos: (none)
19:13:23.647 > throttle2_pos: (none)
19:13:23.647 > startup_countdown: not started
19:13:23.647 > motor_control_message_pacing: started
19:13:24.147 > === ECU State ===
19:13:24.147 > car_fully_on: true
19:13:24.147 > start_switch_on: true
19:13:24.147 > brake_pressure: 53
19:13:24.147 > calculated_torque: 32
19:13:24.147 > throttle1_pos: (none)
19:13:24.147 > throttle2_pos: (none)
19:13:24.147 > startup_countdown: not started
19:13:24.147 > motor_control_message_pacing: started
19:13:24.637 > === ECU State ===
19:13:24.637 > car_fully_on: true
19:13:24.637 > start_switch_on: true
19:13:24.637 > brake_pressure: 1
19:13:24.637 > calculated_torque: 33
19:13:24.637 > throttle1_pos: (none)
19:13:24.637 > throttle2_pos: (none)
19:13:24.637 > startup_countdown: not started
19:13:24.637 > motor_control_message_pacing: started
19:13:25.146 > === ECU State ===
19:13:25.146 > car_fully_on: true
19:13:25.146 > start_switch_on: true
19:13:25.146 > brake_pressure: 1
19:13:25.146 > calculated_torque: 32
19:13:25.146 > throttle1_pos: (none)
19:13:25.146 > throttle2_pos: (none)
19:13:25.146 > startup_countdown: not started
19:13:25.146 > motor_control_message_pacing: started
19:13:25.646 > === ECU State ===
19:13:25.646 > car_fully_on: true
19:13:25.646 > start_switch_on: true
19:13:25.646 > brake_pressure: 1
19:13:25.646 > calculated_torque: 32
19:13:25.646 > throttle1_pos: (none)
19:13:25.646 > throttle2_pos: (none)
19:13:25.646 > startup_countdown: not started
19:13:25.646 > motor_control_message_pacing: started
19:13:26.147 > === ECU State ===
19:13:26.147 > car_fully_on: true
19:13:26.147 > start_switch_on: true
19:13:26.147 > brake_pressure: 1
19:13:26.147 > calculated_torque: 32
19:13:26.147 > throttle1_pos: (none)
19:13:26.147 > throttle2_pos: (none)
19:13:26.147 > startup_countdown: not started
19:13:26.147 > motor_control_message_pacing: started
19:13:26.647 > === ECU State ===
19:13:26.647 > car_fully_on: true
19:13:26.647 > start_switch_on: true
19:13:26.647 > brake_pressure: 1
19:13:26.647 > calculated_torque: 32
19:13:26.647 > throttle1_pos: (none)
19:13:26.647 > throttle2_pos: (none)
19:13:26.647 > startup_countdown: not started
19:13:26.647 > motor_control_message_pacing: started
19:13:27.133 > === ECU State ===
19:13:27.133 > car_fully_on: true
19:13:27.133 > start_switch_on: true
19:13:27.133 > brake_pressure: 2
19:13:27.133 > calculated_torque: 32
19:13:27.133 > throttle1_pos: (none)
19:13:27.133 > throttle2_pos: (none)
19:13:27.133 > startup_countdown: not started
19:13:27.133 > motor_control_message_pacing: started
19:13:27.645 > === ECU State ===
19:13:27.645 > car_fully_on: true
19:13:27.645 > start_switch_on: true
19:13:27.645 > brake_pressure: 15
19:13:27.645 > calculated_torque: 33
19:13:27.645 > throttle1_pos: (none)
19:13:27.645 > throttle2_pos: (none)
19:13:27.645 > startup_countdown: not started
19:13:27.645 > motor_control_message_pacing: started
19:13:28.148 > === ECU State ===
19:13:28.148 > car_fully_on: true
19:13:28.148 > start_switch_on: true
19:13:28.148 > brake_pressure: 19
19:13:28.148 > calculated_torque: 33
19:13:28.148 > throttle1_pos: (none)
19:13:28.148 > throttle2_pos: (none)
19:13:28.148 > startup_countdown: not started
19:13:28.148 > motor_control_message_pacing: started
19:13:28.647 > === ECU State ===
19:13:28.647 > car_fully_on: true
19:13:28.647 > start_switch_on: true
19:13:28.647 > brake_pressure: 122
19:13:28.647 > calculated_torque: 45
19:13:28.647 > throttle1_pos: (none)
19:13:28.647 > throttle2_pos: (none)
19:13:28.647 > startup_countdown: not started
19:13:28.647 > motor_control_message_pacing: started
19:13:29.146 > === ECU State ===
19:13:29.146 > car_fully_on: true
19:13:29.146 > start_switch_on: true
19:13:29.146 > brake_pressure: 52
19:13:29.146 > calculated_torque: 33
19:13:29.146 > throttle1_pos: (none)
19:13:29.146 > throttle2_pos: (none)
19:13:29.146 > startup_countdown: not started
19:13:29.146 > motor_control_message_pacing: started
19:13:29.646 > === ECU State ===
19:13:29.646 > car_fully_on: true
19:13:29.646 > start_switch_on: true
19:13:29.646 > brake_pressure: 14
19:13:29.646 > calculated_torque: 33
19:13:29.646 > throttle1_pos: (none)
19:13:29.646 > throttle2_pos: (none)
19:13:29.646 > startup_countdown: not started
19:13:29.646 > motor_control_message_pacing: started
19:13:30.146 > === ECU State ===
19:13:30.146 > car_fully_on: true
19:13:30.146 > start_switch_on: true
19:13:30.146 > brake_pressure: 25
19:13:30.146 > calculated_torque: 33
19:13:30.146 > throttle1_pos: (none)
19:13:30.146 > throttle2_pos: (none)
19:13:30.146 > startup_countdown: not started
19:13:30.146 > motor_control_message_pacing: started
19:13:30.646 > === ECU State ===
19:13:30.646 > car_fully_on: true
19:13:30.646 > start_switch_on: true
19:13:30.646 > brake_pressure: 1
19:13:30.646 > calculated_torque: 32
19:13:30.646 > throttle1_pos: (none)
19:13:30.646 > throttle2_pos: (none)
19:13:30.646 > startup_countdown: not started
19:13:30.646 > motor_control_message_pacing: started
19:13:31.144 > === ECU State ===
19:13:31.144 > car_fully_on: true
19:13:31.144 > start_switch_on: true
19:13:31.144 > brake_pressure: 0
19:13:31.144 > calculated_torque: 32
19:13:31.144 > throttle1_pos: (none)
19:13:31.144 > throttle2_pos: (none)
19:13:31.144 > startup_countdown: not started
19:13:31.144 > motor_control_message_pacing: started
19:13:31.647 > === ECU State ===
19:13:31.647 > car_fully_on: true
19:13:31.647 > start_switch_on: true
19:13:31.647 > brake_pressure: 1
19:13:31.647 > calculated_torque: 32
19:13:31.647 > throttle1_pos: (none)
19:13:31.647 > throttle2_pos: (none)
19:13:31.647 > startup_countdown: not started
19:13:31.647 > motor_control_message_pacing: started
19:13:32.133 > === ECU State ===
19:13:32.133 > car_fully_on: true
19:13:32.133 > start_switch_on: true
19:13:32.133 > brake_pressure: 1
19:13:32.133 > calculated_torque: 32
19:13:32.133 > throttle1_pos: (none)
19:13:32.133 > throttle2_pos: (none)
19:13:32.133 > startup_countdown: not started
19:13:32.133 > motor_control_message_pacing: started
19:13:32.635 > === ECU State ===
19:13:32.635 > car_fully_on: true
19:13:32.635 > start_switch_on: true
19:13:32.635 > brake_pressure: 11
19:13:32.635 > calculated_torque: 34
19:13:32.635 > throttle1_pos: (none)
19:13:32.635 > throttle2_pos: (none)
19:13:32.635 > startup_countdown: not started
19:13:32.635 > motor_control_message_pacing: started
19:13:33.138 > === ECU State ===
19:13:33.138 > car_fully_on: true
19:13:33.138 > start_switch_on: true
19:13:33.138 > brake_pressure: 2
19:13:33.138 > calculated_torque: 33
19:13:33.138 > throttle1_pos: (none)
19:13:33.138 > throttle2_pos: (none)
19:13:33.138 > startup_countdown: not started
19:13:33.138 > motor_control_message_pacing: started
19:13:33.646 > === ECU State ===
19:13:33.646 > car_fully_on: true
19:13:33.646 > start_switch_on: true
19:13:33.646 > brake_pressure: 9
19:13:33.646 > calculated_torque: 32
19:13:33.646 > throttle1_pos: (none)
19:13:33.646 > throttle2_pos: (none)
19:13:33.646 > startup_countdown: not started
19:13:33.646 > motor_control_message_pacing: started
19:13:34.147 > === ECU State ===
19:13:34.147 > car_fully_on: true
19:13:34.147 > start_switch_on: true
19:13:34.147 > brake_pressure: 52
19:13:34.147 > calculated_torque: 34
19:13:34.147 > throttle1_pos: (none)
19:13:34.147 > throttle2_pos: (none)
19:13:34.147 > startup_countdown: not started
19:13:34.147 > motor_control_message_pacing: started
19:13:34.646 > === ECU State ===
19:13:34.648 > car_fully_on: true
19:13:34.648 > start_switch_on: true
19:13:34.648 > brake_pressure: 1
19:13:34.648 > calculated_torque: 33
19:13:34.648 > throttle1_pos: (none)
19:13:34.648 > throttle2_pos: (none)
19:13:34.648 > startup_countdown: not started
19:13:34.648 > motor_control_message_pacing: started
19:13:35.146 > === ECU State ===
19:13:35.146 > car_fully_on: true
19:13:35.146 > start_switch_on: true
19:13:35.146 > brake_pressure: 21
19:13:35.146 > calculated_torque: 32
19:13:35.146 > throttle1_pos: (none)
19:13:35.146 > throttle2_pos: (none)
19:13:35.146 > startup_countdown: not started
19:13:35.146 > motor_control_message_pacing: started
19:13:35.647 > === ECU State ===
19:13:35.647 > car_fully_on: true
19:13:35.647 > start_switch_on: true
19:13:35.647 > brake_pressure: 46
19:13:35.647 > calculated_torque: 32
19:13:35.647 > throttle1_pos: (none)
19:13:35.647 > throttle2_pos: (none)
19:13:35.647 > startup_countdown: not started
19:13:35.647 > motor_control_message_pacing: started
19:13:36.146 > === ECU State ===
19:13:36.146 > car_fully_on: true
19:13:36.146 > start_switch_on: true
19:13:36.146 > brake_pressure: 2
19:13:36.146 > calculated_torque: 33
19:13:36.146 > throttle1_pos: (none)
19:13:36.146 > throttle2_pos: (none)
19:13:36.146 > startup_countdown: not started
19:13:36.146 > motor_control_message_pacing: started
19:13:36.647 > === ECU State ===
19:13:36.647 > car_fully_on: true
19:13:36.647 > start_switch_on: true
19:13:36.647 > brake_pressure: 0
19:13:36.647 > calculated_torque: 33
19:13:36.647 > throttle1_pos: (none)
19:13:36.647 > throttle2_pos: (none)
19:13:36.647 > startup_countdown: not started
19:13:36.647 > motor_control_message_pacing: started
19:13:37.146 > === ECU State ===
19:13:37.146 > car_fully_on: true
19:13:37.146 > start_switch_on: true
19:13:37.146 > brake_pressure: 1
19:13:37.146 > calculated_torque: 32
19:13:37.146 > throttle1_pos: (none)
19:13:37.146 > throttle2_pos: (none)
19:13:37.146 > startup_countdown: not started
19:13:37.146 > motor_control_message_pacing: started
19:13:37.648 > === ECU State ===
19:13:37.648 > car_fully_on: true
19:13:37.648 > start_switch_on: true
19:13:37.648 > brake_pressure: 1
19:13:37.648 > calculated_torque: 32
19:13:37.648 > throttle1_pos: (none)
19:13:37.648 > throttle2_pos: (none)
19:13:37.648 > startup_countdown: not started
19:13:37.648 > motor_control_message_pacing: started
19:13:38.147 > === ECU State ===
19:13:38.147 > car_fully_on: true
19:13:38.147 > start_switch_on: true
19:13:38.147 > brake_pressure: 2
19:13:38.147 > calculated_torque: 32
19:13:38.147 > throttle1_pos: (none)
19:13:38.147 > throttle2_pos: (none)
19:13:38.147 > startup_countdown: not started
19:13:38.147 > motor_control_message_pacing: started
19:13:38.647 > === ECU State ===
19:13:38.647 > car_fully_on: true
19:13:38.647 > start_switch_on: true
19:13:38.647 > brake_pressure: 4
19:13:38.647 > calculated_torque: 32
19:13:38.647 > throttle1_pos: (none)
19:13:38.647 > throttle2_pos: (none)
19:13:38.647 > startup_countdown: not started
19:13:38.647 > motor_control_message_pacing: started
19:13:39.146 > === ECU State ===
19:13:39.146 > car_fully_on: true
19:13:39.146 > start_switch_on: true
19:13:39.146 > brake_pressure: 27
19:13:39.146 > calculated_torque: 33
19:13:39.146 > throttle1_pos: (none)
19:13:39.146 > throttle2_pos: (none)
19:13:39.146 > startup_countdown: not started
19:13:39.146 > motor_control_message_pacing: started
19:13:39.646 > === ECU State ===
19:13:39.646 > car_fully_on: true
19:13:39.646 > start_switch_on: true
19:13:39.646 > brake_pressure: 15
19:13:39.646 > calculated_torque: 33
19:13:39.646 > throttle1_pos: (none)
19:13:39.646 > throttle2_pos: (none)
19:13:39.646 > startup_countdown: not started
19:13:39.646 > motor_control_message_pacing: started
19:13:40.146 > === ECU State ===
19:13:40.146 > car_fully_on: true
19:13:40.146 > start_switch_on: true
19:13:40.146 > brake_pressure: 31
19:13:40.146 > calculated_torque: 32
19:13:40.146 > throttle1_pos: (none)
19:13:40.146 > throttle2_pos: (none)
19:13:40.146 > startup_countdown: not started
19:13:40.146 > motor_control_message_pacing: started
19:13:40.646 > === ECU State ===
19:13:40.649 > car_fully_on: true
19:13:40.649 > start_switch_on: true
19:13:40.649 > brake_pressure: 24
19:13:40.649 > calculated_torque: 33
19:13:40.649 > throttle1_pos: (none)
19:13:40.649 > throttle2_pos: (none)
19:13:40.649 > startup_countdown: not started
19:13:40.649 > motor_control_message_pacing: started
19:13:41.146 > === ECU State ===
19:13:41.146 > car_fully_on: true
19:13:41.146 > start_switch_on: true
19:13:41.146 > brake_pressure: 63
19:13:41.146 > calculated_torque: 32
19:13:41.146 > throttle1_pos: (none)
19:13:41.146 > throttle2_pos: (none)
19:13:41.146 > startup_countdown: not started
19:13:41.146 > motor_control_message_pacing: started
19:13:41.646 > === ECU State ===
19:13:41.649 > car_fully_on: true
19:13:41.649 > start_switch_on: true
19:13:41.649 > brake_pressure: 28
19:13:41.649 > calculated_torque: 32
19:13:41.649 > throttle1_pos: (none)
19:13:41.649 > throttle2_pos: (none)
19:13:41.649 > startup_countdown: not started
19:13:41.649 > motor_control_message_pacing: started
19:13:42.148 > === ECU State ===
19:13:42.148 > car_fully_on: true
19:13:42.148 > start_switch_on: true
19:13:42.148 > brake_pressure: 1
19:13:42.148 > calculated_torque: 33
19:13:42.148 > throttle1_pos: (none)
19:13:42.148 > throttle2_pos: (none)
19:13:42.148 > startup_countdown: not started
19:13:42.148 > motor_control_message_pacing: started
19:13:42.647 > === ECU State ===
19:13:42.647 > car_fully_on: true
19:13:42.647 > start_switch_on: true
19:13:42.647 > brake_pressure: 1
19:13:42.647 > calculated_torque: 34
19:13:42.647 > throttle1_pos: (none)
19:13:42.647 > throttle2_pos: (none)
19:13:42.647 > startup_countdown: not started
19:13:42.647 > motor_control_message_pacing: started
19:13:43.147 > === ECU State ===
19:13:43.147 > car_fully_on: true
19:13:43.147 > start_switch_on: true
19:13:43.147 > brake_pressure: 2
19:13:43.147 > calculated_torque: 31
19:13:43.147 > throttle1_pos: (none)
19:13:43.147 > throttle2_pos: (none)
19:13:43.147 > startup_countdown: not started
19:13:43.147 > motor_control_message_pacing: started
19:13:43.647 > === ECU State ===
19:13:43.647 > car_fully_on: true
19:13:43.647 > start_switch_on: true
19:13:43.647 > brake_pressure: 3
19:13:43.647 > calculated_torque: 32
19:13:43.647 > throttle1_pos: (none)
19:13:43.647 > throttle2_pos: (none)
19:13:43.647 > startup_countdown: not started
19:13:43.647 > motor_control_message_pacing: started
19:13:44.146 > === ECU State ===
19:13:44.149 > car_fully_on: true
19:13:44.149 > start_switch_on: true
19:13:44.149 > brake_pressure: 4
19:13:44.149 > calculated_torque: 32
19:13:44.149 > throttle1_pos: (none)
19:13:44.149 > throttle2_pos: (none)
19:13:44.149 > startup_countdown: not started
19:13:44.149 > motor_control_message_pacing: started
19:13:44.648 > === ECU State ===
19:13:44.648 > car_fully_on: true
19:13:44.648 > start_switch_on: true
19:13:44.648 > brake_pressure: 23
19:13:44.648 > calculated_torque: 34
19:13:44.648 > throttle1_pos: (none)
19:13:44.648 > throttle2_pos: (none)
19:13:44.648 > startup_countdown: not started
19:13:44.648 > motor_control_message_pacing: started
19:13:45.146 > === ECU State ===
19:13:45.148 > car_fully_on: true
19:13:45.148 > start_switch_on: true
19:13:45.148 > brake_pressure: 68
19:13:45.148 > calculated_torque: 33
19:13:45.148 > throttle1_pos: (none)
19:13:45.148 > throttle2_pos: (none)
19:13:45.148 > startup_countdown: not started
19:13:45.148 > motor_control_message_pacing: started
19:13:45.646 > === ECU State ===
19:13:45.646 > car_fully_on: true
19:13:45.646 > start_switch_on: true
19:13:45.646 > brake_pressure: 112
19:13:45.646 > calculated_torque: 33
19:13:45.646 > throttle1_pos: (none)
19:13:45.646 > throttle2_pos: (none)
19:13:45.646 > startup_countdown: not started
19:13:45.646 > motor_control_message_pacing: started
19:13:46.146 > === ECU State ===
19:13:46.146 > car_fully_on: true
19:13:46.146 > start_switch_on: true
19:13:46.146 > brake_pressure: 21
19:13:46.146 > calculated_torque: 34
19:13:46.146 > throttle1_pos: (none)
19:13:46.146 > throttle2_pos: (none)
19:13:46.146 > startup_countdown: not started
19:13:46.146 > motor_control_message_pacing: started
19:13:46.647 > === ECU State ===
19:13:46.647 > car_fully_on: true
19:13:46.647 > start_switch_on: true
19:13:46.647 > brake_pressure: 42
19:13:46.647 > calculated_torque: 33
19:13:46.647 > throttle1_pos: (none)
19:13:46.647 > throttle2_pos: (none)
19:13:46.647 > startup_countdown: not started
19:13:46.647 > motor_control_message_pacing: started
19:13:47.147 > === ECU State ===
19:13:47.147 > car_fully_on: true
19:13:47.147 > start_switch_on: true
19:13:47.147 > brake_pressure: 3
19:13:47.147 > calculated_torque: 32
19:13:47.147 > throttle1_pos: (none)
19:13:47.147 > throttle2_pos: (none)
19:13:47.147 > startup_countdown: not started
19:13:47.147 > motor_control_message_pacing: started
19:13:47.648 > === ECU State ===
19:13:47.648 > car_fully_on: true
19:13:47.648 > start_switch_on: true
19:13:47.648 > brake_pressure: 2
19:13:47.648 > calculated_torque: 33
19:13:47.648 > throttle1_pos: (none)
19:13:47.648 > throttle2_pos: (none)
19:13:47.648 > startup_countdown: not started
19:13:47.648 > motor_control_message_pacing: started
19:13:48.147 > === ECU State ===
19:13:48.147 > car_fully_on: true
19:13:48.147 > start_switch_on: true
19:13:48.147 > brake_pressure: 1
19:13:48.147 > calculated_torque: 33
19:13:48.147 > throttle1_pos: (none)
19:13:48.147 > throttle2_pos: (none)
19:13:48.147 > startup_countdown: not started
19:13:48.147 > motor_control_message_pacing: started
19:13:48.647 > === ECU State ===
19:13:48.647 > car_fully_on: true
19:13:48.647 > start_switch_on: true
19:13:48.647 > brake_pressure: 1
19:13:48.647 > calculated_torque: 32
19:13:48.647 > throttle1_pos: (none)
19:13:48.647 > throttle2_pos: (none)
19:13:48.647 > startup_countdown: not started
19:13:48.647 > motor_control_message_pacing: started
19:13:49.142 > === ECU State ===
19:13:49.148 > car_fully_on: true
19:13:49.148 > start_switch_on: true
19:13:49.148 > brake_pressure: 1
19:13:49.148 > calculated_torque: 32
19:13:49.148 > throttle1_pos: (none)
19:13:49.148 > throttle2_pos: (none)
19:13:49.148 > startup_countdown: not started
19:13:49.148 > motor_control_message_pacing: started
19:13:49.648 > === ECU State ===
19:13:49.648 > car_fully_on: true
19:13:49.648 > start_switch_on: true
19:13:49.648 > brake_pressure: 5
19:13:49.648 > calculated_torque: 33
19:13:49.648 > throttle1_pos: (none)
19:13:49.648 > throttle2_pos: (none)
19:13:49.648 > startup_countdown: not started
19:13:49.648 > motor_control_message_pacing: started
19:13:50.148 > === ECU State ===
19:13:50.148 > car_fully_on: true
19:13:50.148 > start_switch_on: true
19:13:50.148 > brake_pressure: 22
19:13:50.148 > calculated_torque: 32
19:13:50.148 > throttle1_pos: (none)
19:13:50.148 > throttle2_pos: (none)
19:13:50.148 > startup_countdown: not started
19:13:50.148 > motor_control_message_pacing: started
19:13:50.646 > === ECU State ===
19:13:50.646 > car_fully_on: true
19:13:50.646 > start_switch_on: true
19:13:50.646 > brake_pressure: 31
19:13:50.646 > calculated_torque: 34
19:13:50.646 > throttle1_pos: (none)
19:13:50.646 > throttle2_pos: (none)
19:13:50.646 > startup_countdown: not started
19:13:50.646 > motor_control_message_pacing: started
19:13:51.148 > === ECU State ===
19:13:51.148 > car_fully_on: true
19:13:51.148 > start_switch_on: true
19:13:51.148 > brake_pressure: 58
19:13:51.148 > calculated_torque: 32
19:13:51.148 > throttle1_pos: (none)
19:13:51.148 > throttle2_pos: (none)
19:13:51.148 > startup_countdown: not started
19:13:51.148 > motor_control_message_pacing: started
19:13:51.642 > === ECU State ===
19:13:51.642 > car_fully_on: true
19:13:51.642 > start_switch_on: true
19:13:51.642 > brake_pressure: 30
19:13:51.642 > calculated_torque: 33
19:13:51.642 > throttle1_pos: (none)
19:13:51.642 > throttle2_pos: (none)
19:13:51.642 > startup_countdown: not started
19:13:51.642 > motor_control_message_pacing: started
19:13:52.147 > === ECU State ===
19:13:52.147 > car_fully_on: true
19:13:52.147 > start_switch_on: true
19:13:52.147 > brake_pressure: 29
19:13:52.147 > calculated_torque: 35
19:13:52.147 > throttle1_pos: (none)
19:13:52.147 > throttle2_pos: (none)
19:13:52.147 > startup_countdown: not started
19:13:52.147 > motor_control_message_pacing: started
19:13:52.647 > === ECU State ===
19:13:52.647 > car_fully_on: true
19:13:52.647 > start_switch_on: true
19:13:52.647 > brake_pressure: 0
19:13:52.647 > calculated_torque: 32
19:13:52.647 > throttle1_pos: (none)
19:13:52.647 > throttle2_pos: (none)
19:13:52.647 > startup_countdown: not started
19:13:52.647 > motor_control_message_pacing: started
19:13:53.141 > === ECU State ===
19:13:53.148 > car_fully_on: true
19:13:53.148 > start_switch_on: true
19:13:53.148 > brake_pressure: 1
19:13:53.148 > calculated_torque: 32
19:13:53.148 > throttle1_pos: (none)
19:13:53.148 > throttle2_pos: (none)
19:13:53.148 > startup_countdown: not started
19:13:53.148 > motor_control_message_pacing: started
19:13:53.647 > === ECU State ===
19:13:53.647 > car_fully_on: true
19:13:53.647 > start_switch_on: true
19:13:53.647 > brake_pressure: 1
19:13:53.647 > calculated_torque: 32
19:13:53.647 > throttle1_pos: (none)
19:13:53.647 > throttle2_pos: (none)
19:13:53.647 > startup_countdown: not started
19:13:53.647 > motor_control_message_pacing: started
19:13:54.146 > === ECU State ===
19:13:54.146 > car_fully_on: true
19:13:54.146 > start_switch_on: true
19:13:54.146 > brake_pressure: 1
19:13:54.146 > calculated_torque: 33
19:13:54.146 > throttle1_pos: (none)
19:13:54.146 > throttle2_pos: (none)
19:13:54.146 > startup_countdown: not started
19:13:54.146 > motor_control_message_pacing: started
19:13:54.646 > === ECU State ===
19:13:54.646 > car_fully_on: true
19:13:54.646 > start_switch_on: true
19:13:54.646 > brake_pressure: 2
19:13:54.646 > calculated_torque: 32
19:13:54.646 > throttle1_pos: (none)
19:13:54.646 > throttle2_pos: (none)
19:13:54.646 > startup_countdown: not started
19:13:54.646 > motor_control_message_pacing: started
19:13:55.147 > === ECU State ===
19:13:55.148 > car_fully_on: true
19:13:55.148 > start_switch_on: true
19:13:55.148 > brake_pressure: 2
19:13:55.148 > calculated_torque: 32
19:13:55.148 > throttle1_pos: (none)
19:13:55.148 > throttle2_pos: (none)
19:13:55.148 > startup_countdown: not started
19:13:55.148 > motor_control_message_pacing: started
19:13:55.646 > === ECU State ===
19:13:55.646 > car_fully_on: true
19:13:55.646 > start_switch_on: true
19:13:55.646 > brake_pressure: 32
19:13:55.646 > calculated_torque: 33
19:13:55.646 > throttle1_pos: (none)
19:13:55.646 > throttle2_pos: (none)
19:13:55.646 > startup_countdown: not started
19:13:55.646 > motor_control_message_pacing: started
19:13:56.139 > === ECU State ===
19:13:56.139 > car_fully_on: true
19:13:56.139 > start_switch_on: true
19:13:56.139 > brake_pressure: 10
19:13:56.139 > calculated_torque: 33
19:13:56.139 > throttle1_pos: (none)
19:13:56.139 > throttle2_pos: (none)
19:13:56.139 > startup_countdown: not started
19:13:56.139 > motor_control_message_pacing: started
19:13:56.647 > === ECU State ===
19:13:56.647 > car_fully_on: true
19:13:56.647 > start_switch_on: true
19:13:56.647 > brake_pressure: 50
19:13:56.647 > calculated_torque: 32
19:13:56.647 > throttle1_pos: (none)
19:13:56.647 > throttle2_pos: (none)
19:13:56.647 > startup_countdown: not started
19:13:56.647 > motor_control_message_pacing: started
19:13:57.137 > === ECU State ===
19:13:57.137 > car_fully_on: true
19:13:57.137 > start_switch_on: true
19:13:57.137 > brake_pressure: 27
19:13:57.137 > calculated_torque: 32
19:13:57.137 > throttle1_pos: (none)
19:13:57.137 > throttle2_pos: (none)
19:13:57.137 > startup_countdown: not started
19:13:57.137 > motor_control_message_pacing: started
19:13:57.647 > === ECU State ===
19:13:57.647 > car_fully_on: true
19:13:57.647 > start_switch_on: true
19:13:57.647 > brake_pressure: 25
19:13:57.647 > calculated_torque: 33
19:13:57.647 > throttle1_pos: (none)
19:13:57.647 > throttle2_pos: (none)
19:13:57.647 > startup_countdown: not started
19:13:57.647 > motor_control_message_pacing: started
19:13:58.147 > === ECU State ===
19:13:58.147 > car_fully_on: true
19:13:58.147 > start_switch_on: true
19:13:58.147 > brake_pressure: 34
19:13:58.147 > calculated_torque: 32
19:13:58.147 > throttle1_pos: (none)
19:13:58.147 > throttle2_pos: (none)
19:13:58.147 > startup_countdown: not started
19:13:58.147 > motor_control_message_pacing: started
19:13:58.646 > === ECU State ===
19:13:58.646 > car_fully_on: true
19:13:58.646 > start_switch_on: true
19:13:58.646 > brake_pressure: 0
19:13:58.646 > calculated_torque: 32
19:13:58.646 > throttle1_pos: (none)
19:13:58.646 > throttle2_pos: (none)
19:13:58.646 > startup_countdown: not started
19:13:58.646 > motor_control_message_pacing: started
19:13:59.146 > === ECU State ===
19:13:59.146 > car_fully_on: true
19:13:59.146 > start_switch_on: true
19:13:59.146 > brake_pressure: 1
19:13:59.146 > calculated_torque: 33
19:13:59.146 > throttle1_pos: (none)
19:13:59.146 > throttle2_pos: (none)
19:13:59.146 > startup_countdown: not started
19:13:59.146 > motor_control_message_pacing: started
19:13:59.647 > === ECU State ===
19:13:59.647 > car_fully_on: true
19:13:59.647 > start_switch_on: true
19:13:59.647 > brake_pressure: 1
19:13:59.647 > calculated_torque: 32
19:13:59.647 > throttle1_pos: (none)
19:13:59.647 > throttle2_pos: (none)
19:13:59.647 > startup_countdown: not started
19:13:59.647 > motor_control_message_pacing: started
19:14:00.147 > === ECU State ===
19:14:00.147 > car_fully_on: true
19:14:00.147 > start_switch_on: true
19:14:00.147 > brake_pressure: 0
19:14:00.147 > calculated_torque: 32
19:14:00.147 > throttle1_pos: (none)
19:14:00.147 > throttle2_pos: (none)
19:14:00.147 > startup_countdown: not started
19:14:00.147 > motor_control_message_pacing: started
19:14:00.646 > === ECU State ===
19:14:00.646 > car_fully_on: true
19:14:00.646 > start_switch_on: true
19:14:00.646 > brake_pressure: 1
19:14:00.646 > calculated_torque: 33
19:14:00.646 > throttle1_pos: (none)
19:14:00.646 > throttle2_pos: (none)
19:14:00.646 > startup_countdown: not started
19:14:00.646 > motor_control_message_pacing: started
19:14:01.141 > === ECU State ===
19:14:01.148 > car_fully_on: true
19:14:01.148 > start_switch_on: true
19:14:01.148 > brake_pressure: 5
19:14:01.148 > calculated_torque: 32
19:14:01.148 > throttle1_pos: (none)
19:14:01.148 > throttle2_pos: (none)
19:14:01.148 > startup_countdown: not started
19:14:01.148 > motor_control_message_pacing: started
19:14:01.646 > === ECU State ===
19:14:01.646 > car_fully_on: true
19:14:01.646 > start_switch_on: true
19:14:01.646 > brake_pressure: 11
19:14:01.646 > calculated_torque: 32
19:14:01.646 > throttle1_pos: (none)
19:14:01.646 > throttle2_pos: (none)
19:14:01.646 > startup_countdown: not started
19:14:01.646 > motor_control_message_pacing: started
19:14:02.146 > === ECU State ===
19:14:02.146 > car_fully_on: true
19:14:02.146 > start_switch_on: true
19:14:02.146 > brake_pressure: 70
19:14:02.146 > calculated_torque: 32
19:14:02.146 > throttle1_pos: (none)
19:14:02.146 > throttle2_pos: (none)
19:14:02.146 > startup_countdown: not started
19:14:02.146 > motor_control_message_pacing: started
19:14:02.648 > === ECU State ===
19:14:02.648 > car_fully_on: true
19:14:02.648 > start_switch_on: true
19:14:02.648 > brake_pressure: 51
19:14:02.648 > calculated_torque: 32
19:14:02.648 > throttle1_pos: (none)
19:14:02.648 > throttle2_pos: (none)
19:14:02.648 > startup_countdown: not started
19:14:02.648 > motor_control_message_pacing: started
19:14:03.137 > === ECU State ===
19:14:03.137 > car_fully_on: true
19:14:03.137 > start_switch_on: true
19:14:03.137 > brake_pressure: 35
19:14:03.137 > calculated_torque: 32
19:14:03.137 > throttle1_pos: (none)
19:14:03.137 > throttle2_pos: (none)
19:14:03.137 > startup_countdown: not started
19:14:03.137 > motor_control_message_pacing: started
19:14:03.647 > === ECU State ===
19:14:03.647 > car_fully_on: true
19:14:03.647 > start_switch_on: true
19:14:03.647 > brake_pressure: 29
19:14:03.647 > calculated_torque: 32
19:14:03.647 > throttle1_pos: (none)
19:14:03.647 > throttle2_pos: (none)
19:14:03.647 > startup_countdown: not started
19:14:03.647 > motor_control_message_pacing: started
19:14:04.147 > === ECU State ===
19:14:04.147 > car_fully_on: true
19:14:04.147 > start_switch_on: true
19:14:04.147 > brake_pressure: 0
19:14:04.147 > calculated_torque: 32
19:14:04.147 > throttle1_pos: (none)
19:14:04.147 > throttle2_pos: (none)
19:14:04.147 > startup_countdown: not started
19:14:04.147 > motor_control_message_pacing: started
19:14:04.647 > === ECU State ===
19:14:04.648 > car_fully_on: true
19:14:04.648 > start_switch_on: true
19:14:04.648 > brake_pressure: 0
19:14:04.648 > calculated_torque: 32
19:14:04.648 > throttle1_pos: (none)
19:14:04.648 > throttle2_pos: (none)
19:14:04.648 > startup_countdown: not started
19:14:04.648 > motor_control_message_pacing: started
19:14:05.146 > === ECU State ===
19:14:05.146 > car_fully_on: true
19:14:05.146 > start_switch_on: true
19:14:05.146 > brake_pressure: 1
19:14:05.146 > calculated_torque: 33
19:14:05.146 > throttle1_pos: (none)
19:14:05.146 > throttle2_pos: (none)
19:14:05.146 > startup_countdown: not started
19:14:05.146 > motor_control_message_pacing: started
19:14:05.647 > === ECU State ===
19:14:05.647 > car_fully_on: true
19:14:05.647 > start_switch_on: true
19:14:05.647 > brake_pressure: 3
19:14:05.647 > calculated_torque: 32
19:14:05.647 > throttle1_pos: (none)
19:14:05.647 > throttle2_pos: (none)
19:14:05.647 > startup_countdown: not started
19:14:05.647 > motor_control_message_pacing: started
19:14:06.146 > === ECU State ===
19:14:06.146 > car_fully_on: true
19:14:06.146 > start_switch_on: true
19:14:06.146 > brake_pressure: 2
19:14:06.146 > calculated_torque: 32
19:14:06.146 > throttle1_pos: (none)
19:14:06.146 > throttle2_pos: (none)
19:14:06.146 > startup_countdown: not started
19:14:06.146 > motor_control_message_pacing: started
19:14:06.647 > === ECU State ===
19:14:06.647 > car_fully_on: true
19:14:06.647 > start_switch_on: true
19:14:06.647 > brake_pressure: 11
19:14:06.647 > calculated_torque: 34
19:14:06.647 > throttle1_pos: (none)
19:14:06.647 > throttle2_pos: (none)
19:14:06.647 > startup_countdown: not started
19:14:06.647 > motor_control_message_pacing: started
19:14:07.147 > === ECU State ===
19:14:07.147 > car_fully_on: true
19:14:07.147 > start_switch_on: true
19:14:07.147 > brake_pressure: 29
19:14:07.147 > calculated_torque: 39
19:14:07.147 > throttle1_pos: (none)
19:14:07.147 > throttle2_pos: (none)
19:14:07.147 > startup_countdown: not started
19:14:07.147 > motor_control_message_pacing: started
19:14:07.646 > === ECU State ===
19:14:07.646 > car_fully_on: true
19:14:07.646 > start_switch_on: true
19:14:07.646 > brake_pressure: 35
19:14:07.646 > calculated_torque: 32
19:14:07.646 > throttle1_pos: (none)
19:14:07.646 > throttle2_pos: (none)
19:14:07.646 > startup_countdown: not started
19:14:07.646 > motor_control_message_pacing: started
19:14:08.146 > === ECU State ===
19:14:08.146 > car_fully_on: true
19:14:08.146 > start_switch_on: true
19:14:08.146 > brake_pressure: 37
19:14:08.146 > calculated_torque: 33
19:14:08.146 > throttle1_pos: (none)
19:14:08.146 > throttle2_pos: (none)
19:14:08.146 > startup_countdown: not started
19:14:08.146 > motor_control_message_pacing: started
19:14:08.647 > === ECU State ===
19:14:08.647 > car_fully_on: true
19:14:08.647 > start_switch_on: true
19:14:08.647 > brake_pressure: 53
19:14:08.647 > calculated_torque: 32
19:14:08.647 > throttle1_pos: (none)
19:14:08.647 > throttle2_pos: (none)
19:14:08.647 > startup_countdown: not started
19:14:08.647 > motor_control_message_pacing: started
19:14:09.147 > === ECU State ===
19:14:09.147 > car_fully_on: true
19:14:09.147 > start_switch_on: true
19:14:09.147 > brake_pressure: 1
19:14:09.147 > calculated_torque: 32
19:14:09.147 > throttle1_pos: (none)
19:14:09.147 > throttle2_pos: (none)
19:14:09.147 > startup_countdown: not started
19:14:09.147 > motor_control_message_pacing: started
19:14:09.646 > === ECU State ===
19:14:09.646 > car_fully_on: true
19:14:09.646 > start_switch_on: true
19:14:09.646 > brake_pressure: 64
19:14:09.646 > calculated_torque: 32
19:14:09.646 > throttle1_pos: (none)
19:14:09.646 > throttle2_pos: (none)
19:14:09.646 > startup_countdown: not started
19:14:09.646 > motor_control_message_pacing: started
19:14:10.146 > === ECU State ===
19:14:10.146 > car_fully_on: true
19:14:10.146 > start_switch_on: true
19:14:10.146 > brake_pressure: 0
19:14:10.146 > calculated_torque: 32
19:14:10.146 > throttle1_pos: (none)
19:14:10.146 > throttle2_pos: (none)
19:14:10.146 > startup_countdown: not started
19:14:10.146 > motor_control_message_pacing: started
19:14:10.647 > === ECU State ===
19:14:10.647 > car_fully_on: true
19:14:10.647 > start_switch_on: true
19:14:10.647 > brake_pressure: 1
19:14:10.647 > calculated_torque: 31
19:14:10.647 > throttle1_pos: (none)
19:14:10.647 > throttle2_pos: (none)
19:14:10.647 > startup_countdown: not started
19:14:10.647 > motor_control_message_pacing: started
19:14:11.146 > === ECU State ===
19:14:11.146 > car_fully_on: true
19:14:11.146 > start_switch_on: true
19:14:11.146 > brake_pressure: 2
19:14:11.146 > calculated_torque: 32
19:14:11.146 > throttle1_pos: (none)
19:14:11.146 > throttle2_pos: (none)
19:14:11.146 > startup_countdown: not started
19:14:11.146 > motor_control_message_pacing: started
19:14:11.648 > === ECU State ===
19:14:11.648 > car_fully_on: true
19:14:11.648 > start_switch_on: true
19:14:11.648 > brake_pressure: 1
19:14:11.648 > calculated_torque: 31
19:14:11.648 > throttle1_pos: (none)
19:14:11.648 > throttle2_pos: (none)
19:14:11.648 > startup_countdown: not started
19:14:11.648 > motor_control_message_pacing: started
19:14:12.147 > === ECU State ===
19:14:12.147 > car_fully_on: true
19:14:12.147 > start_switch_on: true
19:14:12.147 > brake_pressure: 2
19:14:12.147 > calculated_torque: 32
19:14:12.147 > throttle1_pos: (none)
19:14:12.147 > throttle2_pos: (none)
19:14:12.147 > startup_countdown: not started
19:14:12.147 > motor_control_message_pacing: started
19:14:12.646 > === ECU State ===
19:14:12.646 > car_fully_on: true
19:14:12.646 > start_switch_on: true
19:14:12.646 > brake_pressure: 21
19:14:12.646 > calculated_torque: 58
19:14:12.646 > throttle1_pos: (none)
19:14:12.646 > throttle2_pos: (none)
19:14:12.646 > startup_countdown: not started
19:14:12.646 > motor_control_message_pacing: started
19:14:13.148 > === ECU State ===
19:14:13.148 > car_fully_on: true
19:14:13.148 > start_switch_on: true
19:14:13.148 > brake_pressure: 51
19:14:13.148 > calculated_torque: 33
19:14:13.148 > throttle1_pos: (none)
19:14:13.148 > throttle2_pos: (none)
19:14:13.148 > startup_countdown: not started
19:14:13.148 > motor_control_message_pacing: started
19:14:13.647 > === ECU State ===
19:14:13.647 > car_fully_on: true
19:14:13.647 > start_switch_on: true
19:14:13.647 > brake_pressure: 39
19:14:13.647 > calculated_torque: 32
19:14:13.647 > throttle1_pos: (none)
19:14:13.647 > throttle2_pos: (none)
19:14:13.647 > startup_countdown: not started
19:14:13.647 > motor_control_message_pacing: started
19:14:14.148 > === ECU State ===
19:14:14.149 > car_fully_on: true
19:14:14.149 > start_switch_on: true
19:14:14.149 > brake_pressure: 61
19:14:14.149 > calculated_torque: 32
19:14:14.149 > throttle1_pos: (none)
19:14:14.149 > throttle2_pos: (none)
19:14:14.149 > startup_countdown: not started
19:14:14.149 > motor_control_message_pacing: started
19:14:14.648 > === ECU State ===
19:14:14.648 > car_fully_on: true
19:14:14.648 > start_switch_on: true
19:14:14.648 > brake_pressure: 66
19:14:14.648 > calculated_torque: 32
19:14:14.648 > throttle1_pos: (none)
19:14:14.648 > throttle2_pos: (none)
19:14:14.648 > startup_countdown: not started
19:14:14.648 > motor_control_message_pacing: started
19:14:15.148 > === ECU State ===
19:14:15.148 > car_fully_on: true
19:14:15.148 > start_switch_on: true
19:14:15.148 > brake_pressure: 0
19:14:15.148 > calculated_torque: 32
19:14:15.148 > throttle1_pos: (none)
19:14:15.148 > throttle2_pos: (none)
19:14:15.148 > startup_countdown: not started
19:14:15.148 > motor_control_message_pacing: started
19:14:15.647 > === ECU State ===
19:14:15.647 > car_fully_on: true
19:14:15.647 > start_switch_on: true
19:14:15.647 > brake_pressure: 1
19:14:15.647 > calculated_torque: 33
19:14:15.647 > throttle1_pos: (none)
19:14:15.647 > throttle2_pos: (none)
19:14:15.647 > startup_countdown: not started
19:14:15.647 > motor_control_message_pacing: started
19:14:16.147 > === ECU State ===
19:14:16.147 > car_fully_on: true
19:14:16.147 > start_switch_on: true
19:14:16.147 > brake_pressure: 0
19:14:16.147 > calculated_torque: 32
19:14:16.147 > throttle1_pos: (none)
19:14:16.147 > throttle2_pos: (none)
19:14:16.147 > startup_countdown: not started
19:14:16.147 > motor_control_message_pacing: started
19:14:16.646 > === ECU State ===
19:14:16.646 > car_fully_on: false
19:14:16.646 > start_switch_on: false
19:14:16.646 > brake_pressure: 1
19:14:16.646 > calculated_torque: 32
19:14:16.646 > throttle1_pos: (none)
19:14:16.646 > throttle2_pos: (none)
19:14:16.646 > startup_countdown: not started
19:14:16.646 > motor_control_message_pacing: started
19:14:17.133 > === ECU State ===
19:14:17.149 > car_fully_on: false
19:14:17.149 > start_switch_on: false
19:14:17.149 > brake_pressure: 1
19:14:17.149 > calculated_torque: 32
19:14:17.149 > throttle1_pos: (none)
19:14:17.149 > throttle2_pos: (none)
19:14:17.149 > startup_countdown: not started
19:14:17.149 > motor_control_message_pacing: started
19:14:17.646 > === ECU State ===
19:14:17.646 > car_fully_on: false
19:14:17.646 > start_switch_on: false
19:14:17.646 > brake_pressure: 0
19:14:17.646 > calculated_torque: 32
19:14:17.646 > throttle1_pos: (none)
19:14:17.646 > throttle2_pos: (none)
19:14:17.646 > startup_countdown: not started
19:14:17.646 > motor_control_message_pacing: started
19:14:18.146 > === ECU State ===
19:14:18.146 > car_fully_on: false
19:14:18.146 > start_switch_on: false
19:14:18.146 > brake_pressure: 1
19:14:18.146 > calculated_torque: 32
19:14:18.146 > throttle1_pos: (none)
19:14:18.146 > throttle2_pos: (none)
19:14:18.146 > startup_countdown: not started
19:14:18.146 > motor_control_message_pacing: started
19:14:18.647 > === ECU State ===
19:14:18.647 > car_fully_on: false
19:14:18.647 > start_switch_on: false
19:14:18.647 > brake_pressure: 1
19:14:18.647 > calculated_torque: 32
19:14:18.647 > throttle1_pos: (none)
19:14:18.647 > throttle2_pos: (none)
19:14:18.647 > startup_countdown: not started
19:14:18.647 > motor_control_message_pacing: started
19:14:19.148 > === ECU State ===
19:14:19.148 > car_fully_on: false
19:14:19.148 > start_switch_on: false
19:14:19.148 > brake_pressure: 1
19:14:19.148 > calculated_torque: 32
19:14:19.148 > throttle1_pos: (none)
19:14:19.148 > throttle2_pos: (none)
19:14:19.148 > startup_countdown: not started
19:14:19.148 > motor_control_message_pacing: started
19:14:19.647 > === ECU State ===
19:14:19.647 > car_fully_on: false
19:14:19.647 > start_switch_on: false
19:14:19.647 > brake_pressure: 1
19:14:19.647 > calculated_torque: 32
19:14:19.647 > throttle1_pos: (none)
19:14:19.647 > throttle2_pos: (none)
19:14:19.647 > startup_countdown: not started
19:14:19.647 > motor_control_message_pacing: started
19:14:20.147 > === ECU State ===
19:14:20.147 > car_fully_on: false
19:14:20.147 > start_switch_on: false
19:14:20.147 > brake_pressure: 1
19:14:20.147 > calculated_torque: 32
19:14:20.147 > throttle1_pos: (none)
19:14:20.147 > throttle2_pos: (none)
19:14:20.147 > startup_countdown: not started
19:14:20.147 > motor_control_message_pacing: started
19:14:20.646 > === ECU State ===
19:14:20.646 > car_fully_on: false
19:14:20.646 > start_switch_on: false
19:14:20.646 > brake_pressure: 1
19:14:20.646 > calculated_torque: 32
19:14:20.646 > throttle1_pos: (none)
19:14:20.646 > throttle2_pos: (none)
19:14:20.646 > startup_countdown: not started
19:14:20.646 > motor_control_message_pacing: started
19:14:21.146 > === ECU State ===
19:14:21.146 > car_fully_on: false
19:14:21.146 > start_switch_on: false
19:14:21.146 > brake_pressure: 1
19:14:21.146 > calculated_torque: 32
19:14:21.146 > throttle1_pos: (none)
19:14:21.146 > throttle2_pos: (none)
19:14:21.146 > startup_countdown: not started
19:14:21.146 > motor_control_message_pacing: started
19:14:21.648 > === ECU State ===
19:14:21.648 > car_fully_on: false
19:14:21.648 > start_switch_on: false
19:14:21.648 > brake_pressure: 1
19:14:21.648 > calculated_torque: 32
19:14:21.648 > throttle1_pos: (none)
19:14:21.648 > throttle2_pos: (none)
19:14:21.648 > startup_countdown: not started
19:14:21.648 > motor_control_message_pacing: started
19:14:22.148 > === ECU State ===
19:14:22.149 > car_fully_on: false
19:14:22.149 > start_switch_on: false
19:14:22.149 > brake_pressure: 1
19:14:22.149 > calculated_torque: 32
19:14:22.149 > throttle1_pos: (none)
19:14:22.149 > throttle2_pos: (none)
19:14:22.149 > startup_countdown: not started
19:14:22.149 > motor_control_message_pacing: started
19:14:22.647 > === ECU State ===
19:14:22.647 > car_fully_on: false
19:14:22.647 > start_switch_on: false
19:14:22.647 > brake_pressure: 1
19:14:22.647 > calculated_torque: 32
19:14:22.647 > throttle1_pos: (none)
19:14:22.647 > throttle2_pos: (none)
19:14:22.647 > startup_countdown: not started
19:14:22.647 > motor_control_message_pacing: started
19:14:23.146 > === ECU State ===
19:14:23.146 > car_fully_on: false
19:14:23.146 > start_switch_on: false
19:14:23.146 > brake_pressure: 1
19:14:23.146 > calculated_torque: 32
19:14:23.146 > throttle1_pos: (none)
19:14:23.146 > throttle2_pos: (none)
19:14:23.146 > startup_countdown: not started
19:14:23.146 > motor_control_message_pacing: started
19:14:23.646 > === ECU State ===
19:14:23.646 > car_fully_on: false
19:14:23.646 > start_switch_on: false
19:14:23.646 > brake_pressure: 1
19:14:23.646 > calculated_torque: 32
19:14:23.646 > throttle1_pos: (none)
19:14:23.646 > throttle2_pos: (none)
19:14:23.646 > startup_countdown: not started
19:14:23.646 > motor_control_message_pacing: started
19:14:24.148 > === ECU State ===
19:14:24.149 > car_fully_on: false
19:14:24.149 > start_switch_on: false
19:14:24.149 > brake_pressure: 0
19:14:24.149 > calculated_torque: 32
19:14:24.149 > throttle1_pos: (none)
19:14:24.149 > throttle2_pos: (none)
19:14:24.149 > startup_countdown: not started
19:14:24.149 > motor_control_message_pacing: started
19:14:24.646 > === ECU State ===
19:14:24.646 > car_fully_on: false
19:14:24.646 > start_switch_on: false
19:14:24.646 > brake_pressure: 1
19:14:24.646 > calculated_torque: 32
19:14:24.646 > throttle1_pos: (none)
19:14:24.646 > throttle2_pos: (none)
19:14:24.646 > startup_countdown: not started
19:14:24.646 > motor_control_message_pacing: started
19:14:25.147 > === ECU State ===
19:14:25.147 > car_fully_on: false
19:14:25.147 > start_switch_on: false
19:14:25.147 > brake_pressure: 1
19:14:25.147 > calculated_torque: 32
19:14:25.147 > throttle1_pos: (none)
19:14:25.147 > throttle2_pos: (none)
19:14:25.147 > startup_countdown: not started
19:14:25.147 > motor_control_message_pacing: started
19:14:25.647 > === ECU State ===
19:14:25.647 > car_fully_on: false
19:14:25.647 > start_switch_on: false
19:14:25.647 > brake_pressure: 1
19:14:25.647 > calculated_torque: 32
19:14:25.647 > throttle1_pos: (none)
19:14:25.647 > throttle2_pos: (none)
19:14:25.647 > startup_countdown: not started
19:14:25.647 > motor_control_message_pacing: started
19:14:26.146 > === ECU State ===
19:14:26.146 > car_fully_on: false
19:14:26.146 > start_switch_on: false
19:14:26.146 > brake_pressure: 2
19:14:26.146 > calculated_torque: 32
19:14:26.146 > throttle1_pos: (none)
19:14:26.146 > throttle2_pos: (none)
19:14:26.146 > startup_countdown: not started
19:14:26.146 > motor_control_message_pacing: started
19:14:26.646 > === ECU State ===
19:14:26.646 > car_fully_on: false
19:14:26.646 > start_switch_on: false
19:14:26.646 > brake_pressure: 2
19:14:26.646 > calculated_torque: 32
19:14:26.646 > throttle1_pos: (none)
19:14:26.646 > throttle2_pos: (none)
19:14:26.646 > startup_countdown: not started
19:14:26.646 > motor_control_message_pacing: started
19:14:27.147 > === ECU State ===
19:14:27.147 > car_fully_on: false
19:14:27.147 > start_switch_on: false
19:14:27.147 > brake_pressure: 0
19:14:27.147 > calculated_torque: 32
19:14:27.147 > throttle1_pos: (none)
19:14:27.147 > throttle2_pos: (none)
19:14:27.147 > startup_countdown: not started
19:14:27.147 > motor_control_message_pacing: started
19:14:27.646 > === ECU State ===
19:14:27.646 > car_fully_on: false
19:14:27.646 > start_switch_on: false
19:14:27.646 > brake_pressure: 1
19:14:27.646 > calculated_torque: 32
19:14:27.646 > throttle1_pos: (none)
19:14:27.646 > throttle2_pos: (none)
19:14:27.646 > startup_countdown: not started
19:14:27.646 > motor_control_message_pacing: started
19:14:28.146 > === ECU State ===
19:14:28.146 > car_fully_on: false
19:14:28.146 > start_switch_on: false
19:14:28.146 > brake_pressure: 1
19:14:28.146 > calculated_torque: 32
19:14:28.146 > throttle1_pos: (none)
19:14:28.146 > throttle2_pos: (none)
19:14:28.146 > startup_countdown: not started
19:14:28.146 > motor_control_message_pacing: started
19:14:28.646 > === ECU State ===
19:14:28.646 > car_fully_on: false
19:14:28.646 > start_switch_on: false
19:14:28.646 > brake_pressure: 1
19:14:28.646 > calculated_torque: 32
19:14:28.646 > throttle1_pos: (none)
19:14:28.646 > throttle2_pos: (none)
19:14:28.646 > startup_countdown: not started
19:14:28.646 > motor_control_message_pacing: started
19:14:29.143 > === ECU State ===
19:14:29.143 > car_fully_on: false
19:14:29.143 > start_switch_on: false
19:14:29.143 > brake_pressure: 1
19:14:29.143 > calculated_torque: 32
19:14:29.143 > throttle1_pos: (none)
19:14:29.143 > throttle2_pos: (none)
19:14:29.143 > startup_countdown: not started
19:14:29.143 > motor_control_message_pacing: started
19:14:29.646 > === ECU State ===
19:14:29.646 > car_fully_on: false
19:14:29.646 > start_switch_on: false
19:14:29.646 > brake_pressure: 1
19:14:29.646 > calculated_torque: 32
19:14:29.646 > throttle1_pos: (none)
19:14:29.646 > throttle2_pos: (none)
19:14:29.646 > startup_countdown: not started
19:14:29.646 > motor_control_message_pacing: started
19:14:30.147 > === ECU State ===
19:14:30.147 > car_fully_on: false
19:14:30.147 > start_switch_on: false
19:14:30.147 > brake_pressure: 1
19:14:30.147 > calculated_torque: 32
19:14:30.147 > throttle1_pos: (none)
19:14:30.147 > throttle2_pos: (none)
19:14:30.147 > startup_countdown: not started
19:14:30.147 > motor_control_message_pacing: started
19:14:30.647 > === ECU State ===
19:14:30.647 > car_fully_on: false
19:14:30.647 > start_switch_on: false
19:14:30.647 > brake_pressure: 3
19:14:30.647 > calculated_torque: 32
19:14:30.647 > throttle1_pos: (none)
19:14:30.647 > throttle2_pos: (none)
19:14:30.647 > startup_countdown: not started
19:14:30.647 > motor_control_message_pacing: started
19:14:31.148 > === ECU State ===
19:14:31.148 > car_fully_on: false
19:14:31.148 > start_switch_on: false
19:14:31.148 > brake_pressure: 1
19:14:31.148 > calculated_torque: 32
19:14:31.148 > throttle1_pos: (none)
19:14:31.148 > throttle2_pos: (none)
19:14:31.148 > startup_countdown: not started
19:14:31.148 > motor_control_message_pacing: started
19:14:31.647 > === ECU State ===
19:14:31.647 > car_fully_on: false
19:14:31.647 > start_switch_on: false
19:14:31.647 > brake_pressure: 1
19:14:31.647 > calculated_torque: 32
19:14:31.647 > throttle1_pos: (none)
19:14:31.647 > throttle2_pos: (none)
19:14:31.647 > startup_countdown: not started
19:14:31.647 > motor_control_message_pacing: started
19:14:32.146 > === ECU State ===
19:14:32.146 > car_fully_on: false
19:14:32.146 > start_switch_on: false
19:14:32.146 > brake_pressure: 1
19:14:32.146 > calculated_torque: 32
19:14:32.146 > throttle1_pos: (none)
19:14:32.146 > throttle2_pos: (none)
19:14:32.146 > startup_countdown: not started
19:14:32.146 > motor_control_message_pacing: started
19:14:32.647 > === ECU State ===
19:14:32.647 > car_fully_on: false
19:14:32.647 > start_switch_on: false
19:14:32.647 > brake_pressure: 1
19:14:32.647 > calculated_torque: 32
19:14:32.647 > throttle1_pos: (none)
19:14:32.647 > throttle2_pos: (none)
19:14:32.647 > startup_countdown: not started
19:14:32.647 > motor_control_message_pacing: started
19:14:33.146 > === ECU State ===
19:14:33.146 > car_fully_on: false
19:14:33.146 > start_switch_on: false
19:14:33.146 > brake_pressure: 1
19:14:33.146 > calculated_torque: 32
19:14:33.146 > throttle1_pos: (none)
19:14:33.146 > throttle2_pos: (none)
19:14:33.146 > startup_countdown: not started
19:14:33.146 > motor_control_message_pacing: started
19:14:33.646 > === ECU State ===
19:14:33.646 > car_fully_on: false
19:14:33.646 > start_switch_on: false
19:14:33.646 > brake_pressure: 1
19:14:33.646 > calculated_torque: 32
19:14:33.646 > throttle1_pos: (none)
19:14:33.646 > throttle2_pos: (none)
19:14:33.646 > startup_countdown: not started
19:14:33.646 > motor_control_message_pacing: started
19:14:34.146 > === ECU State ===
19:14:34.146 > car_fully_on: false
19:14:34.146 > start_switch_on: false
19:14:34.146 > brake_pressure: 1
19:14:34.146 > calculated_torque: 32
19:14:34.146 > throttle1_pos: (none)
19:14:34.146 > throttle2_pos: (none)
19:14:34.146 > startup_countdown: not started
19:14:34.146 > motor_control_message_pacing: started
19:14:34.647 > === ECU State ===
19:14:34.647 > car_fully_on: false
19:14:34.647 > start_switch_on: false
19:14:34.647 > brake_pressure: 0
19:14:34.647 > calculated_torque: 32
19:14:34.647 > throttle1_pos: (none)
19:14:34.647 > throttle2_pos: (none)
19:14:34.647 > startup_countdown: not started
19:14:34.647 > motor_control_message_pacing: started
19:14:35.146 > === ECU State ===
19:14:35.146 > car_fully_on: false
19:14:35.146 > start_switch_on: false
19:14:35.146 > brake_pressure: 1
19:14:35.146 > calculated_torque: 33
19:14:35.146 > throttle1_pos: (none)
19:14:35.146 > throttle2_pos: (none)
19:14:35.146 > startup_countdown: not started
19:14:35.146 > motor_control_message_pacing: started
19:14:35.646 > === ECU State ===
19:14:35.646 > car_fully_on: false
19:14:35.646 > start_switch_on: false
19:14:35.646 > brake_pressure: 1
19:14:35.646 > calculated_torque: 32
19:14:35.646 > throttle1_pos: (none)
19:14:35.646 > throttle2_pos: (none)
19:14:35.646 > startup_countdown: not started
19:14:35.646 > motor_control_message_pacing: started
19:14:36.146 > === ECU State ===
19:14:36.146 > car_fully_on: false
19:14:36.146 > start_switch_on: false
19:14:36.146 > brake_pressure: 0
19:14:36.146 > calculated_torque: 32
19:14:36.146 > throttle1_pos: (none)
19:14:36.146 > throttle2_pos: (none)
19:14:36.146 > startup_countdown: not started
19:14:36.146 > motor_control_message_pacing: started
19:14:36.647 > === ECU State ===
19:14:36.647 > car_fully_on: false
19:14:36.647 > start_switch_on: false
19:14:36.647 > brake_pressure: 1
19:14:36.647 > calculated_torque: 32
19:14:36.647 > throttle1_pos: (none)
19:14:36.647 > throttle2_pos: (none)
19:14:36.647 > startup_countdown: not started
19:14:36.647 > motor_control_message_pacing: started
19:14:37.147 > === ECU State ===
19:14:37.147 > car_fully_on: false
19:14:37.147 > start_switch_on: false
19:14:37.147 > brake_pressure: 1
19:14:37.147 > calculated_torque: 32
19:14:37.147 > throttle1_pos: (none)
19:14:37.147 > throttle2_pos: (none)
19:14:37.147 > startup_countdown: not started
19:14:37.147 > motor_control_message_pacing: started
19:14:37.647 > === ECU State ===
19:14:37.647 > car_fully_on: false
19:14:37.647 > start_switch_on: false
19:14:37.647 > brake_pressure: 2
19:14:37.647 > calculated_torque: 32
19:14:37.647 > throttle1_pos: (none)
19:14:37.647 > throttle2_pos: (none)
19:14:37.647 > startup_countdown: not started
19:14:37.647 > motor_control_message_pacing: started
19:14:38.146 > === ECU State ===
19:14:38.146 > car_fully_on: false
19:14:38.146 > start_switch_on: false
19:14:38.146 > brake_pressure: 1
19:14:38.146 > calculated_torque: 32
19:14:38.146 > throttle1_pos: (none)
19:14:38.146 > throttle2_pos: (none)
19:14:38.146 > startup_countdown: not started
19:14:38.146 > motor_control_message_pacing: started
19:14:38.646 > === ECU State ===
19:14:38.646 > car_fully_on: false
19:14:38.646 > start_switch_on: false
19:14:38.646 > brake_pressure: 1
19:14:38.646 > calculated_torque: 32
19:14:38.646 > throttle1_pos: (none)
19:14:38.646 > throttle2_pos: (none)
19:14:38.646 > startup_countdown: not started
19:14:38.646 > motor_control_message_pacing: started
19:14:39.146 > === ECU State ===
19:14:39.146 > car_fully_on: false
19:14:39.146 > start_switch_on: false
19:14:39.146 > brake_pressure: 2
19:14:39.146 > calculated_torque: 33
19:14:39.146 > throttle1_pos: (none)
19:14:39.146 > throttle2_pos: (none)
19:14:39.146 > startup_countdown: not started
19:14:39.146 > motor_control_message_pacing: started
19:14:39.646 > === ECU State ===
19:14:39.646 > car_fully_on: false
19:14:39.646 > start_switch_on: false
19:14:39.646 > brake_pressure: 1
19:14:39.646 > calculated_torque: 32
19:14:39.646 > throttle1_pos: (none)
19:14:39.646 > throttle2_pos: (none)
19:14:39.646 > startup_countdown: not started
19:14:39.646 > motor_control_message_pacing: started
19:14:40.147 > === ECU State ===
19:14:40.147 > car_fully_on: false
19:14:40.147 > start_switch_on: false
19:14:40.147 > brake_pressure: 1
19:14:40.147 > calculated_torque: 32
19:14:40.147 > throttle1_pos: (none)
19:14:40.147 > throttle2_pos: (none)
19:14:40.147 > startup_countdown: not started
19:14:40.147 > motor_control_message_pacing: started
19:14:40.647 > === ECU State ===
19:14:40.647 > car_fully_on: false
19:14:40.647 > start_switch_on: false
19:14:40.647 > brake_pressure: 1
19:14:40.647 > calculated_torque: 32
19:14:40.647 > throttle1_pos: (none)
19:14:40.647 > throttle2_pos: (none)
19:14:40.647 > startup_countdown: not started
19:14:40.647 > motor_control_message_pacing: started
19:14:41.146 > === ECU State ===
19:14:41.149 > car_fully_on: false
19:14:41.149 > start_switch_on: false
19:14:41.149 > brake_pressure: 1
19:14:41.149 > calculated_torque: 32
19:14:41.149 > throttle1_pos: (none)
19:14:41.149 > throttle2_pos: (none)
19:14:41.149 > startup_countdown: not started
19:14:41.149 > motor_control_message_pacing: started
19:14:41.646 > === ECU State ===
19:14:41.646 > car_fully_on: false
19:14:41.646 > start_switch_on: false
19:14:41.646 > brake_pressure: 0
19:14:41.646 > calculated_torque: 32
19:14:41.646 > throttle1_pos: (none)
19:14:41.646 > throttle2_pos: (none)
19:14:41.646 > startup_countdown: not started
19:14:41.646 > motor_control_message_pacing: started
19:14:42.147 > === ECU State ===
19:14:42.147 > car_fully_on: false
19:14:42.147 > start_switch_on: false
19:14:42.147 > brake_pressure: 1
19:14:42.147 > calculated_torque: 32
19:14:42.147 > throttle1_pos: (none)
19:14:42.147 > throttle2_pos: (none)
19:14:42.147 > startup_countdown: not started
19:14:42.147 > motor_control_message_pacing: started
19:14:42.646 > === ECU State ===
19:14:42.646 > car_fully_on: false
19:14:42.646 > start_switch_on: false
19:14:42.646 > brake_pressure: 1
19:14:42.646 > calculated_torque: 32
19:14:42.646 > throttle1_pos: (none)
19:14:42.646 > throttle2_pos: (none)
19:14:42.646 > startup_countdown: not started
19:14:42.646 > motor_control_message_pacing: started
19:14:43.148 > === ECU State ===
19:14:43.148 > car_fully_on: false
19:14:43.148 > start_switch_on: false
19:14:43.148 > brake_pressure: 1
19:14:43.148 > calculated_torque: 32
19:14:43.148 > throttle1_pos: (none)
19:14:43.148 > throttle2_pos: (none)
19:14:43.148 > startup_countdown: not started
19:14:43.148 > motor_control_message_pacing: started
19:14:43.646 > === ECU State ===
19:14:43.646 > car_fully_on: false
19:14:43.646 > start_switch_on: false
19:14:43.646 > brake_pressure: 1
19:14:43.646 > calculated_torque: 32
19:14:43.646 > throttle1_pos: (none)
19:14:43.646 > throttle2_pos: (none)
19:14:43.646 > startup_countdown: not started
19:14:43.646 > motor_control_message_pacing: started
19:14:44.147 > === ECU State ===
19:14:44.147 > car_fully_on: false
19:14:44.147 > start_switch_on: false
19:14:44.147 > brake_pressure: 2
19:14:44.147 > calculated_torque: 32
19:14:44.147 > throttle1_pos: (none)
19:14:44.147 > throttle2_pos: (none)
19:14:44.147 > startup_countdown: not started
19:14:44.147 > motor_control_message_pacing: started
19:14:44.646 > === ECU State ===
19:14:44.646 > car_fully_on: false
19:14:44.646 > start_switch_on: false
19:14:44.646 > brake_pressure: 1
19:14:44.646 > calculated_torque: 32
19:14:44.646 > throttle1_pos: (none)
19:14:44.646 > throttle2_pos: (none)
19:14:44.646 > startup_countdown: not started
19:14:44.646 > motor_control_message_pacing: started
19:14:45.146 > === ECU State ===
19:14:45.146 > car_fully_on: false
19:14:45.146 > start_switch_on: false
19:14:45.146 > brake_pressure: 1
19:14:45.146 > calculated_torque: 32
19:14:45.146 > throttle1_pos: (none)
19:14:45.146 > throttle2_pos: (none)
19:14:45.146 > startup_countdown: not started
19:14:45.146 > motor_control_message_pacing: started
19:14:45.648 > === ECU State ===
19:14:45.648 > car_fully_on: false
19:14:45.648 > start_switch_on: false
19:14:45.648 > brake_pressure: 1
19:14:45.648 > calculated_torque: 32
19:14:45.648 > throttle1_pos: (none)
19:14:45.648 > throttle2_pos: (none)
19:14:45.648 > startup_countdown: not started
19:14:45.648 > motor_control_message_pacing: started
19:14:46.148 > === ECU State ===
19:14:46.148 > car_fully_on: false
19:14:46.148 > start_switch_on: false
19:14:46.148 > brake_pressure: 0
19:14:46.148 > calculated_torque: 32
19:14:46.148 > throttle1_pos: (none)
19:14:46.148 > throttle2_pos: (none)
19:14:46.148 > startup_countdown: not started
19:14:46.148 > motor_control_message_pacing: started
19:14:46.646 > === ECU State ===
19:14:46.646 > car_fully_on: false
19:14:46.646 > start_switch_on: false
19:14:46.646 > brake_pressure: 0
19:14:46.646 > calculated_torque: 32
19:14:46.646 > throttle1_pos: (none)
19:14:46.646 > throttle2_pos: (none)
19:14:46.646 > startup_countdown: not started
19:14:46.646 > motor_control_message_pacing: started
19:14:47.147 > === ECU State ===
19:14:47.147 > car_fully_on: false
19:14:47.147 > start_switch_on: false
19:14:47.147 > brake_pressure: 0
19:14:47.147 > calculated_torque: 32
19:14:47.147 > throttle1_pos: (none)
19:14:47.147 > throttle2_pos: (none)
19:14:47.147 > startup_countdown: not started
19:14:47.147 > motor_control_message_pacing: started
19:14:47.646 > === ECU State ===
19:14:47.646 > car_fully_on: false
19:14:47.646 > start_switch_on: false
19:14:47.646 > brake_pressure: 1
19:14:47.646 > calculated_torque: 32
19:14:47.646 > throttle1_pos: (none)
19:14:47.646 > throttle2_pos: (none)
19:14:47.646 > startup_countdown: not started
19:14:47.646 > motor_control_message_pacing: started
19:14:48.147 > === ECU State ===
19:14:48.147 > car_fully_on: false
19:14:48.147 > start_switch_on: false
19:14:48.147 > brake_pressure: 0
19:14:48.147 > calculated_torque: 32
19:14:48.147 > throttle1_pos: (none)
19:14:48.147 > throttle2_pos: (none)
19:14:48.147 > startup_countdown: not started
19:14:48.147 > motor_control_message_pacing: started
19:14:48.647 > === ECU State ===
19:14:48.647 > car_fully_on: false
19:14:48.647 > start_switch_on: false
19:14:48.647 > brake_pressure: 1
19:14:48.647 > calculated_torque: 32
19:14:48.647 > throttle1_pos: (none)
19:14:48.647 > throttle2_pos: (none)
19:14:48.647 > startup_countdown: not started
19:14:48.647 > motor_control_message_pacing: started
19:14:49.147 > === ECU State ===
19:14:49.147 > car_fully_on: false
19:14:49.147 > start_switch_on: false
19:14:49.147 > brake_pressure: 1
19:14:49.147 > calculated_torque: 33
19:14:49.147 > throttle1_pos: (none)
19:14:49.147 > throttle2_pos: (none)
19:14:49.147 > startup_countdown: not started
19:14:49.147 > motor_control_message_pacing: started
19:14:49.647 > === ECU State ===
19:14:49.647 > car_fully_on: false
19:14:49.647 > start_switch_on: false
19:14:49.647 > brake_pressure: 1
19:14:49.647 > calculated_torque: 32
19:14:49.647 > throttle1_pos: (none)
19:14:49.647 > throttle2_pos: (none)
19:14:49.647 > startup_countdown: not started
19:14:49.647 > motor_control_message_pacing: started
19:14:50.146 > === ECU State ===
19:14:50.146 > car_fully_on: false
19:14:50.146 > start_switch_on: false
19:14:50.146 > brake_pressure: 0
19:14:50.146 > calculated_torque: 32
19:14:50.146 > throttle1_pos: (none)
19:14:50.146 > throttle2_pos: (none)
19:14:50.146 > startup_countdown: not started
19:14:50.146 > motor_control_message_pacing: started
19:14:50.646 > === ECU State ===
19:14:50.646 > car_fully_on: false
19:14:50.646 > start_switch_on: false
19:14:50.646 > brake_pressure: 1
19:14:50.646 > calculated_torque: 33
19:14:50.646 > throttle1_pos: (none)
19:14:50.646 > throttle2_pos: (none)
19:14:50.646 > startup_countdown: not started
19:14:50.646 > motor_control_message_pacing: started
19:14:51.147 > === ECU State ===
19:14:51.147 > car_fully_on: false
19:14:51.147 > start_switch_on: false
19:14:51.147 > brake_pressure: 1
19:14:51.147 > calculated_torque: 32
19:14:51.147 > throttle1_pos: (none)
19:14:51.147 > throttle2_pos: (none)
19:14:51.147 > startup_countdown: not started
19:14:51.147 > motor_control_message_pacing: started
19:14:51.648 > === ECU State ===
19:14:51.648 > car_fully_on: false
19:14:51.648 > start_switch_on: false
19:14:51.648 > brake_pressure: 1
19:14:51.648 > calculated_torque: 32
19:14:51.648 > throttle1_pos: (none)
19:14:51.648 > throttle2_pos: (none)
19:14:51.648 > startup_countdown: not started
19:14:51.648 > motor_control_message_pacing: started
19:14:52.147 > === ECU State ===
19:14:52.147 > car_fully_on: false
19:14:52.147 > start_switch_on: false
19:14:52.147 > brake_pressure: 1
19:14:52.147 > calculated_torque: 32
19:14:52.147 > throttle1_pos: (none)
19:14:52.147 > throttle2_pos: (none)
19:14:52.147 > startup_countdown: not started
19:14:52.147 > motor_control_message_pacing: started
19:14:52.647 > === ECU State ===
19:14:52.647 > car_fully_on: false
19:14:52.647 > start_switch_on: false
19:14:52.647 > brake_pressure: 1
19:14:52.647 > calculated_torque: 32
19:14:52.647 > throttle1_pos: (none)
19:14:52.647 > throttle2_pos: (none)
19:14:52.647 > startup_countdown: not started
19:14:52.647 > motor_control_message_pacing: started
19:14:53.147 > === ECU State ===
19:14:53.147 > car_fully_on: false
19:14:53.147 > start_switch_on: false
19:14:53.147 > brake_pressure: 1
19:14:53.147 > calculated_torque: 32
19:14:53.147 > throttle1_pos: (none)
19:14:53.147 > throttle2_pos: (none)
19:14:53.147 > startup_countdown: not started
19:14:53.147 > motor_control_message_pacing: started
19:14:53.649 > === ECU State ===
19:14:53.649 > car_fully_on: false
19:14:53.649 > start_switch_on: false
19:14:53.649 > brake_pressure: 1
19:14:53.649 > calculated_torque: 32
19:14:53.649 > throttle1_pos: (none)
19:14:53.649 > throttle2_pos: (none)
19:14:53.649 > startup_countdown: not started
19:14:53.649 > motor_control_message_pacing: started
19:14:54.146 > === ECU State ===
19:14:54.146 > car_fully_on: false
19:14:54.146 > start_switch_on: false
19:14:54.146 > brake_pressure: 1
19:14:54.146 > calculated_torque: 32
19:14:54.146 > throttle1_pos: (none)
19:14:54.146 > throttle2_pos: (none)
19:14:54.146 > startup_countdown: not started
19:14:54.146 > motor_control_message_pacing: started
19:14:54.647 > === ECU State ===
19:14:54.647 > car_fully_on: false
19:14:54.647 > start_switch_on: false
19:14:54.647 > brake_pressure: 1
19:14:54.647 > calculated_torque: 32
19:14:54.647 > throttle1_pos: (none)
19:14:54.647 > throttle2_pos: (none)
19:14:54.647 > startup_countdown: not started
19:14:54.647 > motor_control_message_pacing: started
19:14:55.146 > === ECU State ===
19:14:55.150 > car_fully_on: false
19:14:55.150 > start_switch_on: false
19:14:55.150 > brake_pressure: 1
19:14:55.150 > calculated_torque: 32
19:14:55.150 > throttle1_pos: (none)
19:14:55.150 > throttle2_pos: (none)
19:14:55.150 > startup_countdown: not started
19:14:55.150 > motor_control_message_pacing: started
19:14:55.647 > === ECU State ===
19:14:55.647 > car_fully_on: false
19:14:55.647 > start_switch_on: false
19:14:55.647 > brake_pressure: 2
19:14:55.647 > calculated_torque: 32
19:14:55.647 > throttle1_pos: (none)
19:14:55.647 > throttle2_pos: (none)
19:14:55.647 > startup_countdown: not started
19:14:55.647 > motor_control_message_pacing: started
19:14:56.146 > === ECU State ===
19:14:56.146 > car_fully_on: false
19:14:56.146 > start_switch_on: false
19:14:56.146 > brake_pressure: 1
19:14:56.146 > calculated_torque: 33
19:14:56.146 > throttle1_pos: (none)
19:14:56.146 > throttle2_pos: (none)
19:14:56.146 > startup_countdown: not started
19:14:56.146 > motor_control_message_pacing: started
19:14:56.647 > === ECU State ===
19:14:56.647 > car_fully_on: false
19:14:56.647 > start_switch_on: false
19:14:56.647 > brake_pressure: 1
19:14:56.647 > calculated_torque: 33
19:14:56.647 > throttle1_pos: (none)
19:14:56.647 > throttle2_pos: (none)
19:14:56.647 > startup_countdown: not started
19:14:56.647 > motor_control_message_pacing: started
19:14:57.146 > === ECU State ===
19:14:57.149 > car_fully_on: false
19:14:57.149 > start_switch_on: false
19:14:57.149 > brake_pressure: 1
19:14:57.149 > calculated_torque: 32
19:14:57.149 > throttle1_pos: (none)
19:14:57.149 > throttle2_pos: (none)
19:14:57.149 > startup_countdown: not started
19:14:57.149 > motor_control_message_pacing: started
19:14:57.647 > === ECU State ===
19:14:57.647 > car_fully_on: false
19:14:57.647 > start_switch_on: false
19:14:57.647 > brake_pressure: 0
19:14:57.647 > calculated_torque: 32
19:14:57.647 > throttle1_pos: (none)
19:14:57.647 > throttle2_pos: (none)
19:14:57.647 > startup_countdown: not started
19:14:57.647 > motor_control_message_pacing: started
19:14:58.146 > === ECU State ===
19:14:58.150 > car_fully_on: false
19:14:58.150 > start_switch_on: false
19:14:58.150 > brake_pressure: 1
19:14:58.150 > calculated_torque: 32
19:14:58.150 > throttle1_pos: (none)
19:14:58.150 > throttle2_pos: (none)
19:14:58.150 > startup_countdown: not started
19:14:58.150 > motor_control_message_pacing: started
19:14:58.648 > === ECU State ===
19:14:58.648 > car_fully_on: false
19:14:58.648 > start_switch_on: false
19:14:58.648 > brake_pressure: 1
19:14:58.648 > calculated_torque: 32
19:14:58.648 > throttle1_pos: (none)
19:14:58.648 > throttle2_pos: (none)
19:14:58.648 > startup_countdown: not started
19:14:58.648 > motor_control_message_pacing: started
19:14:59.147 > === ECU State ===
19:14:59.147 > car_fully_on: false
19:14:59.147 > start_switch_on: false
19:14:59.147 > brake_pressure: 1
19:14:59.147 > calculated_torque: 33
19:14:59.147 > throttle1_pos: (none)
19:14:59.147 > throttle2_pos: (none)
19:14:59.147 > startup_countdown: not started
19:14:59.147 > motor_control_message_pacing: started
19:14:59.646 > === ECU State ===
19:14:59.646 > car_fully_on: false
19:14:59.646 > start_switch_on: false
19:14:59.646 > brake_pressure: 0
19:14:59.646 > calculated_torque: 32
19:14:59.646 > throttle1_pos: (none)
19:14:59.646 > throttle2_pos: (none)
19:14:59.646 > startup_countdown: not started
19:14:59.646 > motor_control_message_pacing: started
19:15:00.147 > === ECU State ===
19:15:00.147 > car_fully_on: false
19:15:00.147 > start_switch_on: false
19:15:00.147 > brake_pressure: 1
19:15:00.147 > calculated_torque: 32
19:15:00.147 > throttle1_pos: (none)
19:15:00.147 > throttle2_pos: (none)
19:15:00.147 > startup_countdown: not started
19:15:00.147 > motor_control_message_pacing: started
19:15:00.648 > === ECU State ===
19:15:00.650 > car_fully_on: false
19:15:00.650 > start_switch_on: false
19:15:00.650 > brake_pressure: 1
19:15:00.650 > calculated_torque: 32
19:15:00.650 > throttle1_pos: (none)
19:15:00.650 > throttle2_pos: (none)
19:15:00.650 > startup_countdown: not started
19:15:00.650 > motor_control_message_pacing: started
19:15:01.147 > === ECU State ===
19:15:01.147 > car_fully_on: false
19:15:01.147 > start_switch_on: false
19:15:01.147 > brake_pressure: 1
19:15:01.147 > calculated_torque: 32
19:15:01.147 > throttle1_pos: (none)
19:15:01.147 > throttle2_pos: (none)
19:15:01.147 > startup_countdown: not started
19:15:01.147 > motor_control_message_pacing: started
19:15:01.646 > === ECU State ===
19:15:01.646 > car_fully_on: false
19:15:01.646 > start_switch_on: false
19:15:01.646 > brake_pressure: 0
19:15:01.646 > calculated_torque: 32
19:15:01.646 > throttle1_pos: (none)
19:15:01.646 > throttle2_pos: (none)
19:15:01.646 > startup_countdown: not started
19:15:01.646 > motor_control_message_pacing: started
19:15:02.147 > === ECU State ===
19:15:02.150 > car_fully_on: false
19:15:02.150 > start_switch_on: false
19:15:02.150 > brake_pressure: 1
19:15:02.150 > calculated_torque: 32
19:15:02.150 > throttle1_pos: (none)
19:15:02.150 > throttle2_pos: (none)
19:15:02.150 > startup_countdown: not started
19:15:02.150 > motor_control_message_pacing: started
19:15:02.646 > === ECU State ===
19:15:02.646 > car_fully_on: false
19:15:02.646 > start_switch_on: false
19:15:02.646 > brake_pressure: 0
19:15:02.646 > calculated_torque: 32
19:15:02.646 > throttle1_pos: (none)
19:15:02.646 > throttle2_pos: (none)
19:15:02.646 > startup_countdown: not started
19:15:02.646 > motor_control_message_pacing: started
19:15:03.147 > === ECU State ===
19:15:03.147 > car_fully_on: false
19:15:03.147 > start_switch_on: false
19:15:03.147 > brake_pressure: 1
19:15:03.147 > calculated_torque: 32
19:15:03.147 > throttle1_pos: (none)
19:15:03.147 > throttle2_pos: (none)
19:15:03.147 > startup_countdown: not started
19:15:03.147 > motor_control_message_pacing: started
19:15:03.649 > === ECU State ===
19:15:03.649 > car_fully_on: false
19:15:03.649 > start_switch_on: false
19:15:03.649 > brake_pressure: 1
19:15:03.649 > calculated_torque: 32
19:15:03.649 > throttle1_pos: (none)
19:15:03.649 > throttle2_pos: (none)
19:15:03.649 > startup_countdown: not started
19:15:03.649 > motor_control_message_pacing: started
19:15:04.148 > === ECU State ===
19:15:04.149 > car_fully_on: false
19:15:04.149 > start_switch_on: false
19:15:04.149 > brake_pressure: 1
19:15:04.149 > calculated_torque: 32
19:15:04.149 > throttle1_pos: (none)
19:15:04.149 > throttle2_pos: (none)
19:15:04.149 > startup_countdown: not started
19:15:04.149 > motor_control_message_pacing: started
19:15:04.646 > === ECU State ===
19:15:04.646 > car_fully_on: false
19:15:04.646 > start_switch_on: false
19:15:04.646 > brake_pressure: 1
19:15:04.646 > calculated_torque: 32
19:15:04.646 > throttle1_pos: (none)
19:15:04.646 > throttle2_pos: (none)
19:15:04.646 > startup_countdown: not started
19:15:04.646 > motor_control_message_pacing: started
19:15:05.147 > === ECU State ===
19:15:05.147 > car_fully_on: false
19:15:05.147 > start_switch_on: false
19:15:05.147 > brake_pressure: 1
19:15:05.147 > calculated_torque: 32
19:15:05.147 > throttle1_pos: (none)
19:15:05.147 > throttle2_pos: (none)
19:15:05.147 > startup_countdown: not started
19:15:05.147 > motor_control_message_pacing: started
19:15:05.646 > === ECU State ===
19:15:05.650 > car_fully_on: false
19:15:05.650 > start_switch_on: false
19:15:05.650 > brake_pressure: 0
19:15:05.650 > calculated_torque: 32
19:15:05.650 > throttle1_pos: (none)
19:15:05.650 > throttle2_pos: (none)
19:15:05.650 > startup_countdown: not started
19:15:05.650 > motor_control_message_pacing: started
19:15:06.146 > === ECU State ===
19:15:06.146 > car_fully_on: false
19:15:06.146 > start_switch_on: false
19:15:06.146 > brake_pressure: 1
19:15:06.146 > calculated_torque: 33
19:15:06.146 > throttle1_pos: (none)
19:15:06.146 > throttle2_pos: (none)
19:15:06.146 > startup_countdown: not started
19:15:06.146 > motor_control_message_pacing: started
19:15:06.646 > === ECU State ===
19:15:06.646 > car_fully_on: false
19:15:06.646 > start_switch_on: false
19:15:06.646 > brake_pressure: 0
19:15:06.646 > calculated_torque: 32
19:15:06.646 > throttle1_pos: (none)
19:15:06.646 > throttle2_pos: (none)
19:15:06.646 > startup_countdown: not started
19:15:06.646 > motor_control_message_pacing: started
19:15:07.146 > === ECU State ===
19:15:07.146 > car_fully_on: false
19:15:07.146 > start_switch_on: false
19:15:07.146 > brake_pressure: 0
19:15:07.146 > calculated_torque: 32
19:15:07.146 > throttle1_pos: (none)
19:15:07.146 > throttle2_pos: (none)
19:15:07.146 > startup_countdown: not started
19:15:07.146 > motor_control_message_pacing: started
19:15:07.649 > === ECU State ===
19:15:07.649 > car_fully_on: false
19:15:07.649 > start_switch_on: false
19:15:07.649 > brake_pressure: 0
19:15:07.649 > calculated_torque: 32
19:15:07.649 > throttle1_pos: (none)
19:15:07.649 > throttle2_pos: (none)
19:15:07.649 > startup_countdown: not started
19:15:07.649 > motor_control_message_pacing: started
19:15:08.146 > === ECU State ===
19:15:08.146 > car_fully_on: false
19:15:08.146 > start_switch_on: false
19:15:08.146 > brake_pressure: 1
19:15:08.146 > calculated_torque: 32
19:15:08.146 > throttle1_pos: (none)
19:15:08.146 > throttle2_pos: (none)
19:15:08.146 > startup_countdown: not started
19:15:08.146 > motor_control_message_pacing: started
19:15:08.647 > === ECU State ===
19:15:08.649 > car_fully_on: false
19:15:08.649 > start_switch_on: false
19:15:08.649 > brake_pressure: 1
19:15:08.649 > calculated_torque: 32
19:15:08.649 > throttle1_pos: (none)
19:15:08.649 > throttle2_pos: (none)
19:15:08.649 > startup_countdown: not started
19:15:08.649 > motor_control_message_pacing: started
19:15:09.146 > === ECU State ===
19:15:09.146 > car_fully_on: false
19:15:09.146 > start_switch_on: false
19:15:09.146 > brake_pressure: 1
19:15:09.146 > calculated_torque: 32
19:15:09.146 > throttle1_pos: (none)
19:15:09.146 > throttle2_pos: (none)
19:15:09.146 > startup_countdown: not started
19:15:09.146 > motor_control_message_pacing: started
19:15:09.647 > === ECU State ===
19:15:09.649 > car_fully_on: false
19:15:09.649 > start_switch_on: false
19:15:09.649 > brake_pressure: 1
19:15:09.649 > calculated_torque: 32
19:15:09.649 > throttle1_pos: (none)
19:15:09.649 > throttle2_pos: (none)
19:15:09.649 > startup_countdown: not started
19:15:09.649 > motor_control_message_pacing: started
19:15:10.148 > === ECU State ===
19:15:10.148 > car_fully_on: false
19:15:10.148 > start_switch_on: false
19:15:10.148 > brake_pressure: 1
19:15:10.148 > calculated_torque: 32
19:15:10.148 > throttle1_pos: (none)
19:15:10.148 > throttle2_pos: (none)
19:15:10.148 > startup_countdown: not started
19:15:10.148 > motor_control_message_pacing: started
19:15:10.648 > === ECU State ===
19:15:10.648 > car_fully_on: false
19:15:10.648 > start_switch_on: false
19:15:10.648 > brake_pressure: 2
19:15:10.648 > calculated_torque: 32
19:15:10.648 > throttle1_pos: (none)
19:15:10.648 > throttle2_pos: (none)
19:15:10.648 > startup_countdown: not started
19:15:10.648 > motor_control_message_pacing: started
19:15:11.146 > === ECU State ===
19:15:11.150 > car_fully_on: false
19:15:11.150 > start_switch_on: false
19:15:11.150 > brake_pressure: 1
19:15:11.150 > calculated_torque: 32
19:15:11.150 > throttle1_pos: (none)
19:15:11.150 > throttle2_pos: (none)
19:15:11.150 > startup_countdown: not started
19:15:11.150 > motor_control_message_pacing: started
19:15:11.647 > === ECU State ===
19:15:11.647 > car_fully_on: false
19:15:11.647 > start_switch_on: false
19:15:11.647 > brake_pressure: 1
19:15:11.647 > calculated_torque: 32
19:15:11.647 > throttle1_pos: (none)
19:15:11.647 > throttle2_pos: (none)
19:15:11.647 > startup_countdown: not started
19:15:11.647 > motor_control_message_pacing: started
19:15:12.149 > === ECU State ===
19:15:12.149 > car_fully_on: false
19:15:12.149 > start_switch_on: false
19:15:12.149 > brake_pressure: 1
19:15:12.149 > calculated_torque: 32
19:15:12.149 > throttle1_pos: (none)
19:15:12.149 > throttle2_pos: (none)
19:15:12.149 > startup_countdown: not started
19:15:12.149 > motor_control_message_pacing: started
19:15:12.646 > === ECU State ===
19:15:12.646 > car_fully_on: false
19:15:12.646 > start_switch_on: false
19:15:12.646 > brake_pressure: 1
19:15:12.646 > calculated_torque: 32
19:15:12.646 > throttle1_pos: (none)
19:15:12.646 > throttle2_pos: (none)
19:15:12.646 > startup_countdown: not started
19:15:12.646 > motor_control_message_pacing: started
19:15:13.147 > === ECU State ===
19:15:13.149 > car_fully_on: false
19:15:13.149 > start_switch_on: false
19:15:13.149 > brake_pressure: 0
19:15:13.149 > calculated_torque: 32
19:15:13.149 > throttle1_pos: (none)
19:15:13.149 > throttle2_pos: (none)
19:15:13.149 > startup_countdown: not started
19:15:13.149 > motor_control_message_pacing: started
19:15:13.647 > === ECU State ===
19:15:13.650 > car_fully_on: false
19:15:13.650 > start_switch_on: false
19:15:13.650 > brake_pressure: 1
19:15:13.650 > calculated_torque: 32
19:15:13.650 > throttle1_pos: (none)
19:15:13.650 > throttle2_pos: (none)
19:15:13.650 > startup_countdown: not started
19:15:13.650 > motor_control_message_pacing: started
19:15:14.146 > === ECU State ===
19:15:14.146 > car_fully_on: false
19:15:14.146 > start_switch_on: false
19:15:14.146 > brake_pressure: 1
19:15:14.146 > calculated_torque: 32
19:15:14.146 > throttle1_pos: (none)
19:15:14.146 > throttle2_pos: (none)
19:15:14.146 > startup_countdown: not started
19:15:14.146 > motor_control_message_pacing: started
19:15:14.647 > === ECU State ===
19:15:14.649 > car_fully_on: false
19:15:14.649 > start_switch_on: false
19:15:14.649 > brake_pressure: 3
19:15:14.649 > calculated_torque: 32
19:15:14.649 > throttle1_pos: (none)
19:15:14.649 > throttle2_pos: (none)
19:15:14.649 > startup_countdown: not started
19:15:14.649 > motor_control_message_pacing: started
19:15:15.146 > === ECU State ===
19:15:15.146 > car_fully_on: false
19:15:15.146 > start_switch_on: false
19:15:15.146 > brake_pressure: 1
19:15:15.146 > calculated_torque: 32
19:15:15.146 > throttle1_pos: (none)
19:15:15.146 > throttle2_pos: (none)
19:15:15.146 > startup_countdown: not started
19:15:15.146 > motor_control_message_pacing: started
19:15:15.646 > === ECU State ===
19:15:15.649 > car_fully_on: false
19:15:15.649 > start_switch_on: false
19:15:15.649 > brake_pressure: 1
19:15:15.649 > calculated_torque: 32
19:15:15.649 > throttle1_pos: (none)
19:15:15.649 > throttle2_pos: (none)
19:15:15.649 > startup_countdown: not started
19:15:15.649 > motor_control_message_pacing: started
19:15:16.146 > === ECU State ===
19:15:16.146 > car_fully_on: false
19:15:16.146 > start_switch_on: false
19:15:16.146 > brake_pressure: 2
19:15:16.146 > calculated_torque: 32
19:15:16.146 > throttle1_pos: (none)
19:15:16.146 > throttle2_pos: (none)
19:15:16.146 > startup_countdown: not started
19:15:16.146 > motor_control_message_pacing: started
19:15:16.646 > === ECU State ===
19:15:16.649 > car_fully_on: false
19:15:16.649 > start_switch_on: false
19:15:16.649 > brake_pressure: 2
19:15:16.649 > calculated_torque: 32
19:15:16.649 > throttle1_pos: (none)
19:15:16.649 > throttle2_pos: (none)
19:15:16.649 > startup_countdown: not started
19:15:16.649 > motor_control_message_pacing: started
19:15:17.146 > === ECU State ===
19:15:17.146 > car_fully_on: false
19:15:17.146 > start_switch_on: false
19:15:17.146 > brake_pressure: 1
19:15:17.146 > calculated_torque: 32
19:15:17.146 > throttle1_pos: (none)
19:15:17.146 > throttle2_pos: (none)
19:15:17.146 > startup_countdown: not started
19:15:17.146 > motor_control_message_pacing: started
19:15:17.646 > === ECU State ===
19:15:17.646 > car_fully_on: false
19:15:17.646 > start_switch_on: false
19:15:17.646 > brake_pressure: 2
19:15:17.646 > calculated_torque: 32
19:15:17.646 > throttle1_pos: (none)
19:15:17.646 > throttle2_pos: (none)
19:15:17.646 > startup_countdown: not started
19:15:17.646 > motor_control_message_pacing: started
19:15:18.147 > === ECU State ===
19:15:18.147 > car_fully_on: false
19:15:18.147 > start_switch_on: false
19:15:18.147 > brake_pressure: 1
19:15:18.147 > calculated_torque: 32
19:15:18.147 > throttle1_pos: (none)
19:15:18.147 > throttle2_pos: (none)
19:15:18.147 > startup_countdown: not started
19:15:18.147 > motor_control_message_pacing: started
19:15:18.646 > === ECU State ===
19:15:18.649 > car_fully_on: false
19:15:18.649 > start_switch_on: false
19:15:18.649 > brake_pressure: 1
19:15:18.649 > calculated_torque: 32
19:15:18.649 > throttle1_pos: (none)
19:15:18.649 > throttle2_pos: (none)
19:15:18.649 > startup_countdown: not started
19:15:18.649 > motor_control_message_pacing: started
19:15:19.146 > === ECU State ===
19:15:19.146 > car_fully_on: false
19:15:19.146 > start_switch_on: false
19:15:19.146 > brake_pressure: 0
19:15:19.146 > calculated_torque: 33
19:15:19.146 > throttle1_pos: (none)
19:15:19.146 > throttle2_pos: (none)
19:15:19.146 > startup_countdown: not started
19:15:19.146 > motor_control_message_pacing: started
19:15:19.646 > === ECU State ===
19:15:19.649 > car_fully_on: false
19:15:19.649 > start_switch_on: false
19:15:19.649 > brake_pressure: 1
19:15:19.649 > calculated_torque: 32
19:15:19.649 > throttle1_pos: (none)
19:15:19.649 > throttle2_pos: (none)
19:15:19.649 > startup_countdown: not started
19:15:19.649 > motor_control_message_pacing: started
19:15:20.146 > === ECU State ===
19:15:20.150 > car_fully_on: false
19:15:20.150 > start_switch_on: false
19:15:20.150 > brake_pressure: 1
19:15:20.150 > calculated_torque: 32
19:15:20.150 > throttle1_pos: (none)
19:15:20.150 > throttle2_pos: (none)
19:15:20.150 > startup_countdown: not started
19:15:20.150 > motor_control_message_pacing: started
19:15:20.649 > === ECU State ===
19:15:20.649 > car_fully_on: false
19:15:20.649 > start_switch_on: false
19:15:20.649 > brake_pressure: 1
19:15:20.649 > calculated_torque: 32
19:15:20.649 > throttle1_pos: (none)
19:15:20.649 > throttle2_pos: (none)
19:15:20.649 > startup_countdown: not started
19:15:20.649 > motor_control_message_pacing: started
19:15:21.147 > === ECU State ===
19:15:21.149 > car_fully_on: false
19:15:21.149 > start_switch_on: false
19:15:21.149 > brake_pressure: 1
19:15:21.149 > calculated_torque: 33
19:15:21.149 > throttle1_pos: (none)
19:15:21.149 > throttle2_pos: (none)
19:15:21.149 > startup_countdown: not started
19:15:21.149 > motor_control_message_pacing: started
19:15:21.646 > === ECU State ===
19:15:21.646 > car_fully_on: false
19:15:21.646 > start_switch_on: false
19:15:21.646 > brake_pressure: 1
19:15:21.646 > calculated_torque: 32
19:15:21.646 > throttle1_pos: (none)
19:15:21.646 > throttle2_pos: (none)
19:15:21.646 > startup_countdown: not started
19:15:21.646 > motor_control_message_pacing: started
19:15:22.147 > === ECU State ===
19:15:22.147 > car_fully_on: false
19:15:22.147 > start_switch_on: false
19:15:22.147 > brake_pressure: 0
19:15:22.147 > calculated_torque: 32
19:15:22.147 > throttle1_pos: (none)
19:15:22.147 > throttle2_pos: (none)
19:15:22.147 > startup_countdown: not started
19:15:22.147 > motor_control_message_pacing: started
19:15:22.647 > === ECU State ===
19:15:22.647 > car_fully_on: false
19:15:22.647 > start_switch_on: false
19:15:22.647 > brake_pressure: 1
19:15:22.647 > calculated_torque: 32
19:15:22.647 > throttle1_pos: (none)
19:15:22.647 > throttle2_pos: (none)
19:15:22.647 > startup_countdown: not started
19:15:22.647 > motor_control_message_pacing: started
19:15:23.146 > === ECU State ===
19:15:23.149 > car_fully_on: false
19:15:23.149 > start_switch_on: false
19:15:23.149 > brake_pressure: 1
19:15:23.149 > calculated_torque: 32
19:15:23.149 > throttle1_pos: (none)
19:15:23.149 > throttle2_pos: (none)
19:15:23.149 > startup_countdown: not started
19:15:23.149 > motor_control_message_pacing: started
19:15:23.647 > === ECU State ===
19:15:23.647 > car_fully_on: false
19:15:23.647 > start_switch_on: false
19:15:23.647 > brake_pressure: 0
19:15:23.647 > calculated_torque: 32
19:15:23.647 > throttle1_pos: (none)
19:15:23.647 > throttle2_pos: (none)
19:15:23.647 > startup_countdown: not started
19:15:23.647 > motor_control_message_pacing: started
19:15:24.146 > === ECU State ===
19:15:24.146 > car_fully_on: false
19:15:24.146 > start_switch_on: false
19:15:24.146 > brake_pressure: 1
19:15:24.146 > calculated_torque: 32
19:15:24.146 > throttle1_pos: (none)
19:15:24.146 > throttle2_pos: (none)
19:15:24.146 > startup_countdown: not started
19:15:24.146 > motor_control_message_pacing: started
19:15:24.647 > === ECU State ===
19:15:24.647 > car_fully_on: false
19:15:24.647 > start_switch_on: false
19:15:24.647 > brake_pressure: 1
19:15:24.647 > calculated_torque: 32
19:15:24.647 > throttle1_pos: (none)
19:15:24.647 > throttle2_pos: (none)
19:15:24.647 > startup_countdown: not started
19:15:24.647 > motor_control_message_pacing: started
19:15:25.146 > === ECU State ===
19:15:25.146 > car_fully_on: false
19:15:25.146 > start_switch_on: false
19:15:25.146 > brake_pressure: 0
19:15:25.146 > calculated_torque: 32
19:15:25.146 > throttle1_pos: (none)
19:15:25.146 > throttle2_pos: (none)
19:15:25.146 > startup_countdown: not started
19:15:25.146 > motor_control_message_pacing: started
19:15:25.647 > === ECU State ===
19:15:25.647 > car_fully_on: false
19:15:25.647 > start_switch_on: false
19:15:25.647 > brake_pressure: 1
19:15:25.647 > calculated_torque: 32
19:15:25.647 > throttle1_pos: (none)
19:15:25.647 > throttle2_pos: (none)
19:15:25.647 > startup_countdown: not started
19:15:25.647 > motor_control_message_pacing: started
19:15:26.146 > === ECU State ===
19:15:26.149 > car_fully_on: false
19:15:26.149 > start_switch_on: false
19:15:26.149 > brake_pressure: 1
19:15:26.149 > calculated_torque: 32
19:15:26.149 > throttle1_pos: (none)
19:15:26.149 > throttle2_pos: (none)
19:15:26.149 > startup_countdown: not started
19:15:26.149 > motor_control_message_pacing: started
19:15:26.647 > === ECU State ===
19:15:26.647 > car_fully_on: false
19:15:26.647 > start_switch_on: false
19:15:26.647 > brake_pressure: 1
19:15:26.647 > calculated_torque: 32
19:15:26.647 > throttle1_pos: (none)
19:15:26.647 > throttle2_pos: (none)
19:15:26.647 > startup_countdown: not started
19:15:26.647 > motor_control_message_pacing: started
19:15:27.146 > === ECU State ===
19:15:27.149 > car_fully_on: false
19:15:27.149 > start_switch_on: true
19:15:27.149 > brake_pressure: 1
19:15:27.149 > calculated_torque: 32
19:15:27.149 > throttle1_pos: (none)
19:15:27.149 > throttle2_pos: (none)
19:15:27.149 > startup_countdown: started
19:15:27.149 > motor_control_message_pacing: started
19:15:27.646 > === ECU State ===
19:15:27.646 > car_fully_on: false
19:15:27.646 > start_switch_on: true
19:15:27.646 > brake_pressure: 1
19:15:27.646 > calculated_torque: 32
19:15:27.646 > throttle1_pos: (none)
19:15:27.646 > throttle2_pos: (none)
19:15:27.646 > startup_countdown: started
19:15:27.646 > motor_control_message_pacing: started
19:15:28.147 > === ECU State ===
19:15:28.147 > car_fully_on: false
19:15:28.147 > start_switch_on: true
19:15:28.147 > brake_pressure: 1
19:15:28.147 > calculated_torque: 32
19:15:28.147 > throttle1_pos: (none)
19:15:28.147 > throttle2_pos: (none)
19:15:28.147 > startup_countdown: started
19:15:28.147 > motor_control_message_pacing: started
19:15:28.647 > === ECU State ===
19:15:28.647 > car_fully_on: false
19:15:28.647 > start_switch_on: true
19:15:28.647 > brake_pressure: 1
19:15:28.647 > calculated_torque: 32
19:15:28.647 > throttle1_pos: (none)
19:15:28.647 > throttle2_pos: (none)
19:15:28.647 > startup_countdown: started
19:15:28.647 > motor_control_message_pacing: started
19:15:29.146 > === ECU State ===
19:15:29.146 > car_fully_on: true
19:15:29.146 > start_switch_on: true
19:15:29.146 > brake_pressure: 1
19:15:29.146 > calculated_torque: 32
19:15:29.146 > throttle1_pos: (none)
19:15:29.146 > throttle2_pos: (none)
19:15:29.146 > startup_countdown: not started
19:15:29.146 > motor_control_message_pacing: started
19:15:29.637 > === ECU State ===
19:15:29.637 > car_fully_on: true
19:15:29.637 > start_switch_on: true
19:15:29.637 > brake_pressure: 37
19:15:29.637 > calculated_torque: 32
19:15:29.637 > throttle1_pos: (none)
19:15:29.637 > throttle2_pos: (none)
19:15:29.637 > startup_countdown: not started
19:15:29.637 > motor_control_message_pacing: started
19:15:30.146 > === ECU State ===
19:15:30.146 > car_fully_on: true
19:15:30.146 > start_switch_on: true
19:15:30.146 > brake_pressure: 2
19:15:30.146 > calculated_torque: 32
19:15:30.146 > throttle1_pos: (none)
19:15:30.146 > throttle2_pos: (none)
19:15:30.146 > startup_countdown: not started
19:15:30.146 > motor_control_message_pacing: started
19:15:30.644 > === ECU State ===
19:15:30.644 > car_fully_on: true
19:15:30.644 > start_switch_on: true
19:15:30.644 > brake_pressure: 2
19:15:30.644 > calculated_torque: 32
19:15:30.644 > throttle1_pos: (none)
19:15:30.644 > throttle2_pos: (none)
19:15:30.644 > startup_countdown: not started
19:15:30.644 > motor_control_message_pacing: started
19:15:31.146 > === ECU State ===
19:15:31.149 > car_fully_on: true
19:15:31.149 > start_switch_on: true
19:15:31.149 > brake_pressure: 1
19:15:31.149 > calculated_torque: 32
19:15:31.149 > throttle1_pos: (none)
19:15:31.149 > throttle2_pos: (none)
19:15:31.149 > startup_countdown: not started
19:15:31.149 > motor_control_message_pacing: started
19:15:31.646 > === ECU State ===
19:15:31.650 > car_fully_on: true
19:15:31.650 > start_switch_on: true
19:15:31.650 > brake_pressure: 0
19:15:31.650 > calculated_torque: 33
19:15:31.650 > throttle1_pos: (none)
19:15:31.650 > throttle2_pos: (none)
19:15:31.650 > startup_countdown: not started
19:15:31.650 > motor_control_message_pacing: started
19:15:32.146 > === ECU State ===
19:15:32.146 > car_fully_on: true
19:15:32.146 > start_switch_on: true
19:15:32.146 > brake_pressure: 1
19:15:32.146 > calculated_torque: 33
19:15:32.146 > throttle1_pos: (none)
19:15:32.146 > throttle2_pos: (none)
19:15:32.146 > startup_countdown: not started
19:15:32.146 > motor_control_message_pacing: started
19:15:32.646 > === ECU State ===
19:15:32.646 > car_fully_on: true
19:15:32.646 > start_switch_on: true
19:15:32.646 > brake_pressure: 2
19:15:32.646 > calculated_torque: 32
19:15:32.646 > throttle1_pos: (none)
19:15:32.646 > throttle2_pos: (none)
19:15:32.646 > startup_countdown: not started
19:15:32.646 > motor_control_message_pacing: started
19:15:33.147 > === ECU State ===
19:15:33.147 > car_fully_on: true
19:15:33.147 > start_switch_on: true
19:15:33.147 > brake_pressure: 5
19:15:33.147 > calculated_torque: 36
19:15:33.147 > throttle1_pos: (none)
19:15:33.147 > throttle2_pos: (none)
19:15:33.147 > startup_countdown: not started
19:15:33.147 > motor_control_message_pacing: started
19:15:33.648 > === ECU State ===
19:15:33.648 > car_fully_on: true
19:15:33.648 > start_switch_on: true
19:15:33.648 > brake_pressure: 28
19:15:33.648 > calculated_torque: 33
19:15:33.648 > throttle1_pos: (none)
19:15:33.648 > throttle2_pos: (none)
19:15:33.648 > startup_countdown: not started
19:15:33.648 > motor_control_message_pacing: started
19:15:34.146 > === ECU State ===
19:15:34.146 > car_fully_on: true
19:15:34.146 > start_switch_on: true
19:15:34.146 > brake_pressure: 32
19:15:34.146 > calculated_torque: 32
19:15:34.146 > throttle1_pos: (none)
19:15:34.146 > throttle2_pos: (none)
19:15:34.146 > startup_countdown: not started
19:15:34.146 > motor_control_message_pacing: started
19:15:34.649 > === ECU State ===
19:15:34.649 > car_fully_on: true
19:15:34.649 > start_switch_on: true
19:15:34.649 > brake_pressure: 15
19:15:34.649 > calculated_torque: 34
19:15:34.649 > throttle1_pos: (none)
19:15:34.649 > throttle2_pos: (none)
19:15:34.649 > startup_countdown: not started
19:15:34.649 > motor_control_message_pacing: started
19:15:35.147 > === ECU State ===
19:15:35.147 > car_fully_on: true
19:15:35.147 > start_switch_on: true
19:15:35.147 > brake_pressure: 28
19:15:35.147 > calculated_torque: 49
19:15:35.147 > throttle1_pos: (none)
19:15:35.147 > throttle2_pos: (none)
19:15:35.147 > startup_countdown: not started
19:15:35.147 > motor_control_message_pacing: started
19:15:35.647 > === ECU State ===
19:15:35.647 > car_fully_on: true
19:15:35.647 > start_switch_on: true
19:15:35.647 > brake_pressure: 2
19:15:35.647 > calculated_torque: 42
19:15:35.647 > throttle1_pos: (none)
19:15:35.647 > throttle2_pos: (none)
19:15:35.647 > startup_countdown: not started
19:15:35.647 > motor_control_message_pacing: started
19:15:36.149 > === ECU State ===
19:15:36.149 > car_fully_on: true
19:15:36.149 > start_switch_on: true
19:15:36.149 > brake_pressure: 2
19:15:36.149 > calculated_torque: 42
19:15:36.149 > throttle1_pos: (none)
19:15:36.149 > throttle2_pos: (none)
19:15:36.149 > startup_countdown: not started
19:15:36.149 > motor_control_message_pacing: started
19:15:36.646 > === ECU State ===
19:15:36.646 > car_fully_on: true
19:15:36.646 > start_switch_on: true
19:15:36.646 > brake_pressure: 2
19:15:36.646 > calculated_torque: 43
19:15:36.646 > throttle1_pos: (none)
19:15:36.646 > throttle2_pos: (none)
19:15:36.646 > startup_countdown: not started
19:15:36.646 > motor_control_message_pacing: started
19:15:37.146 > === ECU State ===
19:15:37.146 > car_fully_on: true
19:15:37.146 > start_switch_on: true
19:15:37.146 > brake_pressure: 1
19:15:37.146 > calculated_torque: 33
19:15:37.146 > throttle1_pos: (none)
19:15:37.146 > throttle2_pos: (none)
19:15:37.146 > startup_countdown: not started
19:15:37.146 > motor_control_message_pacing: started
19:15:37.646 > === ECU State ===
19:15:37.646 > car_fully_on: true
19:15:37.646 > start_switch_on: true
19:15:37.646 > brake_pressure: 0
19:15:37.646 > calculated_torque: 33
19:15:37.646 > throttle1_pos: (none)
19:15:37.646 > throttle2_pos: (none)
19:15:37.646 > startup_countdown: not started
19:15:37.646 > motor_control_message_pacing: started
19:15:38.146 > === ECU State ===
19:15:38.146 > car_fully_on: true
19:15:38.146 > start_switch_on: true
19:15:38.146 > brake_pressure: 1
19:15:38.146 > calculated_torque: 36
19:15:38.146 > throttle1_pos: (none)
19:15:38.146 > throttle2_pos: (none)
19:15:38.146 > startup_countdown: not started
19:15:38.146 > motor_control_message_pacing: started
19:15:38.647 > === ECU State ===
19:15:38.650 > car_fully_on: true
19:15:38.650 > start_switch_on: true
19:15:38.650 > brake_pressure: 1
19:15:38.650 > calculated_torque: 38
19:15:38.650 > throttle1_pos: (none)
19:15:38.650 > throttle2_pos: (none)
19:15:38.650 > startup_countdown: not started
19:15:38.650 > motor_control_message_pacing: started
19:15:39.147 > === ECU State ===
19:15:39.147 > car_fully_on: true
19:15:39.147 > start_switch_on: true
19:15:39.147 > brake_pressure: 2
19:15:39.147 > calculated_torque: 47
19:15:39.147 > throttle1_pos: (none)
19:15:39.147 > throttle2_pos: (none)
19:15:39.147 > startup_countdown: not started
19:15:39.147 > motor_control_message_pacing: started
19:15:39.646 > === ECU State ===
19:15:39.646 > car_fully_on: true
19:15:39.646 > start_switch_on: true
19:15:39.646 > brake_pressure: 6
19:15:39.646 > calculated_torque: 45
19:15:39.646 > throttle1_pos: (none)
19:15:39.646 > throttle2_pos: (none)
19:15:39.646 > startup_countdown: not started
19:15:39.646 > motor_control_message_pacing: started
19:15:40.146 > === ECU State ===
19:15:40.146 > car_fully_on: true
19:15:40.146 > start_switch_on: true
19:15:40.146 > brake_pressure: 98
19:15:40.146 > calculated_torque: 47
19:15:40.146 > throttle1_pos: (none)
19:15:40.146 > throttle2_pos: (none)
19:15:40.146 > startup_countdown: not started
19:15:40.146 > motor_control_message_pacing: started
19:15:40.646 > === ECU State ===
19:15:40.646 > car_fully_on: true
19:15:40.646 > start_switch_on: true
19:15:40.646 > brake_pressure: 44
19:15:40.646 > calculated_torque: 42
19:15:40.646 > throttle1_pos: (none)
19:15:40.646 > throttle2_pos: (none)
19:15:40.646 > startup_countdown: not started
19:15:40.646 > motor_control_message_pacing: started
19:15:41.147 > === ECU State ===
19:15:41.147 > car_fully_on: true
19:15:41.147 > start_switch_on: true
19:15:41.147 > brake_pressure: 9
19:15:41.147 > calculated_torque: 63
19:15:41.147 > throttle1_pos: (none)
19:15:41.147 > throttle2_pos: (none)
19:15:41.147 > startup_countdown: not started
19:15:41.147 > motor_control_message_pacing: started
19:15:41.646 > === ECU State ===
19:15:41.646 > car_fully_on: true
19:15:41.646 > start_switch_on: true
19:15:41.646 > brake_pressure: 2
19:15:41.646 > calculated_torque: 38
19:15:41.646 > throttle1_pos: (none)
19:15:41.646 > throttle2_pos: (none)
19:15:41.646 > startup_countdown: not started
19:15:41.646 > motor_control_message_pacing: started
19:15:42.149 > === ECU State ===
19:15:42.149 > car_fully_on: true
19:15:42.149 > start_switch_on: true
19:15:42.149 > brake_pressure: 98
19:15:42.149 > calculated_torque: 35
19:15:42.149 > throttle1_pos: (none)
19:15:42.149 > throttle2_pos: (none)
19:15:42.149 > startup_countdown: not started
19:15:42.149 > motor_control_message_pacing: started
19:15:42.647 > === ECU State ===
19:15:42.647 > car_fully_on: true
19:15:42.647 > start_switch_on: true
19:15:42.647 > brake_pressure: 0
19:15:42.647 > calculated_torque: 34
19:15:42.647 > throttle1_pos: (none)
19:15:42.647 > throttle2_pos: (none)
19:15:42.647 > startup_countdown: not started
19:15:42.647 > motor_control_message_pacing: started
19:15:43.147 > === ECU State ===
19:15:43.147 > car_fully_on: true
19:15:43.147 > start_switch_on: true
19:15:43.147 > brake_pressure: 1
19:15:43.147 > calculated_torque: 38
19:15:43.147 > throttle1_pos: (none)
19:15:43.147 > throttle2_pos: (none)
19:15:43.147 > startup_countdown: not started
19:15:43.147 > motor_control_message_pacing: started
19:15:43.646 > === ECU State ===
19:15:43.646 > car_fully_on: true
19:15:43.646 > start_switch_on: true
19:15:43.646 > brake_pressure: 1
19:15:43.646 > calculated_torque: 51
19:15:43.646 > throttle1_pos: (none)
19:15:43.646 > throttle2_pos: (none)
19:15:43.646 > startup_countdown: not started
19:15:43.646 > motor_control_message_pacing: started
19:15:44.146 > === ECU State ===
19:15:44.146 > car_fully_on: true
19:15:44.146 > start_switch_on: true
19:15:44.146 > brake_pressure: 3
19:15:44.146 > calculated_torque: 51
19:15:44.146 > throttle1_pos: (none)
19:15:44.146 > throttle2_pos: (none)
19:15:44.146 > startup_countdown: not started
19:15:44.146 > motor_control_message_pacing: started
19:15:44.647 > === ECU State ===
19:15:44.649 > car_fully_on: true
19:15:44.649 > start_switch_on: true
19:15:44.649 > brake_pressure: 1
19:15:44.649 > calculated_torque: 34
19:15:44.649 > throttle1_pos: (none)
19:15:44.649 > throttle2_pos: (none)
19:15:44.649 > startup_countdown: not started
19:15:44.649 > motor_control_message_pacing: started
19:15:45.146 > === ECU State ===
19:15:45.146 > car_fully_on: true
19:15:45.146 > start_switch_on: true
19:15:45.146 > brake_pressure: 5
19:15:45.146 > calculated_torque: 33
19:15:45.146 > throttle1_pos: (none)
19:15:45.146 > throttle2_pos: (none)
19:15:45.146 > startup_countdown: not started
19:15:45.146 > motor_control_message_pacing: started
19:15:45.647 > === ECU State ===
19:15:45.647 > car_fully_on: true
19:15:45.647 > start_switch_on: true
19:15:45.647 > brake_pressure: 25
19:15:45.647 > calculated_torque: 33
19:15:45.647 > throttle1_pos: (none)
19:15:45.647 > throttle2_pos: (none)
19:15:45.647 > startup_countdown: not started
19:15:45.647 > motor_control_message_pacing: started
19:15:46.146 > === ECU State ===
19:15:46.150 > car_fully_on: true
19:15:46.150 > start_switch_on: true
19:15:46.150 > brake_pressure: 22
19:15:46.150 > calculated_torque: 32
19:15:46.150 > throttle1_pos: (none)
19:15:46.150 > throttle2_pos: (none)
19:15:46.150 > startup_countdown: not started
19:15:46.150 > motor_control_message_pacing: started
19:15:46.647 > === ECU State ===
19:15:46.649 > car_fully_on: true
19:15:46.649 > start_switch_on: true
19:15:46.649 > brake_pressure: 0
19:15:46.649 > calculated_torque: 32
19:15:46.649 > throttle1_pos: (none)
19:15:46.649 > throttle2_pos: (none)
19:15:46.649 > startup_countdown: not started
19:15:46.649 > motor_control_message_pacing: started
19:15:47.147 > === ECU State ===
19:15:47.147 > car_fully_on: true
19:15:47.147 > start_switch_on: true
19:15:47.147 > brake_pressure: 1
19:15:47.147 > calculated_torque: 32
19:15:47.147 > throttle1_pos: (none)
19:15:47.147 > throttle2_pos: (none)
19:15:47.147 > startup_countdown: not started
19:15:47.147 > motor_control_message_pacing: started
19:15:47.646 > === ECU State ===
19:15:47.650 > car_fully_on: true
19:15:47.650 > start_switch_on: true
19:15:47.650 > brake_pressure: 1
19:15:47.650 > calculated_torque: 32
19:15:47.650 > throttle1_pos: (none)
19:15:47.650 > throttle2_pos: (none)
19:15:47.650 > startup_countdown: not started
19:15:47.650 > motor_control_message_pacing: started
19:15:48.146 > === ECU State ===
19:15:48.146 > car_fully_on: true
19:15:48.146 > start_switch_on: true
19:15:48.146 > brake_pressure: 1
19:15:48.146 > calculated_torque: 32
19:15:48.146 > throttle1_pos: (none)
19:15:48.146 > throttle2_pos: (none)
19:15:48.146 > startup_countdown: not started
19:15:48.146 > motor_control_message_pacing: started
19:15:48.646 > === ECU State ===
19:15:48.646 > car_fully_on: true
19:15:48.646 > start_switch_on: true
19:15:48.646 > brake_pressure: 1
19:15:48.646 > calculated_torque: 32
19:15:48.646 > throttle1_pos: (none)
19:15:48.646 > throttle2_pos: (none)
19:15:48.646 > startup_countdown: not started
19:15:48.646 > motor_control_message_pacing: started
19:15:49.148 > === ECU State ===
19:15:49.148 > car_fully_on: true
19:15:49.148 > start_switch_on: true
19:15:49.148 > brake_pressure: 1
19:15:49.148 > calculated_torque: 32
19:15:49.148 > throttle1_pos: (none)
19:15:49.148 > throttle2_pos: (none)
19:15:49.148 > startup_countdown: not started
19:15:49.148 > motor_control_message_pacing: started
19:15:49.649 > === ECU State ===
19:15:49.649 > car_fully_on: true
19:15:49.649 > start_switch_on: true
19:15:49.649 > brake_pressure: 1
19:15:49.649 > calculated_torque: 32
19:15:49.649 > throttle1_pos: (none)
19:15:49.649 > throttle2_pos: (none)
19:15:49.649 > startup_countdown: not started
19:15:49.649 > motor_control_message_pacing: started
19:15:50.149 > === ECU State ===
19:15:50.149 > car_fully_on: true
19:15:50.149 > start_switch_on: true
19:15:50.149 > brake_pressure: 82
19:15:50.149 > calculated_torque: 55
19:15:50.149 > throttle1_pos: (none)
19:15:50.149 > throttle2_pos: (none)
19:15:50.149 > startup_countdown: not started
19:15:50.149 > motor_control_message_pacing: started
19:15:50.646 > === ECU State ===
19:15:50.646 > car_fully_on: true
19:15:50.646 > start_switch_on: true
19:15:50.646 > brake_pressure: 31
19:15:50.646 > calculated_torque: 33
19:15:50.646 > throttle1_pos: (none)
19:15:50.646 > throttle2_pos: (none)
19:15:50.646 > startup_countdown: not started
19:15:50.646 > motor_control_message_pacing: started
19:15:51.147 > === ECU State ===
19:15:51.147 > car_fully_on: true
19:15:51.147 > start_switch_on: true
19:15:51.147 > brake_pressure: 33
19:15:51.147 > calculated_torque: 33
19:15:51.147 > throttle1_pos: (none)
19:15:51.147 > throttle2_pos: (none)
19:15:51.147 > startup_countdown: not started
19:15:51.147 > motor_control_message_pacing: started
19:15:51.646 > === ECU State ===
19:15:51.646 > car_fully_on: true
19:15:51.646 > start_switch_on: true
19:15:51.646 > brake_pressure: 18
19:15:51.646 > calculated_torque: 34
19:15:51.646 > throttle1_pos: (none)
19:15:51.646 > throttle2_pos: (none)
19:15:51.646 > startup_countdown: not started
19:15:51.646 > motor_control_message_pacing: started
19:15:52.146 > === ECU State ===
19:15:52.146 > car_fully_on: false
19:15:52.146 > start_switch_on: false
19:15:52.146 > brake_pressure: 1
19:15:52.146 > calculated_torque: 32
19:15:52.146 > throttle1_pos: (none)
19:15:52.146 > throttle2_pos: (none)
19:15:52.146 > startup_countdown: not started
19:15:52.146 > motor_control_message_pacing: started
19:15:52.647 > === ECU State ===
19:15:52.647 > car_fully_on: false
19:15:52.647 > start_switch_on: false
19:15:52.647 > brake_pressure: 1
19:15:52.647 > calculated_torque: 32
19:15:52.647 > throttle1_pos: (none)
19:15:52.647 > throttle2_pos: (none)
19:15:52.647 > startup_countdown: not started
19:15:52.647 > motor_control_message_pacing: started
19:15:53.148 > === ECU State ===
19:15:53.149 > car_fully_on: false
19:15:53.149 > start_switch_on: false
19:15:53.149 > brake_pressure: 1
19:15:53.149 > calculated_torque: 32
19:15:53.149 > throttle1_pos: (none)
19:15:53.149 > throttle2_pos: (none)
19:15:53.149 > startup_countdown: not started
19:15:53.149 > motor_control_message_pacing: started
19:15:53.647 > === ECU State ===
19:15:53.647 > car_fully_on: false
19:15:53.647 > start_switch_on: false
19:15:53.647 > brake_pressure: 1
19:15:53.647 > calculated_torque: 32
19:15:53.647 > throttle1_pos: (none)
19:15:53.647 > throttle2_pos: (none)
19:15:53.647 > startup_countdown: not started
19:15:53.647 > motor_control_message_pacing: started
19:15:54.146 > === ECU State ===
19:15:54.146 > car_fully_on: false
19:15:54.146 > start_switch_on: false
19:15:54.146 > brake_pressure: 1
19:15:54.146 > calculated_torque: 33
19:15:54.146 > throttle1_pos: (none)
19:15:54.146 > throttle2_pos: (none)
19:15:54.146 > startup_countdown: not started
19:15:54.146 > motor_control_message_pacing: started
19:15:54.647 > === ECU State ===
19:15:54.647 > car_fully_on: false
19:15:54.647 > start_switch_on: false
19:15:54.647 > brake_pressure: 1
19:15:54.647 > calculated_torque: 33
19:15:54.647 > throttle1_pos: (none)
19:15:54.647 > throttle2_pos: (none)
19:15:54.647 > startup_countdown: not started
19:15:54.647 > motor_control_message_pacing: started
19:15:55.146 > === ECU State ===
19:15:55.146 > car_fully_on: false
19:15:55.146 > start_switch_on: false
19:15:55.146 > brake_pressure: 0
19:15:55.146 > calculated_torque: 32
19:15:55.146 > throttle1_pos: (none)
19:15:55.146 > throttle2_pos: (none)
19:15:55.146 > startup_countdown: not started
19:15:55.146 > motor_control_message_pacing: started
19:15:55.649 > === ECU State ===
19:15:55.649 > car_fully_on: false
19:15:55.649 > start_switch_on: false
19:15:55.649 > brake_pressure: 1
19:15:55.649 > calculated_torque: 32
19:15:55.649 > throttle1_pos: (none)
19:15:55.649 > throttle2_pos: (none)
19:15:55.649 > startup_countdown: not started
19:15:55.649 > motor_control_message_pacing: started
19:15:56.149 > === ECU State ===
19:15:56.149 > car_fully_on: false
19:15:56.149 > start_switch_on: false
19:15:56.149 > brake_pressure: 2
19:15:56.149 > calculated_torque: 32
19:15:56.149 > throttle1_pos: (none)
19:15:56.149 > throttle2_pos: (none)
19:15:56.149 > startup_countdown: not started
19:15:56.149 > motor_control_message_pacing: started
19:15:56.646 > === ECU State ===
19:15:56.646 > car_fully_on: false
19:15:56.646 > start_switch_on: false
19:15:56.646 > brake_pressure: 1
19:15:56.646 > calculated_torque: 33
19:15:56.646 > throttle1_pos: (none)
19:15:56.646 > throttle2_pos: (none)
19:15:56.646 > startup_countdown: not started
19:15:56.646 > motor_control_message_pacing: started
19:15:57.146 > === ECU State ===
19:15:57.146 > car_fully_on: false
19:15:57.146 > start_switch_on: false
19:15:57.146 > brake_pressure: 1
19:15:57.146 > calculated_torque: 32
19:15:57.146 > throttle1_pos: (none)
19:15:57.146 > throttle2_pos: (none)
19:15:57.146 > startup_countdown: not started
19:15:57.146 > motor_control_message_pacing: started
19:15:57.648 > === ECU State ===
19:15:57.648 > car_fully_on: false
19:15:57.648 > start_switch_on: false
19:15:57.648 > brake_pressure: 1
19:15:57.648 > calculated_torque: 32
19:15:57.648 > throttle1_pos: (none)
19:15:57.648 > throttle2_pos: (none)
19:15:57.648 > startup_countdown: not started
19:15:57.648 > motor_control_message_pacing: started
19:15:58.146 > === ECU State ===
19:15:58.146 > car_fully_on: false
19:15:58.146 > start_switch_on: false
19:15:58.146 > brake_pressure: 1
19:15:58.146 > calculated_torque: 32
19:15:58.146 > throttle1_pos: (none)
19:15:58.146 > throttle2_pos: (none)
19:15:58.146 > startup_countdown: not started
19:15:58.146 > motor_control_message_pacing: started
19:15:58.646 > === ECU State ===
19:15:58.646 > car_fully_on: false
19:15:58.646 > start_switch_on: false
19:15:58.646 > brake_pressure: 1
19:15:58.646 > calculated_torque: 32
19:15:58.646 > throttle1_pos: (none)
19:15:58.646 > throttle2_pos: (none)
19:15:58.646 > startup_countdown: not started
19:15:58.646 > motor_control_message_pacing: started
19:15:59.146 > === ECU State ===
19:15:59.146 > car_fully_on: false
19:15:59.146 > start_switch_on: false
19:15:59.146 > brake_pressure: 0
19:15:59.146 > calculated_torque: 32
19:15:59.146 > throttle1_pos: (none)
19:15:59.146 > throttle2_pos: (none)
19:15:59.146 > startup_countdown: not started
19:15:59.146 > motor_control_message_pacing: started
19:15:59.646 > === ECU State ===
19:15:59.646 > car_fully_on: false
19:15:59.646 > start_switch_on: false
19:15:59.646 > brake_pressure: 1
19:15:59.646 > calculated_torque: 33
19:15:59.646 > throttle1_pos: (none)
19:15:59.646 > throttle2_pos: (none)
19:15:59.646 > startup_countdown: not started
19:15:59.646 > motor_control_message_pacing: started
19:16:00.146 > === ECU State ===
19:16:00.146 > car_fully_on: false
19:16:00.146 > start_switch_on: false
19:16:00.146 > brake_pressure: 1
19:16:00.146 > calculated_torque: 32
19:16:00.146 > throttle1_pos: (none)
19:16:00.146 > throttle2_pos: (none)
19:16:00.146 > startup_countdown: not started
19:16:00.146 > motor_control_message_pacing: started
19:16:00.646 > === ECU State ===
19:16:00.646 > car_fully_on: false
19:16:00.646 > start_switch_on: false
19:16:00.646 > brake_pressure: 2
19:16:00.646 > calculated_torque: 32
19:16:00.646 > throttle1_pos: (none)
19:16:00.646 > throttle2_pos: (none)
19:16:00.646 > startup_countdown: not started
19:16:00.646 > motor_control_message_pacing: started
19:16:01.147 > === ECU State ===
19:16:01.147 > car_fully_on: false
19:16:01.147 > start_switch_on: false
19:16:01.147 > brake_pressure: 0
19:16:01.147 > calculated_torque: 32
19:16:01.147 > throttle1_pos: (none)
19:16:01.147 > throttle2_pos: (none)
19:16:01.147 > startup_countdown: not started
19:16:01.147 > motor_control_message_pacing: started
19:16:01.649 > === ECU State ===
19:16:01.649 > car_fully_on: false
19:16:01.649 > start_switch_on: false
19:16:01.649 > brake_pressure: 1
19:16:01.649 > calculated_torque: 32
19:16:01.649 > throttle1_pos: (none)
19:16:01.649 > throttle2_pos: (none)
19:16:01.649 > startup_countdown: not started
19:16:01.649 > motor_control_message_pacing: started
19:16:02.146 > === ECU State ===
19:16:02.146 > car_fully_on: false
19:16:02.146 > start_switch_on: false
19:16:02.146 > brake_pressure: 2
19:16:02.146 > calculated_torque: 32
19:16:02.146 > throttle1_pos: (none)
19:16:02.146 > throttle2_pos: (none)
19:16:02.146 > startup_countdown: not started
19:16:02.146 > motor_control_message_pacing: started
19:16:02.646 > === ECU State ===
19:16:02.646 > car_fully_on: false
19:16:02.646 > start_switch_on: false
19:16:02.646 > brake_pressure: 1
19:16:02.646 > calculated_torque: 32
19:16:02.646 > throttle1_pos: (none)
19:16:02.646 > throttle2_pos: (none)
19:16:02.646 > startup_countdown: not started
19:16:02.646 > motor_control_message_pacing: started
19:16:03.149 > === ECU State ===
19:16:03.149 > car_fully_on: false
19:16:03.149 > start_switch_on: false
19:16:03.149 > brake_pressure: 2
19:16:03.149 > calculated_torque: 32
19:16:03.149 > throttle1_pos: (none)
19:16:03.149 > throttle2_pos: (none)
19:16:03.149 > startup_countdown: not started
19:16:03.149 > motor_control_message_pacing: started
19:16:03.647 > === ECU State ===
19:16:03.647 > car_fully_on: false
19:16:03.647 > start_switch_on: false
19:16:03.647 > brake_pressure: 1
19:16:03.647 > calculated_torque: 32
19:16:03.647 > throttle1_pos: (none)
19:16:03.647 > throttle2_pos: (none)
19:16:03.647 > startup_countdown: not started
19:16:03.647 > motor_control_message_pacing: started
19:16:04.146 > === ECU State ===
19:16:04.146 > car_fully_on: false
19:16:04.146 > start_switch_on: false
19:16:04.146 > brake_pressure: 1
19:16:04.146 > calculated_torque: 32
19:16:04.146 > throttle1_pos: (none)
19:16:04.146 > throttle2_pos: (none)
19:16:04.146 > startup_countdown: not started
19:16:04.146 > motor_control_message_pacing: started
19:16:04.646 > === ECU State ===
19:16:04.646 > car_fully_on: false
19:16:04.646 > start_switch_on: false
19:16:04.646 > brake_pressure: 1
19:16:04.646 > calculated_torque: 32
19:16:04.646 > throttle1_pos: (none)
19:16:04.646 > throttle2_pos: (none)
19:16:04.646 > startup_countdown: not started
19:16:04.646 > motor_control_message_pacing: started
19:16:05.148 > === ECU State ===
19:16:05.148 > car_fully_on: false
19:16:05.148 > start_switch_on: false
19:16:05.148 > brake_pressure: 1
19:16:05.148 > calculated_torque: 32
19:16:05.148 > throttle1_pos: (none)
19:16:05.148 > throttle2_pos: (none)
19:16:05.148 > startup_countdown: not started
19:16:05.148 > motor_control_message_pacing: started
19:16:05.646 > === ECU State ===
19:16:05.646 > car_fully_on: false
19:16:05.646 > start_switch_on: false
19:16:05.646 > brake_pressure: 1
19:16:05.646 > calculated_torque: 32
19:16:05.646 > throttle1_pos: (none)
19:16:05.646 > throttle2_pos: (none)
19:16:05.646 > startup_countdown: not started
19:16:05.646 > motor_control_message_pacing: started
19:16:06.146 > === ECU State ===
19:16:06.146 > car_fully_on: false
19:16:06.146 > start_switch_on: false
19:16:06.146 > brake_pressure: 1
19:16:06.146 > calculated_torque: 32
19:16:06.146 > throttle1_pos: (none)
19:16:06.146 > throttle2_pos: (none)
19:16:06.146 > startup_countdown: not started
19:16:06.146 > motor_control_message_pacing: started
19:16:06.647 > === ECU State ===
19:16:06.647 > car_fully_on: false
19:16:06.647 > start_switch_on: false
19:16:06.647 > brake_pressure: 1
19:16:06.647 > calculated_torque: 32
19:16:06.647 > throttle1_pos: (none)
19:16:06.647 > throttle2_pos: (none)
19:16:06.647 > startup_countdown: not started
19:16:06.647 > motor_control_message_pacing: started
19:16:07.147 > === ECU State ===
19:16:07.147 > car_fully_on: false
19:16:07.147 > start_switch_on: false
19:16:07.147 > brake_pressure: 1
19:16:07.147 > calculated_torque: 32
19:16:07.147 > throttle1_pos: (none)
19:16:07.147 > throttle2_pos: (none)
19:16:07.147 > startup_countdown: not started
19:16:07.147 > motor_control_message_pacing: started
19:16:07.646 > === ECU State ===
19:16:07.646 > car_fully_on: false
19:16:07.646 > start_switch_on: false
19:16:07.646 > brake_pressure: 1
19:16:07.646 > calculated_torque: 32
19:16:07.646 > throttle1_pos: (none)
19:16:07.646 > throttle2_pos: (none)
19:16:07.646 > startup_countdown: not started
19:16:07.646 > motor_control_message_pacing: started
19:16:08.149 > === ECU State ===
19:16:08.149 > car_fully_on: false
19:16:08.149 > start_switch_on: false
19:16:08.149 > brake_pressure: 0
19:16:08.149 > calculated_torque: 32
19:16:08.149 > throttle1_pos: (none)
19:16:08.149 > throttle2_pos: (none)
19:16:08.149 > startup_countdown: not started
19:16:08.149 > motor_control_message_pacing: started
19:16:08.647 > === ECU State ===
19:16:08.647 > car_fully_on: false
19:16:08.647 > start_switch_on: false
19:16:08.647 > brake_pressure: 1
19:16:08.647 > calculated_torque: 32
19:16:08.647 > throttle1_pos: (none)
19:16:08.647 > throttle2_pos: (none)
19:16:08.647 > startup_countdown: not started
19:16:08.647 > motor_control_message_pacing: started
19:16:09.146 > === ECU State ===
19:16:09.146 > car_fully_on: false
19:16:09.146 > start_switch_on: false
19:16:09.146 > brake_pressure: 2
19:16:09.146 > calculated_torque: 33
19:16:09.146 > throttle1_pos: (none)
19:16:09.146 > throttle2_pos: (none)
19:16:09.146 > startup_countdown: not started
19:16:09.146 > motor_control_message_pacing: started
19:16:09.646 > === ECU State ===
19:16:09.646 > car_fully_on: false
19:16:09.646 > start_switch_on: false
19:16:09.646 > brake_pressure: 1
19:16:09.646 > calculated_torque: 32
19:16:09.646 > throttle1_pos: (none)
19:16:09.646 > throttle2_pos: (none)
19:16:09.646 > startup_countdown: not started
19:16:09.646 > motor_control_message_pacing: started
19:16:10.148 > === ECU State ===
19:16:10.148 > car_fully_on: false
19:16:10.148 > start_switch_on: false
19:16:10.148 > brake_pressure: 1
19:16:10.148 > calculated_torque: 32
19:16:10.148 > throttle1_pos: (none)
19:16:10.148 > throttle2_pos: (none)
19:16:10.148 > startup_countdown: not started
19:16:10.148 > motor_control_message_pacing: started
19:16:10.647 > === ECU State ===
19:16:10.647 > car_fully_on: false
19:16:10.647 > start_switch_on: false
19:16:10.647 > brake_pressure: 1
19:16:10.647 > calculated_torque: 32
19:16:10.647 > throttle1_pos: (none)
19:16:10.647 > throttle2_pos: (none)
19:16:10.647 > startup_countdown: not started
19:16:10.647 > motor_control_message_pacing: started
19:16:11.147 > === ECU State ===
19:16:11.147 > car_fully_on: false
19:16:11.147 > start_switch_on: false
19:16:11.147 > brake_pressure: 1
19:16:11.147 > calculated_torque: 32
19:16:11.147 > throttle1_pos: (none)
19:16:11.147 > throttle2_pos: (none)
19:16:11.147 > startup_countdown: not started
19:16:11.147 > motor_control_message_pacing: started
19:16:11.646 > === ECU State ===
19:16:11.646 > car_fully_on: false
19:16:11.646 > start_switch_on: false
19:16:11.646 > brake_pressure: 1
19:16:11.646 > calculated_torque: 32
19:16:11.646 > throttle1_pos: (none)
19:16:11.646 > throttle2_pos: (none)
19:16:11.646 > startup_countdown: not started
19:16:11.646 > motor_control_message_pacing: started
19:16:12.148 > === ECU State ===
19:16:12.149 > car_fully_on: false
19:16:12.149 > start_switch_on: false
19:16:12.149 > brake_pressure: 1
19:16:12.149 > calculated_torque: 32
19:16:12.149 > throttle1_pos: (none)
19:16:12.149 > throttle2_pos: (none)
19:16:12.149 > startup_countdown: not started
19:16:12.149 > motor_control_message_pacing: started
19:16:12.647 > === ECU State ===
19:16:12.647 > car_fully_on: false
19:16:12.647 > start_switch_on: false
19:16:12.647 > brake_pressure: 1
19:16:12.647 > calculated_torque: 32
19:16:12.647 > throttle1_pos: (none)
19:16:12.647 > throttle2_pos: (none)
19:16:12.647 > startup_countdown: not started
19:16:12.647 > motor_control_message_pacing: started
19:16:13.146 > === ECU State ===
19:16:13.146 > car_fully_on: false
19:16:13.146 > start_switch_on: false
19:16:13.146 > brake_pressure: 1
19:16:13.146 > calculated_torque: 32
19:16:13.146 > throttle1_pos: (none)
19:16:13.146 > throttle2_pos: (none)
19:16:13.146 > startup_countdown: not started
19:16:13.146 > motor_control_message_pacing: started
19:16:13.649 > === ECU State ===
19:16:13.649 > car_fully_on: false
19:16:13.649 > start_switch_on: false
19:16:13.649 > brake_pressure: 1
19:16:13.649 > calculated_torque: 32
19:16:13.649 > throttle1_pos: (none)
19:16:13.649 > throttle2_pos: (none)
19:16:13.649 > startup_countdown: not started
19:16:13.649 > motor_control_message_pacing: started
19:16:14.148 > === ECU State ===
19:16:14.150 > car_fully_on: false
19:16:14.150 > start_switch_on: false
19:16:14.150 > brake_pressure: 0
19:16:14.150 > calculated_torque: 32
19:16:14.150 > throttle1_pos: (none)
19:16:14.150 > throttle2_pos: (none)
19:16:14.150 > startup_countdown: not started
19:16:14.150 > motor_control_message_pacing: started
19:16:14.647 > === ECU State ===
19:16:14.647 > car_fully_on: false
19:16:14.647 > start_switch_on: false
19:16:14.647 > brake_pressure: 1
19:16:14.647 > calculated_torque: 32
19:16:14.647 > throttle1_pos: (none)
19:16:14.647 > throttle2_pos: (none)
19:16:14.647 > startup_countdown: not started
19:16:14.647 > motor_control_message_pacing: started
19:16:15.146 > === ECU State ===
19:16:15.150 > car_fully_on: false
19:16:15.150 > start_switch_on: false
19:16:15.150 > brake_pressure: 0
19:16:15.150 > calculated_torque: 33
19:16:15.150 > throttle1_pos: (none)
19:16:15.150 > throttle2_pos: (none)
19:16:15.150 > startup_countdown: not started
19:16:15.150 > motor_control_message_pacing: started
19:16:15.646 > === ECU State ===
19:16:15.646 > car_fully_on: false
19:16:15.646 > start_switch_on: false
19:16:15.646 > brake_pressure: 1
19:16:15.646 > calculated_torque: 33
19:16:15.646 > throttle1_pos: (none)
19:16:15.646 > throttle2_pos: (none)
19:16:15.646 > startup_countdown: not started
19:16:15.646 > motor_control_message_pacing: started
19:16:16.146 > === ECU State ===
19:16:16.146 > car_fully_on: false
19:16:16.146 > start_switch_on: false
19:16:16.146 > brake_pressure: 0
19:16:16.146 > calculated_torque: 32
19:16:16.146 > throttle1_pos: (none)
19:16:16.146 > throttle2_pos: (none)
19:16:16.146 > startup_countdown: not started
19:16:16.146 > motor_control_message_pacing: started
19:16:16.636 > === ECU State ===
19:16:16.636 > car_fully_on: false
19:16:16.636 > start_switch_on: false
19:16:16.636 > brake_pressure: 1
19:16:16.636 > calculated_torque: 32
19:16:16.636 > throttle1_pos: (none)
19:16:16.636 > throttle2_pos: (none)
19:16:16.636 > startup_countdown: not started
19:16:16.636 > motor_control_message_pacing: started
19:16:17.148 > === ECU State ===
19:16:17.148 > car_fully_on: false
19:16:17.148 > start_switch_on: false
19:16:17.148 > brake_pressure: 1
19:16:17.148 > calculated_torque: 32
19:16:17.148 > throttle1_pos: (none)
19:16:17.148 > throttle2_pos: (none)
19:16:17.148 > startup_countdown: not started
19:16:17.148 > motor_control_message_pacing: started
19:16:17.648 > === ECU State ===
19:16:17.648 > car_fully_on: false
19:16:17.648 > start_switch_on: false
19:16:17.648 > brake_pressure: 1
19:16:17.648 > calculated_torque: 32
19:16:17.648 > throttle1_pos: (none)
19:16:17.648 > throttle2_pos: (none)
19:16:17.648 > startup_countdown: not started
19:16:17.648 > motor_control_message_pacing: started
19:16:18.149 > === ECU State ===
19:16:18.149 > car_fully_on: false
19:16:18.149 > start_switch_on: false
19:16:18.149 > brake_pressure: 0
19:16:18.149 > calculated_torque: 32
19:16:18.149 > throttle1_pos: (none)
19:16:18.149 > throttle2_pos: (none)
19:16:18.149 > startup_countdown: not started
19:16:18.149 > motor_control_message_pacing: started
19:16:18.647 > === ECU State ===
19:16:18.647 > car_fully_on: false
19:16:18.647 > start_switch_on: false
19:16:18.647 > brake_pressure: 1
19:16:18.647 > calculated_torque: 32
19:16:18.647 > throttle1_pos: (none)
19:16:18.647 > throttle2_pos: (none)
19:16:18.647 > startup_countdown: not started
19:16:18.647 > motor_control_message_pacing: started
19:16:19.148 > === ECU State ===
19:16:19.148 > car_fully_on: false
19:16:19.148 > start_switch_on: false
19:16:19.148 > brake_pressure: 1
19:16:19.148 > calculated_torque: 32
19:16:19.148 > throttle1_pos: (none)
19:16:19.148 > throttle2_pos: (none)
19:16:19.148 > startup_countdown: not started
19:16:19.148 > motor_control_message_pacing: started
19:16:19.646 > === ECU State ===
19:16:19.646 > car_fully_on: false
19:16:19.646 > start_switch_on: false
19:16:19.646 > brake_pressure: 1
19:16:19.646 > calculated_torque: 32
19:16:19.646 > throttle1_pos: (none)
19:16:19.646 > throttle2_pos: (none)
19:16:19.646 > startup_countdown: not started
19:16:19.646 > motor_control_message_pacing: started
19:16:20.146 > === ECU State ===
19:16:20.146 > car_fully_on: false
19:16:20.146 > start_switch_on: false
19:16:20.146 > brake_pressure: 1
19:16:20.146 > calculated_torque: 32
19:16:20.146 > throttle1_pos: (none)
19:16:20.146 > throttle2_pos: (none)
19:16:20.146 > startup_countdown: not started
19:16:20.146 > motor_control_message_pacing: started
19:16:20.646 > === ECU State ===
19:16:20.646 > car_fully_on: false
19:16:20.646 > start_switch_on: false
19:16:20.646 > brake_pressure: 1
19:16:20.646 > calculated_torque: 32
19:16:20.646 > throttle1_pos: (none)
19:16:20.646 > throttle2_pos: (none)
19:16:20.646 > startup_countdown: not started
19:16:20.646 > motor_control_message_pacing: started
19:16:21.146 > === ECU State ===
19:16:21.146 > car_fully_on: false
19:16:21.146 > start_switch_on: false
19:16:21.146 > brake_pressure: 2
19:16:21.146 > calculated_torque: 32
19:16:21.146 > throttle1_pos: (none)
19:16:21.146 > throttle2_pos: (none)
19:16:21.146 > startup_countdown: not started
19:16:21.146 > motor_control_message_pacing: started
19:16:21.647 > === ECU State ===
19:16:21.647 > car_fully_on: false
19:16:21.647 > start_switch_on: false
19:16:21.647 > brake_pressure: 1
19:16:21.647 > calculated_torque: 32
19:16:21.647 > throttle1_pos: (none)
19:16:21.647 > throttle2_pos: (none)
19:16:21.647 > startup_countdown: not started
19:16:21.647 > motor_control_message_pacing: started
19:16:22.146 > === ECU State ===
19:16:22.146 > car_fully_on: false
19:16:22.146 > start_switch_on: false
19:16:22.146 > brake_pressure: 1
19:16:22.146 > calculated_torque: 32
19:16:22.146 > throttle1_pos: (none)
19:16:22.146 > throttle2_pos: (none)
19:16:22.146 > startup_countdown: not started
19:16:22.146 > motor_control_message_pacing: started
19:16:22.646 > === ECU State ===
19:16:22.646 > car_fully_on: false
19:16:22.646 > start_switch_on: false
19:16:22.646 > brake_pressure: 1
19:16:22.646 > calculated_torque: 32
19:16:22.646 > throttle1_pos: (none)
19:16:22.646 > throttle2_pos: (none)
19:16:22.646 > startup_countdown: not started
19:16:22.646 > motor_control_message_pacing: started
19:16:23.146 > === ECU State ===
19:16:23.146 > car_fully_on: false
19:16:23.146 > start_switch_on: false
19:16:23.146 > brake_pressure: 1
19:16:23.146 > calculated_torque: 32
19:16:23.146 > throttle1_pos: (none)
19:16:23.146 > throttle2_pos: (none)
19:16:23.146 > startup_countdown: not started
19:16:23.146 > motor_control_message_pacing: started
19:16:23.646 > === ECU State ===
19:16:23.646 > car_fully_on: false
19:16:23.646 > start_switch_on: false
19:16:23.646 > brake_pressure: 1
19:16:23.646 > calculated_torque: 32
19:16:23.646 > throttle1_pos: (none)
19:16:23.646 > throttle2_pos: (none)
19:16:23.646 > startup_countdown: not started
19:16:23.646 > motor_control_message_pacing: started
19:16:24.147 > === ECU State ===
19:16:24.147 > car_fully_on: false
19:16:24.147 > start_switch_on: false
19:16:24.147 > brake_pressure: 2
19:16:24.147 > calculated_torque: 32
19:16:24.147 > throttle1_pos: (none)
19:16:24.147 > throttle2_pos: (none)
19:16:24.147 > startup_countdown: not started
19:16:24.147 > motor_control_message_pacing: started
19:16:24.646 > === ECU State ===
19:16:24.646 > car_fully_on: false
19:16:24.646 > start_switch_on: false
19:16:24.646 > brake_pressure: 0
19:16:24.646 > calculated_torque: 32
19:16:24.646 > throttle1_pos: (none)
19:16:24.646 > throttle2_pos: (none)
19:16:24.646 > startup_countdown: not started
19:16:24.646 > motor_control_message_pacing: started
19:16:25.147 > === ECU State ===
19:16:25.147 > car_fully_on: false
19:16:25.147 > start_switch_on: false
19:16:25.147 > brake_pressure: 2
19:16:25.147 > calculated_torque: 32
19:16:25.147 > throttle1_pos: (none)
19:16:25.147 > throttle2_pos: (none)
19:16:25.147 > startup_countdown: not started
19:16:25.147 > motor_control_message_pacing: started
19:16:25.647 > === ECU State ===
19:16:25.647 > car_fully_on: false
19:16:25.647 > start_switch_on: false
19:16:25.647 > brake_pressure: 1
19:16:25.647 > calculated_torque: 32
19:16:25.647 > throttle1_pos: (none)
19:16:25.647 > throttle2_pos: (none)
19:16:25.647 > startup_countdown: not started
19:16:25.647 > motor_control_message_pacing: started
19:16:26.147 > === ECU State ===
19:16:26.147 > car_fully_on: false
19:16:26.147 > start_switch_on: false
19:16:26.147 > brake_pressure: 1
19:16:26.147 > calculated_torque: 32
19:16:26.147 > throttle1_pos: (none)
19:16:26.147 > throttle2_pos: (none)
19:16:26.147 > startup_countdown: not started
19:16:26.147 > motor_control_message_pacing: started
19:16:26.648 > === ECU State ===
19:16:26.648 > car_fully_on: false
19:16:26.648 > start_switch_on: false
19:16:26.648 > brake_pressure: 1
19:16:26.648 > calculated_torque: 32
19:16:26.648 > throttle1_pos: (none)
19:16:26.648 > throttle2_pos: (none)
19:16:26.648 > startup_countdown: not started
19:16:26.648 > motor_control_message_pacing: started
19:16:27.148 > === ECU State ===
19:16:27.148 > car_fully_on: false
19:16:27.148 > start_switch_on: false
19:16:27.148 > brake_pressure: 1
19:16:27.148 > calculated_torque: 32
19:16:27.148 > throttle1_pos: (none)
19:16:27.148 > throttle2_pos: (none)
19:16:27.148 > startup_countdown: not started
19:16:27.148 > motor_control_message_pacing: started
19:16:27.648 > === ECU State ===
19:16:27.648 > car_fully_on: false
19:16:27.648 > start_switch_on: false
19:16:27.648 > brake_pressure: 1
19:16:27.648 > calculated_torque: 32
19:16:27.648 > throttle1_pos: (none)
19:16:27.648 > throttle2_pos: (none)
19:16:27.648 > startup_countdown: not started
19:16:27.648 > motor_control_message_pacing: started
19:16:28.148 > === ECU State ===
19:16:28.148 > car_fully_on: false
19:16:28.148 > start_switch_on: false
19:16:28.148 > brake_pressure: 1
19:16:28.148 > calculated_torque: 32
19:16:28.148 > throttle1_pos: (none)
19:16:28.148 > throttle2_pos: (none)
19:16:28.148 > startup_countdown: not started
19:16:28.148 > motor_control_message_pacing: started
19:16:28.647 > === ECU State ===
19:16:28.647 > car_fully_on: false
19:16:28.647 > start_switch_on: false
19:16:28.647 > brake_pressure: 0
19:16:28.647 > calculated_torque: 32
19:16:28.647 > throttle1_pos: (none)
19:16:28.647 > throttle2_pos: (none)
19:16:28.647 > startup_countdown: not started
19:16:28.647 > motor_control_message_pacing: started
19:16:29.147 > === ECU State ===
19:16:29.147 > car_fully_on: false
19:16:29.147 > start_switch_on: false
19:16:29.147 > brake_pressure: 1
19:16:29.147 > calculated_torque: 32
19:16:29.147 > throttle1_pos: (none)
19:16:29.147 > throttle2_pos: (none)
19:16:29.147 > startup_countdown: not started
19:16:29.147 > motor_control_message_pacing: started
19:16:29.649 > === ECU State ===
19:16:29.649 > car_fully_on: false
19:16:29.649 > start_switch_on: false
19:16:29.649 > brake_pressure: 1
19:16:29.649 > calculated_torque: 32
19:16:29.649 > throttle1_pos: (none)
19:16:29.649 > throttle2_pos: (none)
19:16:29.649 > startup_countdown: not started
19:16:29.649 > motor_control_message_pacing: started
19:16:30.148 > === ECU State ===
19:16:30.148 > car_fully_on: false
19:16:30.148 > start_switch_on: false
19:16:30.148 > brake_pressure: 1
19:16:30.148 > calculated_torque: 32
19:16:30.148 > throttle1_pos: (none)
19:16:30.148 > throttle2_pos: (none)
19:16:30.148 > startup_countdown: not started
19:16:30.148 > motor_control_message_pacing: started
19:16:30.646 > === ECU State ===
19:16:30.646 > car_fully_on: false
19:16:30.646 > start_switch_on: false
19:16:30.646 > brake_pressure: 2
19:16:30.646 > calculated_torque: 32
19:16:30.646 > throttle1_pos: (none)
19:16:30.646 > throttle2_pos: (none)
19:16:30.646 > startup_countdown: not started
19:16:30.646 > motor_control_message_pacing: started
19:16:31.147 > === ECU State ===
19:16:31.150 > car_fully_on: false
19:16:31.150 > start_switch_on: false
19:16:31.150 > brake_pressure: 1
19:16:31.150 > calculated_torque: 32
19:16:31.150 > throttle1_pos: (none)
19:16:31.150 > throttle2_pos: (none)
19:16:31.150 > startup_countdown: not started
19:16:31.150 > motor_control_message_pacing: started
19:16:31.649 > === ECU State ===
19:16:31.649 > car_fully_on: false
19:16:31.649 > start_switch_on: false
19:16:31.649 > brake_pressure: 1
19:16:31.649 > calculated_torque: 32
19:16:31.649 > throttle1_pos: (none)
19:16:31.649 > throttle2_pos: (none)
19:16:31.649 > startup_countdown: not started
19:16:31.649 > motor_control_message_pacing: started
19:16:32.146 > === ECU State ===
19:16:32.146 > car_fully_on: false
19:16:32.146 > start_switch_on: false
19:16:32.146 > brake_pressure: 0
19:16:32.146 > calculated_torque: 32
19:16:32.146 > throttle1_pos: (none)
19:16:32.146 > throttle2_pos: (none)
19:16:32.146 > startup_countdown: not started
19:16:32.146 > motor_control_message_pacing: started
19:16:32.646 > === ECU State ===
19:16:32.646 > car_fully_on: false
19:16:32.646 > start_switch_on: false
19:16:32.646 > brake_pressure: 0
19:16:32.646 > calculated_torque: 32
19:16:32.646 > throttle1_pos: (none)
19:16:32.646 > throttle2_pos: (none)
19:16:32.646 > startup_countdown: not started
19:16:32.646 > motor_control_message_pacing: started
19:16:33.146 > === ECU State ===
19:16:33.150 > car_fully_on: false
19:16:33.150 > start_switch_on: false
19:16:33.150 > brake_pressure: 0
19:16:33.150 > calculated_torque: 32
19:16:33.150 > throttle1_pos: (none)
19:16:33.150 > throttle2_pos: (none)
19:16:33.150 > startup_countdown: not started
19:16:33.150 > motor_control_message_pacing: started
19:16:33.646 > === ECU State ===
19:16:33.646 > car_fully_on: false
19:16:33.646 > start_switch_on: false
19:16:33.646 > brake_pressure: 1
19:16:33.646 > calculated_torque: 32
19:16:33.646 > throttle1_pos: (none)
19:16:33.646 > throttle2_pos: (none)
19:16:33.646 > startup_countdown: not started
19:16:33.646 > motor_control_message_pacing: started
19:16:34.146 > === ECU State ===
19:16:34.146 > car_fully_on: false
19:16:34.146 > start_switch_on: false
19:16:34.146 > brake_pressure: 1
19:16:34.146 > calculated_torque: 32
19:16:34.146 > throttle1_pos: (none)
19:16:34.146 > throttle2_pos: (none)
19:16:34.146 > startup_countdown: not started
19:16:34.146 > motor_control_message_pacing: started
19:16:34.646 > === ECU State ===
19:16:34.646 > car_fully_on: false
19:16:34.646 > start_switch_on: false
19:16:34.646 > brake_pressure: 1
19:16:34.646 > calculated_torque: 32
19:16:34.646 > throttle1_pos: (none)
19:16:34.646 > throttle2_pos: (none)
19:16:34.646 > startup_countdown: not started
19:16:34.646 > motor_control_message_pacing: started
19:16:35.146 > === ECU State ===
19:16:35.146 > car_fully_on: false
19:16:35.146 > start_switch_on: false
19:16:35.146 > brake_pressure: 3
19:16:35.146 > calculated_torque: 32
19:16:35.146 > throttle1_pos: (none)
19:16:35.146 > throttle2_pos: (none)
19:16:35.146 > startup_countdown: not started
19:16:35.146 > motor_control_message_pacing: started
19:16:35.647 > === ECU State ===
19:16:35.647 > car_fully_on: false
19:16:35.647 > start_switch_on: false
19:16:35.647 > brake_pressure: 1
19:16:35.647 > calculated_torque: 32
19:16:35.647 > throttle1_pos: (none)
19:16:35.647 > throttle2_pos: (none)
19:16:35.647 > startup_countdown: not started
19:16:35.647 > motor_control_message_pacing: started
19:16:36.148 > === ECU State ===
19:16:36.148 > car_fully_on: false
19:16:36.148 > start_switch_on: false
19:16:36.148 > brake_pressure: 1
19:16:36.148 > calculated_torque: 32
19:16:36.148 > throttle1_pos: (none)
19:16:36.148 > throttle2_pos: (none)
19:16:36.148 > startup_countdown: not started
19:16:36.148 > motor_control_message_pacing: started
19:16:36.647 > === ECU State ===
19:16:36.647 > car_fully_on: false
19:16:36.647 > start_switch_on: false
19:16:36.647 > brake_pressure: 1
19:16:36.647 > calculated_torque: 32
19:16:36.647 > throttle1_pos: (none)
19:16:36.647 > throttle2_pos: (none)
19:16:36.647 > startup_countdown: not started
19:16:36.647 > motor_control_message_pacing: started
19:16:37.147 > === ECU State ===
19:16:37.147 > car_fully_on: false
19:16:37.147 > start_switch_on: false
19:16:37.147 > brake_pressure: 2
19:16:37.147 > calculated_torque: 32
19:16:37.147 > throttle1_pos: (none)
19:16:37.147 > throttle2_pos: (none)
19:16:37.147 > startup_countdown: not started
19:16:37.147 > motor_control_message_pacing: started
19:16:37.647 > === ECU State ===
19:16:37.647 > car_fully_on: false
19:16:37.647 > start_switch_on: false
19:16:37.647 > brake_pressure: 1
19:16:37.647 > calculated_torque: 32
19:16:37.647 > throttle1_pos: (none)
19:16:37.647 > throttle2_pos: (none)
19:16:37.647 > startup_countdown: not started
19:16:37.647 > motor_control_message_pacing: started
19:16:38.146 > === ECU State ===
19:16:38.146 > car_fully_on: false
19:16:38.146 > start_switch_on: false
19:16:38.146 > brake_pressure: 1
19:16:38.146 > calculated_torque: 32
19:16:38.146 > throttle1_pos: (none)
19:16:38.146 > throttle2_pos: (none)
19:16:38.146 > startup_countdown: not started
19:16:38.146 > motor_control_message_pacing: started
19:16:38.649 > === ECU State ===
19:16:38.649 > car_fully_on: false
19:16:38.649 > start_switch_on: false
19:16:38.649 > brake_pressure: 1
19:16:38.649 > calculated_torque: 32
19:16:38.649 > throttle1_pos: (none)
19:16:38.649 > throttle2_pos: (none)
19:16:38.649 > startup_countdown: not started
19:16:38.649 > motor_control_message_pacing: started
19:16:39.149 > === ECU State ===
19:16:39.149 > car_fully_on: false
19:16:39.149 > start_switch_on: false
19:16:39.149 > brake_pressure: 1
19:16:39.149 > calculated_torque: 32
19:16:39.149 > throttle1_pos: (none)
19:16:39.149 > throttle2_pos: (none)
19:16:39.149 > startup_countdown: not started
19:16:39.149 > motor_control_message_pacing: started
19:16:39.646 > === ECU State ===
19:16:39.646 > car_fully_on: false
19:16:39.646 > start_switch_on: false
19:16:39.646 > brake_pressure: 1
19:16:39.646 > calculated_torque: 32
19:16:39.646 > throttle1_pos: (none)
19:16:39.646 > throttle2_pos: (none)
19:16:39.646 > startup_countdown: not started
19:16:39.646 > motor_control_message_pacing: started
19:16:40.146 > === ECU State ===
19:16:40.146 > car_fully_on: false
19:16:40.146 > start_switch_on: false
19:16:40.146 > brake_pressure: 1
19:16:40.146 > calculated_torque: 32
19:16:40.146 > throttle1_pos: (none)
19:16:40.146 > throttle2_pos: (none)
19:16:40.146 > startup_countdown: not started
19:16:40.146 > motor_control_message_pacing: started
19:16:40.649 > === ECU State ===
19:16:40.650 > car_fully_on: false
19:16:40.650 > start_switch_on: false
19:16:40.650 > brake_pressure: 2
19:16:40.650 > calculated_torque: 33
19:16:40.650 > throttle1_pos: (none)
19:16:40.650 > throttle2_pos: (none)
19:16:40.650 > startup_countdown: not started
19:16:40.650 > motor_control_message_pacing: started
19:16:41.148 > === ECU State ===
19:16:41.148 > car_fully_on: false
19:16:41.148 > start_switch_on: false
19:16:41.148 > brake_pressure: 2
19:16:41.148 > calculated_torque: 33
19:16:41.148 > throttle1_pos: (none)
19:16:41.148 > throttle2_pos: (none)
19:16:41.148 > startup_countdown: not started
19:16:41.148 > motor_control_message_pacing: started
19:16:41.649 > === ECU State ===
19:16:41.650 > car_fully_on: false
19:16:41.650 > start_switch_on: false
19:16:41.650 > brake_pressure: 1
19:16:41.650 > calculated_torque: 32
19:16:41.650 > throttle1_pos: (none)
19:16:41.650 > throttle2_pos: (none)
19:16:41.650 > startup_countdown: not started
19:16:41.650 > motor_control_message_pacing: started
19:16:42.146 > === ECU State ===
19:16:42.146 > car_fully_on: false
19:16:42.146 > start_switch_on: false
19:16:42.146 > brake_pressure: 1
19:16:42.146 > calculated_torque: 32
19:16:42.146 > throttle1_pos: (none)
19:16:42.146 > throttle2_pos: (none)
19:16:42.146 > startup_countdown: not started
19:16:42.146 > motor_control_message_pacing: started
19:16:42.648 > === ECU State ===
19:16:42.648 > car_fully_on: false
19:16:42.648 > start_switch_on: false
19:16:42.648 > brake_pressure: 1
19:16:42.648 > calculated_torque: 32
19:16:42.648 > throttle1_pos: (none)
19:16:42.648 > throttle2_pos: (none)
19:16:42.648 > startup_countdown: not started
19:16:42.648 > motor_control_message_pacing: started
19:16:43.148 > === ECU State ===
19:16:43.148 > car_fully_on: false
19:16:43.148 > start_switch_on: false
19:16:43.148 > brake_pressure: 1
19:16:43.148 > calculated_torque: 32
19:16:43.148 > throttle1_pos: (none)
19:16:43.148 > throttle2_pos: (none)
19:16:43.148 > startup_countdown: not started
19:16:43.148 > motor_control_message_pacing: started
19:16:43.647 > === ECU State ===
19:16:43.647 > car_fully_on: false
19:16:43.647 > start_switch_on: false
19:16:43.647 > brake_pressure: 1
19:16:43.647 > calculated_torque: 32
19:16:43.647 > throttle1_pos: (none)
19:16:43.647 > throttle2_pos: (none)
19:16:43.647 > startup_countdown: not started
19:16:43.647 > motor_control_message_pacing: started
19:16:44.146 > === ECU State ===
19:16:44.146 > car_fully_on: false
19:16:44.146 > start_switch_on: false
19:16:44.146 > brake_pressure: 1
19:16:44.146 > calculated_torque: 32
19:16:44.146 > throttle1_pos: (none)
19:16:44.146 > throttle2_pos: (none)
19:16:44.146 > startup_countdown: not started
19:16:44.146 > motor_control_message_pacing: started
19:16:44.649 > === ECU State ===
19:16:44.649 > car_fully_on: false
19:16:44.649 > start_switch_on: false
19:16:44.649 > brake_pressure: 1
19:16:44.649 > calculated_torque: 32
19:16:44.649 > throttle1_pos: (none)
19:16:44.649 > throttle2_pos: (none)
19:16:44.649 > startup_countdown: not started
19:16:44.649 > motor_control_message_pacing: started
19:16:45.147 > === ECU State ===
19:16:45.147 > car_fully_on: false
19:16:45.147 > start_switch_on: false
19:16:45.147 > brake_pressure: 1
19:16:45.147 > calculated_torque: 33
19:16:45.147 > throttle1_pos: (none)
19:16:45.147 > throttle2_pos: (none)
19:16:45.147 > startup_countdown: not started
19:16:45.147 > motor_control_message_pacing: started
19:16:45.646 > === ECU State ===
19:16:45.646 > car_fully_on: false
19:16:45.646 > start_switch_on: false
19:16:45.646 > brake_pressure: 1
19:16:45.646 > calculated_torque: 32
19:16:45.646 > throttle1_pos: (none)
19:16:45.646 > throttle2_pos: (none)
19:16:45.646 > startup_countdown: not started
19:16:45.646 > motor_control_message_pacing: started
19:16:46.146 > === ECU State ===
19:16:46.146 > car_fully_on: false
19:16:46.146 > start_switch_on: false
19:16:46.146 > brake_pressure: 1
19:16:46.146 > calculated_torque: 32
19:16:46.146 > throttle1_pos: (none)
19:16:46.146 > throttle2_pos: (none)
19:16:46.146 > startup_countdown: not started
19:16:46.146 > motor_control_message_pacing: started
19:16:46.646 > === ECU State ===
19:16:46.646 > car_fully_on: false
19:16:46.646 > start_switch_on: false
19:16:46.646 > brake_pressure: 1
19:16:46.646 > calculated_torque: 32
19:16:46.646 > throttle1_pos: (none)
19:16:46.646 > throttle2_pos: (none)
19:16:46.646 > startup_countdown: not started
19:16:46.646 > motor_control_message_pacing: started
19:16:47.146 > === ECU State ===
19:16:47.146 > car_fully_on: false
19:16:47.146 > start_switch_on: false
19:16:47.146 > brake_pressure: 1
19:16:47.146 > calculated_torque: 32
19:16:47.146 > throttle1_pos: (none)
19:16:47.146 > throttle2_pos: (none)
19:16:47.146 > startup_countdown: not started
19:16:47.146 > motor_control_message_pacing: started
19:16:47.646 > === ECU State ===
19:16:47.646 > car_fully_on: false
19:16:47.646 > start_switch_on: false
19:16:47.646 > brake_pressure: 1
19:16:47.646 > calculated_torque: 32
19:16:47.646 > throttle1_pos: (none)
19:16:47.646 > throttle2_pos: (none)
19:16:47.646 > startup_countdown: not started
19:16:47.646 > motor_control_message_pacing: started
19:16:48.147 > === ECU State ===
19:16:48.147 > car_fully_on: false
19:16:48.147 > start_switch_on: false
19:16:48.147 > brake_pressure: 1
19:16:48.147 > calculated_torque: 32
19:16:48.147 > throttle1_pos: (none)
19:16:48.147 > throttle2_pos: (none)
19:16:48.147 > startup_countdown: not started
19:16:48.147 > motor_control_message_pacing: started
19:16:48.647 > === ECU State ===
19:16:48.647 > car_fully_on: false
19:16:48.647 > start_switch_on: false
19:16:48.647 > brake_pressure: 2
19:16:48.647 > calculated_torque: 32
19:16:48.647 > throttle1_pos: (none)
19:16:48.647 > throttle2_pos: (none)
19:16:48.647 > startup_countdown: not started
19:16:48.647 > motor_control_message_pacing: started
19:16:49.146 > === ECU State ===
19:16:49.146 > car_fully_on: false
19:16:49.146 > start_switch_on: false
19:16:49.146 > brake_pressure: 2
19:16:49.146 > calculated_torque: 32
19:16:49.146 > throttle1_pos: (none)
19:16:49.146 > throttle2_pos: (none)
19:16:49.146 > startup_countdown: not started
19:16:49.146 > motor_control_message_pacing: started
19:16:49.649 > === ECU State ===
19:16:49.650 > car_fully_on: false
19:16:49.650 > start_switch_on: false
19:16:49.650 > brake_pressure: 1
19:16:49.650 > calculated_torque: 33
19:16:49.650 > throttle1_pos: (none)
19:16:49.650 > throttle2_pos: (none)
19:16:49.650 > startup_countdown: not started
19:16:49.650 > motor_control_message_pacing: started
19:16:50.148 > === ECU State ===
19:16:50.148 > car_fully_on: false
19:16:50.148 > start_switch_on: false
19:16:50.148 > brake_pressure: 1
19:16:50.148 > calculated_torque: 33
19:16:50.148 > throttle1_pos: (none)
19:16:50.148 > throttle2_pos: (none)
19:16:50.148 > startup_countdown: not started
19:16:50.148 > motor_control_message_pacing: started
19:16:50.647 > === ECU State ===
19:16:50.647 > car_fully_on: false
19:16:50.647 > start_switch_on: false
19:16:50.647 > brake_pressure: 1
19:16:50.647 > calculated_torque: 32
19:16:50.647 > throttle1_pos: (none)
19:16:50.647 > throttle2_pos: (none)
19:16:50.647 > startup_countdown: not started
19:16:50.647 > motor_control_message_pacing: started
19:16:51.146 > === ECU State ===
19:16:51.146 > car_fully_on: false
19:16:51.146 > start_switch_on: false
19:16:51.146 > brake_pressure: 1
19:16:51.146 > calculated_torque: 32
19:16:51.146 > throttle1_pos: (none)
19:16:51.146 > throttle2_pos: (none)
19:16:51.146 > startup_countdown: not started
19:16:51.146 > motor_control_message_pacing: started
19:16:51.646 > === ECU State ===
19:16:51.646 > car_fully_on: false
19:16:51.646 > start_switch_on: false
19:16:51.646 > brake_pressure: 2
19:16:51.646 > calculated_torque: 32
19:16:51.646 > throttle1_pos: (none)
19:16:51.646 > throttle2_pos: (none)
19:16:51.646 > startup_countdown: not started
19:16:51.646 > motor_control_message_pacing: started
19:16:52.150 > === ECU State ===
19:16:52.166 > car_fully_on: false
19:16:52.166 > start_switch_on: false
19:16:52.166 > brake_pressure: 1
19:16:52.166 > calculated_torque: 32
19:16:52.166 > throttle1_pos: (none)
19:16:52.166 > throttle2_pos: (none)
19:16:52.166 > startup_countdown: not started
19:16:52.166 > motor_control_message_pacing: started
19:16:52.648 > === ECU State ===
19:16:52.648 > car_fully_on: false
19:16:52.648 > start_switch_on: false
19:16:52.648 > brake_pressure: 1
19:16:52.648 > calculated_torque: 32
19:16:52.648 > throttle1_pos: (none)
19:16:52.648 > throttle2_pos: (none)
19:16:52.648 > startup_countdown: not started
19:16:52.648 > motor_control_message_pacing: started
19:16:53.146 > === ECU State ===
19:16:53.146 > car_fully_on: false
19:16:53.146 > start_switch_on: false
19:16:53.146 > brake_pressure: 1
19:16:53.146 > calculated_torque: 32
19:16:53.146 > throttle1_pos: (none)
19:16:53.146 > throttle2_pos: (none)
19:16:53.146 > startup_countdown: not started
19:16:53.146 > motor_control_message_pacing: started
19:16:53.648 > === ECU State ===
19:16:53.648 > car_fully_on: false
19:16:53.648 > start_switch_on: false
19:16:53.648 > brake_pressure: 1
19:16:53.648 > calculated_torque: 32
19:16:53.648 > throttle1_pos: (none)
19:16:53.648 > throttle2_pos: (none)
19:16:53.648 > startup_countdown: not started
19:16:53.648 > motor_control_message_pacing: started
19:16:54.148 > === ECU State ===
19:16:54.148 > car_fully_on: false
19:16:54.148 > start_switch_on: false
19:16:54.148 > brake_pressure: 1
19:16:54.148 > calculated_torque: 32
19:16:54.148 > throttle1_pos: (none)
19:16:54.148 > throttle2_pos: (none)
19:16:54.148 > startup_countdown: not started
19:16:54.148 > motor_control_message_pacing: started
19:16:54.647 > === ECU State ===
19:16:54.647 > car_fully_on: false
19:16:54.647 > start_switch_on: false
19:16:54.647 > brake_pressure: 0
19:16:54.647 > calculated_torque: 32
19:16:54.647 > throttle1_pos: (none)
19:16:54.647 > throttle2_pos: (none)
19:16:54.647 > startup_countdown: not started
19:16:54.647 > motor_control_message_pacing: started
19:16:55.147 > === ECU State ===
19:16:55.147 > car_fully_on: false
19:16:55.147 > start_switch_on: false
19:16:55.147 > brake_pressure: 1
19:16:55.147 > calculated_torque: 32
19:16:55.147 > throttle1_pos: (none)
19:16:55.147 > throttle2_pos: (none)
19:16:55.147 > startup_countdown: not started
19:16:55.147 > motor_control_message_pacing: started
19:16:55.646 > === ECU State ===
19:16:55.646 > car_fully_on: false
19:16:55.646 > start_switch_on: false
19:16:55.646 > brake_pressure: 1
19:16:55.646 > calculated_torque: 32
19:16:55.646 > throttle1_pos: (none)
19:16:55.646 > throttle2_pos: (none)
19:16:55.646 > startup_countdown: not started
19:16:55.646 > motor_control_message_pacing: started
19:16:56.147 > === ECU State ===
19:16:56.147 > car_fully_on: false
19:16:56.147 > start_switch_on: false
19:16:56.147 > brake_pressure: 1
19:16:56.147 > calculated_torque: 33
19:16:56.147 > throttle1_pos: (none)
19:16:56.147 > throttle2_pos: (none)
19:16:56.147 > startup_countdown: not started
19:16:56.147 > motor_control_message_pacing: started
19:16:56.646 > === ECU State ===
19:16:56.650 > car_fully_on: false
19:16:56.650 > start_switch_on: false
19:16:56.650 > brake_pressure: 0
19:16:56.650 > calculated_torque: 32
19:16:56.650 > throttle1_pos: (none)
19:16:56.650 > throttle2_pos: (none)
19:16:56.650 > startup_countdown: not started
19:16:56.650 > motor_control_message_pacing: started
19:16:57.146 > === ECU State ===
19:16:57.146 > car_fully_on: false
19:16:57.146 > start_switch_on: false
19:16:57.146 > brake_pressure: 1
19:16:57.146 > calculated_torque: 32
19:16:57.146 > throttle1_pos: (none)
19:16:57.146 > throttle2_pos: (none)
19:16:57.146 > startup_countdown: not started
19:16:57.146 > motor_control_message_pacing: started
19:16:57.646 > === ECU State ===
19:16:57.646 > car_fully_on: false
19:16:57.646 > start_switch_on: false
19:16:57.646 > brake_pressure: 1
19:16:57.646 > calculated_torque: 32
19:16:57.646 > throttle1_pos: (none)
19:16:57.646 > throttle2_pos: (none)
19:16:57.646 > startup_countdown: not started
19:16:57.646 > motor_control_message_pacing: started
19:16:58.147 > === ECU State ===
19:16:58.150 > car_fully_on: false
19:16:58.150 > start_switch_on: false
19:16:58.150 > brake_pressure: 1
19:16:58.150 > calculated_torque: 32
19:16:58.150 > throttle1_pos: (none)
19:16:58.150 > throttle2_pos: (none)
19:16:58.150 > startup_countdown: not started
19:16:58.150 > motor_control_message_pacing: started
19:16:58.646 > === ECU State ===
19:16:58.646 > car_fully_on: false
19:16:58.646 > start_switch_on: false
19:16:58.646 > brake_pressure: 1
19:16:58.646 > calculated_torque: 32
19:16:58.646 > throttle1_pos: (none)
19:16:58.646 > throttle2_pos: (none)
19:16:58.646 > startup_countdown: not started
19:16:58.646 > motor_control_message_pacing: started
19:16:59.148 > === ECU State ===
19:16:59.148 > car_fully_on: false
19:16:59.148 > start_switch_on: false
19:16:59.148 > brake_pressure: 0
19:16:59.148 > calculated_torque: 32
19:16:59.148 > throttle1_pos: (none)
19:16:59.148 > throttle2_pos: (none)
19:16:59.148 > startup_countdown: not started
19:16:59.148 > motor_control_message_pacing: started
19:16:59.646 > === ECU State ===
19:16:59.646 > car_fully_on: false
19:16:59.646 > start_switch_on: false
19:16:59.646 > brake_pressure: 2
19:16:59.646 > calculated_torque: 32
19:16:59.646 > throttle1_pos: (none)
19:16:59.646 > throttle2_pos: (none)
19:16:59.646 > startup_countdown: not started
19:16:59.646 > motor_control_message_pacing: started
19:17:00.148 > === ECU State ===
19:17:00.150 > car_fully_on: false
19:17:00.150 > start_switch_on: false
19:17:00.150 > brake_pressure: 0
19:17:00.150 > calculated_torque: 32
19:17:00.150 > throttle1_pos: (none)
19:17:00.150 > throttle2_pos: (none)
19:17:00.150 > startup_countdown: not started
19:17:00.150 > motor_control_message_pacing: started
19:17:00.646 > === ECU State ===
19:17:00.646 > car_fully_on: false
19:17:00.646 > start_switch_on: false
19:17:00.646 > brake_pressure: 1
19:17:00.646 > calculated_torque: 32
19:17:00.646 > throttle1_pos: (none)
19:17:00.646 > throttle2_pos: (none)
19:17:00.646 > startup_countdown: not started
19:17:00.646 > motor_control_message_pacing: started
19:17:01.147 > === ECU State ===
19:17:01.147 > car_fully_on: false
19:17:01.147 > start_switch_on: false
19:17:01.147 > brake_pressure: 1
19:17:01.147 > calculated_torque: 32
19:17:01.147 > throttle1_pos: (none)
19:17:01.147 > throttle2_pos: (none)
19:17:01.147 > startup_countdown: not started
19:17:01.147 > motor_control_message_pacing: started
19:17:01.646 > === ECU State ===
19:17:01.646 > car_fully_on: false
19:17:01.646 > start_switch_on: false
19:17:01.646 > brake_pressure: 2
19:17:01.646 > calculated_torque: 32
19:17:01.646 > throttle1_pos: (none)
19:17:01.646 > throttle2_pos: (none)
19:17:01.646 > startup_countdown: not started
19:17:01.646 > motor_control_message_pacing: started
19:17:02.146 > === ECU State ===
19:17:02.146 > car_fully_on: false
19:17:02.146 > start_switch_on: false
19:17:02.146 > brake_pressure: 1
19:17:02.146 > calculated_torque: 32
19:17:02.146 > throttle1_pos: (none)
19:17:02.146 > throttle2_pos: (none)
19:17:02.146 > startup_countdown: not started
19:17:02.146 > motor_control_message_pacing: started
19:17:02.650 > === ECU State ===
19:17:02.650 > car_fully_on: false
19:17:02.650 > start_switch_on: false
19:17:02.650 > brake_pressure: 1
19:17:02.650 > calculated_torque: 32
19:17:02.650 > throttle1_pos: (none)
19:17:02.650 > throttle2_pos: (none)
19:17:02.650 > startup_countdown: not started
19:17:02.650 > motor_control_message_pacing: started
19:17:03.147 > === ECU State ===
19:17:03.147 > car_fully_on: false
19:17:03.147 > start_switch_on: false
19:17:03.147 > brake_pressure: 1
19:17:03.147 > calculated_torque: 32
19:17:03.147 > throttle1_pos: (none)
19:17:03.147 > throttle2_pos: (none)
19:17:03.147 > startup_countdown: not started
19:17:03.147 > motor_control_message_pacing: started
19:17:03.646 > === ECU State ===
19:17:03.646 > car_fully_on: false
19:17:03.646 > start_switch_on: false
19:17:03.646 > brake_pressure: 1
19:17:03.646 > calculated_torque: 32
19:17:03.646 > throttle1_pos: (none)
19:17:03.646 > throttle2_pos: (none)
19:17:03.646 > startup_countdown: not started
19:17:03.646 > motor_control_message_pacing: started
19:17:04.147 > === ECU State ===
19:17:04.147 > car_fully_on: false
19:17:04.147 > start_switch_on: false
19:17:04.147 > brake_pressure: 1
19:17:04.147 > calculated_torque: 32
19:17:04.147 > throttle1_pos: (none)
19:17:04.147 > throttle2_pos: (none)
19:17:04.147 > startup_countdown: not started
19:17:04.147 > motor_control_message_pacing: started
19:17:04.646 > === ECU State ===
19:17:04.646 > car_fully_on: false
19:17:04.646 > start_switch_on: false
19:17:04.646 > brake_pressure: 1
19:17:04.646 > calculated_torque: 32
19:17:04.646 > throttle1_pos: (none)
19:17:04.646 > throttle2_pos: (none)
19:17:04.646 > startup_countdown: not started
19:17:04.646 > motor_control_message_pacing: started
19:17:05.146 > === ECU State ===
19:17:05.146 > car_fully_on: false
19:17:05.146 > start_switch_on: false
19:17:05.146 > brake_pressure: 1
19:17:05.146 > calculated_torque: 32
19:17:05.146 > throttle1_pos: (none)
19:17:05.146 > throttle2_pos: (none)
19:17:05.146 > startup_countdown: not started
19:17:05.146 > motor_control_message_pacing: started
19:17:05.649 > === ECU State ===
19:17:05.649 > car_fully_on: false
19:17:05.649 > start_switch_on: false
19:17:05.649 > brake_pressure: 1
19:17:05.649 > calculated_torque: 32
19:17:05.649 > throttle1_pos: (none)
19:17:05.649 > throttle2_pos: (none)
19:17:05.649 > startup_countdown: not started
19:17:05.649 > motor_control_message_pacing: started
19:17:06.149 > === ECU State ===
19:17:06.149 > car_fully_on: false
19:17:06.149 > start_switch_on: false
19:17:06.149 > brake_pressure: 1
19:17:06.149 > calculated_torque: 32
19:17:06.149 > throttle1_pos: (none)
19:17:06.149 > throttle2_pos: (none)
19:17:06.149 > startup_countdown: not started
19:17:06.149 > motor_control_message_pacing: started
19:17:06.647 > === ECU State ===
19:17:06.647 > car_fully_on: false
19:17:06.647 > start_switch_on: false
19:17:06.647 > brake_pressure: 1
19:17:06.647 > calculated_torque: 32
19:17:06.647 > throttle1_pos: (none)
19:17:06.647 > throttle2_pos: (none)
19:17:06.647 > startup_countdown: not started
19:17:06.647 > motor_control_message_pacing: started
19:17:07.148 > === ECU State ===
19:17:07.148 > car_fully_on: false
19:17:07.148 > start_switch_on: false
19:17:07.148 > brake_pressure: 1
19:17:07.148 > calculated_torque: 32
19:17:07.148 > throttle1_pos: 0
19:17:07.148 > throttle2_pos: (none)
19:17:07.148 > startup_countdown: not started
19:17:07.148 > motor_control_message_pacing: started
19:17:07.646 > === ECU State ===
19:17:07.646 > car_fully_on: false
19:17:07.646 > start_switch_on: false
19:17:07.646 > brake_pressure: 1
19:17:07.646 > calculated_torque: 32
19:17:07.646 > throttle1_pos: 0
19:17:07.646 > throttle2_pos: (none)
19:17:07.646 > startup_countdown: not started
19:17:07.646 > motor_control_message_pacing: started
19:17:08.150 > === ECU State ===
19:17:08.150 > car_fully_on: false
19:17:08.150 > start_switch_on: false
19:17:08.150 > brake_pressure: 1
19:17:08.150 > calculated_torque: 32
19:17:08.150 > throttle1_pos: (none)
19:17:08.150 > throttle2_pos: 130
19:17:08.150 > startup_countdown: not started
19:17:08.150 > motor_control_message_pacing: started
19:17:08.647 > === ECU State ===
19:17:08.647 > car_fully_on: false
19:17:08.647 > start_switch_on: false
19:17:08.647 > brake_pressure: 1
19:17:08.647 > calculated_torque: 32
19:17:08.647 > throttle1_pos: (none)
19:17:08.647 > throttle2_pos: 130
19:17:08.647 > startup_countdown: not started
19:17:08.647 > motor_control_message_pacing: started
19:17:09.146 > === ECU State ===
19:17:09.146 > car_fully_on: false
19:17:09.146 > start_switch_on: false
19:17:09.146 > brake_pressure: 1
19:17:09.146 > calculated_torque: 32
19:17:09.146 > throttle1_pos: (none)
19:17:09.146 > throttle2_pos: 130
19:17:09.146 > startup_countdown: not started
19:17:09.146 > motor_control_message_pacing: started
19:17:09.648 > === ECU State ===
19:17:09.648 > car_fully_on: false
19:17:09.648 > start_switch_on: false
19:17:09.648 > brake_pressure: 1
19:17:09.648 > calculated_torque: 32
19:17:09.648 > throttle1_pos: (none)
19:17:09.648 > throttle2_pos: 130
19:17:09.648 > startup_countdown: not started
19:17:09.648 > motor_control_message_pacing: started
19:17:10.146 > === ECU State ===
19:17:10.146 > car_fully_on: false
19:17:10.146 > start_switch_on: false
19:17:10.146 > brake_pressure: 1
19:17:10.146 > calculated_torque: 32
19:17:10.146 > throttle1_pos: (none)
19:17:10.146 > throttle2_pos: 130
19:17:10.146 > startup_countdown: not started
19:17:10.146 > motor_control_message_pacing: started
19:17:10.646 > === ECU State ===
19:17:10.646 > car_fully_on: false
19:17:10.646 > start_switch_on: false
19:17:10.646 > brake_pressure: 1
19:17:10.646 > calculated_torque: 32
19:17:10.646 > throttle1_pos: (none)
19:17:10.646 > throttle2_pos: 130
19:17:10.646 > startup_countdown: not started
19:17:10.646 > motor_control_message_pacing: started
19:17:11.146 > === ECU State ===
19:17:11.146 > car_fully_on: false
19:17:11.146 > start_switch_on: false
19:17:11.146 > brake_pressure: 0
19:17:11.146 > calculated_torque: 32
19:17:11.146 > throttle1_pos: (none)
19:17:11.146 > throttle2_pos: 130
19:17:11.146 > startup_countdown: not started
19:17:11.146 > motor_control_message_pacing: started
19:17:11.646 > === ECU State ===
19:17:11.646 > car_fully_on: false
19:17:11.646 > start_switch_on: false
19:17:11.646 > brake_pressure: 1
19:17:11.646 > calculated_torque: 32
19:17:11.646 > throttle1_pos: (none)
19:17:11.646 > throttle2_pos: 130
19:17:11.646 > startup_countdown: not started
19:17:11.646 > motor_control_message_pacing: started
19:17:12.150 > === ECU State ===
19:17:12.150 > car_fully_on: false
19:17:12.150 > start_switch_on: false
19:17:12.150 > brake_pressure: 2
19:17:12.150 > calculated_torque: 32
19:17:12.150 > throttle1_pos: (none)
19:17:12.150 > throttle2_pos: 130
19:17:12.150 > startup_countdown: not started
19:17:12.150 > motor_control_message_pacing: started
19:17:12.646 > === ECU State ===
19:17:12.646 > car_fully_on: false
19:17:12.646 > start_switch_on: false
19:17:12.646 > brake_pressure: 1
19:17:12.646 > calculated_torque: 32
19:17:12.646 > throttle1_pos: (none)
19:17:12.646 > throttle2_pos: 130
19:17:12.646 > startup_countdown: not started
19:17:12.646 > motor_control_message_pacing: started
19:17:13.147 > === ECU State ===
19:17:13.147 > car_fully_on: false
19:17:13.147 > start_switch_on: false
19:17:13.147 > brake_pressure: 1
19:17:13.147 > calculated_torque: 32
19:17:13.147 > throttle1_pos: (none)
19:17:13.147 > throttle2_pos: 130
19:17:13.147 > startup_countdown: not started
19:17:13.147 > motor_control_message_pacing: started
19:17:13.647 > === ECU State ===
19:17:13.647 > car_fully_on: false
19:17:13.647 > start_switch_on: false
19:17:13.647 > brake_pressure: 1
19:17:13.647 > calculated_torque: 32
19:17:13.647 > throttle1_pos: (none)
19:17:13.647 > throttle2_pos: 130
19:17:13.647 > startup_countdown: not started
19:17:13.647 > motor_control_message_pacing: started
19:17:14.148 > === ECU State ===
19:17:14.148 > car_fully_on: false
19:17:14.148 > start_switch_on: false
19:17:14.148 > brake_pressure: 1
19:17:14.148 > calculated_torque: 32
19:17:14.148 > throttle1_pos: (none)
19:17:14.148 > throttle2_pos: 130
19:17:14.148 > startup_countdown: not started
19:17:14.148 > motor_control_message_pacing: started
19:17:14.647 > === ECU State ===
19:17:14.650 > car_fully_on: false
19:17:14.650 > start_switch_on: false
19:17:14.650 > brake_pressure: 1
19:17:14.650 > calculated_torque: 32
19:17:14.650 > throttle1_pos: (none)
19:17:14.650 > throttle2_pos: 130
19:17:14.650 > startup_countdown: not started
19:17:14.650 > motor_control_message_pacing: started
19:17:15.148 > === ECU State ===
19:17:15.148 > car_fully_on: false
19:17:15.148 > start_switch_on: false
19:17:15.148 > brake_pressure: 1
19:17:15.148 > calculated_torque: 32
19:17:15.148 > throttle1_pos: (none)
19:17:15.148 > throttle2_pos: 130
19:17:15.148 > startup_countdown: not started
19:17:15.148 > motor_control_message_pacing: started
19:17:15.647 > === ECU State ===
19:17:15.647 > car_fully_on: false
19:17:15.647 > start_switch_on: false
19:17:15.647 > brake_pressure: 0
19:17:15.647 > calculated_torque: 32
19:17:15.647 > throttle1_pos: (none)
19:17:15.647 > throttle2_pos: 130
19:17:15.647 > startup_countdown: not started
19:17:15.647 > motor_control_message_pacing: started
19:17:16.147 > === ECU State ===
19:17:16.147 > car_fully_on: false
19:17:16.147 > start_switch_on: false
19:17:16.147 > brake_pressure: 0
19:17:16.147 > calculated_torque: 32
19:17:16.147 > throttle1_pos: (none)
19:17:16.147 > throttle2_pos: 130
19:17:16.147 > startup_countdown: not started
19:17:16.147 > motor_control_message_pacing: started
19:17:16.649 > === ECU State ===
19:17:16.649 > car_fully_on: false
19:17:16.649 > start_switch_on: false
19:17:16.649 > brake_pressure: 0
19:17:16.649 > calculated_torque: 32
19:17:16.649 > throttle1_pos: (none)
19:17:16.649 > throttle2_pos: 130
19:17:16.649 > startup_countdown: not started
19:17:16.649 > motor_control_message_pacing: started
19:17:17.146 > === ECU State ===
19:17:17.146 > car_fully_on: false
19:17:17.146 > start_switch_on: false
19:17:17.146 > brake_pressure: 1
19:17:17.146 > calculated_torque: 32
19:17:17.146 > throttle1_pos: (none)
19:17:17.146 > throttle2_pos: 130
19:17:17.146 > startup_countdown: not started
19:17:17.146 > motor_control_message_pacing: started
19:17:17.646 > === ECU State ===
19:17:17.646 > car_fully_on: false
19:17:17.646 > start_switch_on: false
19:17:17.646 > brake_pressure: 1
19:17:17.646 > calculated_torque: 32
19:17:17.646 > throttle1_pos: (none)
19:17:17.646 > throttle2_pos: 130
19:17:17.646 > startup_countdown: not started
19:17:17.646 > motor_control_message_pacing: started
19:17:18.146 > === ECU State ===
19:17:18.151 > car_fully_on: false
19:17:18.151 > start_switch_on: false
19:17:18.151 > brake_pressure: 1
19:17:18.151 > calculated_torque: 32
19:17:18.151 > throttle1_pos: (none)
19:17:18.151 > throttle2_pos: 130
19:17:18.151 > startup_countdown: not started
19:17:18.151 > motor_control_message_pacing: started
19:17:18.647 > === ECU State ===
19:17:18.647 > car_fully_on: false
19:17:18.647 > start_switch_on: false
19:17:18.647 > brake_pressure: 0
19:17:18.647 > calculated_torque: 32
19:17:18.647 > throttle1_pos: (none)
19:17:18.647 > throttle2_pos: 130
19:17:18.647 > startup_countdown: not started
19:17:18.647 > motor_control_message_pacing: started
19:17:19.146 > === ECU State ===
19:17:19.146 > car_fully_on: false
19:17:19.146 > start_switch_on: false
19:17:19.146 > brake_pressure: 1
19:17:19.146 > calculated_torque: 32
19:17:19.146 > throttle1_pos: (none)
19:17:19.146 > throttle2_pos: 130
19:17:19.146 > startup_countdown: not started
19:17:19.146 > motor_control_message_pacing: started
19:17:19.646 > === ECU State ===
19:17:19.646 > car_fully_on: false
19:17:19.646 > start_switch_on: false
19:17:19.646 > brake_pressure: 1
19:17:19.646 > calculated_torque: 32
19:17:19.646 > throttle1_pos: (none)
19:17:19.646 > throttle2_pos: 130
19:17:19.646 > startup_countdown: not started
19:17:19.646 > motor_control_message_pacing: started
19:17:20.146 > === ECU State ===
19:17:20.146 > car_fully_on: false
19:17:20.146 > start_switch_on: false
19:17:20.146 > brake_pressure: 1
19:17:20.146 > calculated_torque: 32
19:17:20.146 > throttle1_pos: (none)
19:17:20.146 > throttle2_pos: 130
19:17:20.146 > startup_countdown: not started
19:17:20.146 > motor_control_message_pacing: started
19:17:20.649 > === ECU State ===
19:17:20.650 > car_fully_on: false
19:17:20.650 > start_switch_on: false
19:17:20.650 > brake_pressure: 2
19:17:20.650 > calculated_torque: 32
19:17:20.650 > throttle1_pos: (none)
19:17:20.650 > throttle2_pos: 130
19:17:20.650 > startup_countdown: not started
19:17:20.650 > motor_control_message_pacing: started
19:17:21.148 > === ECU State ===
19:17:21.150 > car_fully_on: false
19:17:21.150 > start_switch_on: false
19:17:21.150 > brake_pressure: 1
19:17:21.150 > calculated_torque: 32
19:17:21.150 > throttle1_pos: (none)
19:17:21.150 > throttle2_pos: 130
19:17:21.150 > startup_countdown: not started
19:17:21.150 > motor_control_message_pacing: started
19:17:21.648 > === ECU State ===
19:17:21.648 > car_fully_on: false
19:17:21.648 > start_switch_on: false
19:17:21.648 > brake_pressure: 1
19:17:21.648 > calculated_torque: 32
19:17:21.648 > throttle1_pos: (none)
19:17:21.648 > throttle2_pos: 130
19:17:21.648 > startup_countdown: not started
19:17:21.648 > motor_control_message_pacing: started
19:17:22.146 > === ECU State ===
19:17:22.146 > car_fully_on: false
19:17:22.146 > start_switch_on: false
19:17:22.146 > brake_pressure: 1
19:17:22.146 > calculated_torque: 32
19:17:22.146 > throttle1_pos: (none)
19:17:22.146 > throttle2_pos: 130
19:17:22.146 > startup_countdown: not started
19:17:22.146 > motor_control_message_pacing: started
19:17:22.649 > === ECU State ===
19:17:22.649 > car_fully_on: false
19:17:22.649 > start_switch_on: false
19:17:22.649 > brake_pressure: 1
19:17:22.649 > calculated_torque: 32
19:17:22.649 > throttle1_pos: (none)
19:17:22.649 > throttle2_pos: 130
19:17:22.649 > startup_countdown: not started
19:17:22.649 > motor_control_message_pacing: started
19:17:23.146 > === ECU State ===
19:17:23.146 > car_fully_on: false
19:17:23.146 > start_switch_on: false
19:17:23.146 > brake_pressure: 1
19:17:23.146 > calculated_torque: 32
19:17:23.146 > throttle1_pos: (none)
19:17:23.146 > throttle2_pos: 130
19:17:23.146 > startup_countdown: not started
19:17:23.146 > motor_control_message_pacing: started
19:17:23.646 > === ECU State ===
19:17:23.646 > car_fully_on: false
19:17:23.646 > start_switch_on: false
19:17:23.646 > brake_pressure: 0
19:17:23.646 > calculated_torque: 32
19:17:23.646 > throttle1_pos: (none)
19:17:23.646 > throttle2_pos: 130
19:17:23.646 > startup_countdown: not started
19:17:23.646 > motor_control_message_pacing: started
19:17:24.146 > === ECU State ===
19:17:24.146 > car_fully_on: false
19:17:24.146 > start_switch_on: false
19:17:24.146 > brake_pressure: 1
19:17:24.146 > calculated_torque: 32
19:17:24.146 > throttle1_pos: (none)
19:17:24.146 > throttle2_pos: 130
19:17:24.146 > startup_countdown: not started
19:17:24.146 > motor_control_message_pacing: started
19:17:24.646 > === ECU State ===
19:17:24.646 > car_fully_on: false
19:17:24.646 > start_switch_on: false
19:17:24.646 > brake_pressure: 1
19:17:24.646 > calculated_torque: 32
19:17:24.646 > throttle1_pos: (none)
19:17:24.646 > throttle2_pos: 130
19:17:24.646 > startup_countdown: not started
19:17:24.646 > motor_control_message_pacing: started
19:17:25.146 > === ECU State ===
19:17:25.146 > car_fully_on: false
19:17:25.146 > start_switch_on: false
19:17:25.146 > brake_pressure: 1
19:17:25.146 > calculated_torque: 32
19:17:25.146 > throttle1_pos: (none)
19:17:25.146 > throttle2_pos: 130
19:17:25.146 > startup_countdown: not started
19:17:25.146 > motor_control_message_pacing: started
19:17:25.647 > === ECU State ===
19:17:25.647 > car_fully_on: false
19:17:25.647 > start_switch_on: false
19:17:25.647 > brake_pressure: 1
19:17:25.647 > calculated_torque: 32
19:17:25.647 > throttle1_pos: (none)
19:17:25.647 > throttle2_pos: 130
19:17:25.647 > startup_countdown: not started
19:17:25.647 > motor_control_message_pacing: started
19:17:26.146 > === ECU State ===
19:17:26.146 > car_fully_on: false
19:17:26.146 > start_switch_on: false
19:17:26.146 > brake_pressure: 1
19:17:26.146 > calculated_torque: 32
19:17:26.146 > throttle1_pos: (none)
19:17:26.146 > throttle2_pos: 130
19:17:26.146 > startup_countdown: not started
19:17:26.146 > motor_control_message_pacing: started
19:17:26.646 > === ECU State ===
19:17:26.646 > car_fully_on: false
19:17:26.646 > start_switch_on: false
19:17:26.646 > brake_pressure: 1
19:17:26.646 > calculated_torque: 32
19:17:26.646 > throttle1_pos: (none)
19:17:26.646 > throttle2_pos: 130
19:17:26.646 > startup_countdown: not started
19:17:26.646 > motor_control_message_pacing: started
19:17:27.146 > === ECU State ===
19:17:27.146 > car_fully_on: false
19:17:27.146 > start_switch_on: false
19:17:27.146 > brake_pressure: 1
19:17:27.146 > calculated_torque: 32
19:17:27.146 > throttle1_pos: (none)
19:17:27.146 > throttle2_pos: 130
19:17:27.146 > startup_countdown: not started
19:17:27.146 > motor_control_message_pacing: started
19:17:27.645 > === ECU State ===
19:17:27.645 > car_fully_on: false
19:17:27.645 > start_switch_on: false
19:17:27.645 > brake_pressure: 1
19:17:27.645 > calculated_torque: 33
19:17:27.645 > throttle1_pos: (none)
19:17:27.645 > throttle2_pos: 130
19:17:27.645 > startup_countdown: not started
19:17:27.645 > motor_control_message_pacing: started
19:17:28.146 > === ECU State ===
19:17:28.146 > car_fully_on: false
19:17:28.146 > start_switch_on: false
19:17:28.146 > brake_pressure: 1
19:17:28.146 > calculated_torque: 32
19:17:28.146 > throttle1_pos: (none)
19:17:28.146 > throttle2_pos: 130
19:17:28.146 > startup_countdown: not started
19:17:28.146 > motor_control_message_pacing: started
19:17:28.647 > === ECU State ===
19:17:28.647 > car_fully_on: false
19:17:28.647 > start_switch_on: false
19:17:28.647 > brake_pressure: 1
19:17:28.647 > calculated_torque: 32
19:17:28.647 > throttle1_pos: (none)
19:17:28.647 > throttle2_pos: 130
19:17:28.647 > startup_countdown: not started
19:17:28.647 > motor_control_message_pacing: started
19:17:29.149 > === ECU State ===
19:17:29.149 > car_fully_on: false
19:17:29.149 > start_switch_on: false
19:17:29.149 > brake_pressure: 1
19:17:29.149 > calculated_torque: 32
19:17:29.149 > throttle1_pos: (none)
19:17:29.149 > throttle2_pos: 130
19:17:29.149 > startup_countdown: not started
19:17:29.149 > motor_control_message_pacing: started
19:17:29.647 > === ECU State ===
19:17:29.647 > car_fully_on: false
19:17:29.647 > start_switch_on: false
19:17:29.647 > brake_pressure: 1
19:17:29.647 > calculated_torque: 32
19:17:29.647 > throttle1_pos: (none)
19:17:29.647 > throttle2_pos: 130
19:17:29.647 > startup_countdown: not started
19:17:29.647 > motor_control_message_pacing: started
19:17:30.146 > === ECU State ===
19:17:30.146 > car_fully_on: false
19:17:30.146 > start_switch_on: true
19:17:30.146 > brake_pressure: 1
19:17:30.146 > calculated_torque: 32
19:17:30.146 > throttle1_pos: (none)
19:17:30.146 > throttle2_pos: 130
19:17:30.146 > startup_countdown: started
19:17:30.146 > motor_control_message_pacing: started
19:17:30.646 > === ECU State ===
19:17:30.646 > car_fully_on: false
19:17:30.646 > start_switch_on: true
19:17:30.646 > brake_pressure: 1
19:17:30.646 > calculated_torque: 32
19:17:30.646 > throttle1_pos: (none)
19:17:30.646 > throttle2_pos: 130
19:17:30.646 > startup_countdown: started
19:17:30.646 > motor_control_message_pacing: started
19:17:31.146 > === ECU State ===
19:17:31.146 > car_fully_on: false
19:17:31.146 > start_switch_on: true
19:17:31.146 > brake_pressure: 1
19:17:31.146 > calculated_torque: 32
19:17:31.146 > throttle1_pos: (none)
19:17:31.146 > throttle2_pos: 130
19:17:31.146 > startup_countdown: started
19:17:31.146 > motor_control_message_pacing: started
19:17:31.648 > === ECU State ===
19:17:31.648 > car_fully_on: false
19:17:31.648 > start_switch_on: true
19:17:31.648 > brake_pressure: 1
19:17:31.648 > calculated_torque: 32
19:17:31.648 > throttle1_pos: (none)
19:17:31.648 > throttle2_pos: 130
19:17:31.648 > startup_countdown: started
19:17:31.648 > motor_control_message_pacing: started
19:17:32.146 > === ECU State ===
19:17:32.146 > car_fully_on: true
19:17:32.146 > start_switch_on: true
19:17:32.146 > brake_pressure: 1
19:17:32.146 > calculated_torque: 32
19:17:32.146 > throttle1_pos: (none)
19:17:32.146 > throttle2_pos: 130
19:17:32.146 > startup_countdown: not started
19:17:32.146 > motor_control_message_pacing: started
19:17:32.647 > === ECU State ===
19:17:32.647 > car_fully_on: true
19:17:32.647 > start_switch_on: true
19:17:32.647 > brake_pressure: 11
19:17:32.647 > calculated_torque: 32
19:17:32.647 > throttle1_pos: (none)
19:17:32.647 > throttle2_pos: 131
19:17:32.647 > startup_countdown: not started
19:17:32.647 > motor_control_message_pacing: started
19:17:33.147 > === ECU State ===
19:17:33.151 > car_fully_on: true
19:17:33.151 > start_switch_on: true
19:17:33.151 > brake_pressure: 6
19:17:33.151 > calculated_torque: 33
19:17:33.151 > throttle1_pos: (none)
19:17:33.151 > throttle2_pos: 130
19:17:33.151 > startup_countdown: not started
19:17:33.151 > motor_control_message_pacing: started
19:17:33.646 > === ECU State ===
19:17:33.646 > car_fully_on: true
19:17:33.646 > start_switch_on: true
19:17:33.646 > brake_pressure: 38
19:17:33.646 > calculated_torque: 31
19:17:33.646 > throttle1_pos: (none)
19:17:33.646 > throttle2_pos: 130
19:17:33.646 > startup_countdown: not started
19:17:33.646 > motor_control_message_pacing: started
19:17:34.150 > === ECU State ===
19:17:34.150 > car_fully_on: true
19:17:34.150 > start_switch_on: true
19:17:34.150 > brake_pressure: 56
19:17:34.150 > calculated_torque: 34
19:17:34.150 > throttle1_pos: (none)
19:17:34.150 > throttle2_pos: 130
19:17:34.150 > startup_countdown: not started
19:17:34.150 > motor_control_message_pacing: started
19:17:34.649 > === ECU State ===
19:17:34.650 > car_fully_on: true
19:17:34.650 > start_switch_on: true
19:17:34.650 > brake_pressure: 1
19:17:34.650 > calculated_torque: 33
19:17:34.650 > throttle1_pos: (none)
19:17:34.650 > throttle2_pos: 130
19:17:34.650 > startup_countdown: not started
19:17:34.650 > motor_control_message_pacing: started
19:17:35.146 > === ECU State ===
19:17:35.146 > car_fully_on: true
19:17:35.146 > start_switch_on: true
19:17:35.146 > brake_pressure: 31
19:17:35.146 > calculated_torque: 35
19:17:35.146 > throttle1_pos: (none)
19:17:35.146 > throttle2_pos: 131
19:17:35.146 > startup_countdown: not started
19:17:35.146 > motor_control_message_pacing: started
19:17:35.646 > === ECU State ===
19:17:35.646 > car_fully_on: true
19:17:35.646 > start_switch_on: true
19:17:35.646 > brake_pressure: 15
19:17:35.646 > calculated_torque: 32
19:17:35.646 > throttle1_pos: (none)
19:17:35.646 > throttle2_pos: 130
19:17:35.646 > startup_countdown: not started
19:17:35.646 > motor_control_message_pacing: started
19:17:36.147 > === ECU State ===
19:17:36.147 > car_fully_on: true
19:17:36.147 > start_switch_on: true
19:17:36.147 > brake_pressure: 1
19:17:36.147 > calculated_torque: 32
19:17:36.147 > throttle1_pos: (none)
19:17:36.147 > throttle2_pos: 131
19:17:36.147 > startup_countdown: not started
19:17:36.147 > motor_control_message_pacing: started
19:17:36.646 > === ECU State ===
19:17:36.646 > car_fully_on: true
19:17:36.646 > start_switch_on: true
19:17:36.646 > brake_pressure: 0
19:17:36.646 > calculated_torque: 32
19:17:36.646 > throttle1_pos: (none)
19:17:36.646 > throttle2_pos: 127
19:17:36.646 > startup_countdown: not started
19:17:36.646 > motor_control_message_pacing: started
19:17:37.146 > === ECU State ===
19:17:37.146 > car_fully_on: true
19:17:37.146 > start_switch_on: true
19:17:37.146 > brake_pressure: 2
19:17:37.146 > calculated_torque: 48
19:17:37.146 > throttle1_pos: (none)
19:17:37.146 > throttle2_pos: 132
19:17:37.146 > startup_countdown: not started
19:17:37.146 > motor_control_message_pacing: started
19:17:37.646 > === ECU State ===
19:17:37.646 > car_fully_on: true
19:17:37.646 > start_switch_on: true
19:17:37.646 > brake_pressure: 27
19:17:37.646 > calculated_torque: 45
19:17:37.646 > throttle1_pos: (none)
19:17:37.646 > throttle2_pos: 131
19:17:37.646 > startup_countdown: not started
19:17:37.646 > motor_control_message_pacing: started
19:17:38.149 > === ECU State ===
19:17:38.150 > car_fully_on: true
19:17:38.150 > start_switch_on: true
19:17:38.150 > brake_pressure: 6
19:17:38.150 > calculated_torque: 48
19:17:38.150 > throttle1_pos: (none)
19:17:38.150 > throttle2_pos: 131
19:17:38.150 > startup_countdown: not started
19:17:38.150 > motor_control_message_pacing: started
19:17:38.648 > === ECU State ===
19:17:38.648 > car_fully_on: true
19:17:38.648 > start_switch_on: true
19:17:38.648 > brake_pressure: 15
19:17:38.648 > calculated_torque: 49
19:17:38.648 > throttle1_pos: (none)
19:17:38.648 > throttle2_pos: 131
19:17:38.648 > startup_countdown: not started
19:17:38.648 > motor_control_message_pacing: started
19:17:39.146 > === ECU State ===
19:17:39.146 > car_fully_on: true
19:17:39.146 > start_switch_on: true
19:17:39.146 > brake_pressure: 28
19:17:39.146 > calculated_torque: 44
19:17:39.146 > throttle1_pos: (none)
19:17:39.146 > throttle2_pos: 131
19:17:39.146 > startup_countdown: not started
19:17:39.146 > motor_control_message_pacing: started
19:17:39.647 > === ECU State ===
19:17:39.647 > car_fully_on: true
19:17:39.647 > start_switch_on: true
19:17:39.647 > brake_pressure: 16
19:17:39.647 > calculated_torque: 43
19:17:39.647 > throttle1_pos: (none)
19:17:39.647 > throttle2_pos: 132
19:17:39.647 > startup_countdown: not started
19:17:39.647 > motor_control_message_pacing: started
19:17:39.819 > Assertion failed! In file lib\common\ecu.cpp:36 with message 
19:17:40.821 > Assertion failed! In file lib\common\ecu.cpp:36 with message 
19:17:41.832 > Assertion failed! In file lib\common\ecu.cpp:36 with message 
19:17:42.828 > Assertion failed! In file lib\common\ecu.cpp:36 with message 
19:17:43.819 > Assertion failed! In file lib\common\ecu.cpp:36 with message 
19:17:44.829 > Assertion failed! In file lib\common\ecu.cpp:36 with message 
19:17:45.833 > Assertion failed! In file lib\common\ecu.cpp:36 with message 
