19:00:04.606 > === ECU State ===
19:00:04.609 > car_fully_on: false
19:00:04.609 > start_switch_on: false
19:00:04.609 > brake_pressure: 1
19:00:04.609 > calculated_torque: 32
19:00:04.609 > throttle1_pos: (none)
19:00:04.609 > throttle2_pos: (none)
19:00:04.609 > startup_countdown: not started
19:00:04.609 > motor_control_message_pacing: started
19:00:05.104 > === ECU State ===
19:00:05.104 > car_fully_on: false
19:00:05.104 > start_switch_on: false
19:00:05.104 > brake_pressure: 1
19:00:05.104 > calculated_torque: 33
19:00:05.104 > throttle1_pos: (none)
19:00:05.104 > throttle2_pos: (none)
19:00:05.104 > startup_countdown: not started
19:00:05.104 > motor_control_message_pacing: started
19:00:05.602 > === ECU State ===
19:00:05.602 > car_fully_on: false
19:00:05.602 > start_switch_on: false
19:00:05.602 > brake_pressure: 0
19:00:05.602 > calculated_torque: 32
19:00:05.602 > throttle1_pos: (none)
19:00:05.602 > throttle2_pos: (none)
19:00:05.602 > startup_countdown: not started
19:00:05.602 > motor_control_message_pacing: started
19:00:06.106 > === ECU State ===
19:00:06.109 > car_fully_on: false
19:00:06.109 > start_switch_on: false
19:00:06.109 > brake_pressure: 0
19:00:06.109 > calculated_torque: 32
19:00:06.109 > throttle1_pos: (none)
19:00:06.109 > throttle2_pos: (none)
19:00:06.109 > startup_countdown: not started
19:00:06.109 > motor_control_message_pacing: started
19:00:06.608 > === ECU State ===
19:00:06.608 > car_fully_on: false
19:00:06.608 > start_switch_on: false
19:00:06.608 > brake_pressure: 0
19:00:06.608 > calculated_torque: 32
19:00:06.608 > throttle1_pos: (none)
19:00:06.608 > throttle2_pos: (none)
19:00:06.608 > startup_countdown: not started
19:00:06.608 > motor_control_message_pacing: started
19:00:07.105 > === ECU State ===
19:00:07.105 > car_fully_on: false
19:00:07.105 > start_switch_on: false
19:00:07.105 > brake_pressure: 0
19:00:07.105 > calculated_torque: 32
19:00:07.105 > throttle1_pos: (none)
19:00:07.105 > throttle2_pos: (none)
19:00:07.105 > startup_countdown: not started
19:00:07.105 > motor_control_message_pacing: started
19:00:07.603 > === ECU State ===
19:00:07.603 > car_fully_on: false
19:00:07.603 > start_switch_on: false
19:00:07.603 > brake_pressure: 0
19:00:07.603 > calculated_torque: 32
19:00:07.603 > throttle1_pos: (none)
19:00:07.603 > throttle2_pos: (none)
19:00:07.603 > startup_countdown: not started
19:00:07.603 > motor_control_message_pacing: started
19:00:08.106 > === ECU State ===
19:00:08.106 > car_fully_on: false
19:00:08.106 > start_switch_on: false
19:00:08.106 > brake_pressure: 0
19:00:08.106 > calculated_torque: 32
19:00:08.106 > throttle1_pos: (none)
19:00:08.106 > throttle2_pos: (none)
19:00:08.106 > startup_countdown: not started
19:00:08.106 > motor_control_message_pacing: started
19:00:08.597 > === ECU State ===
19:00:08.597 > car_fully_on: false
19:00:08.597 > start_switch_on: false
19:00:08.597 > brake_pressure: 0
19:00:08.597 > calculated_torque: 32
19:00:08.597 > throttle1_pos: (none)
19:00:08.597 > throttle2_pos: (none)
19:00:08.597 > startup_countdown: not started
19:00:08.597 > motor_control_message_pacing: started
19:00:09.106 > === ECU State ===
19:00:09.106 > car_fully_on: false
19:00:09.106 > start_switch_on: false
19:00:09.106 > brake_pressure: 1
19:00:09.106 > calculated_torque: 32
19:00:09.106 > throttle1_pos: (none)
19:00:09.106 > throttle2_pos: (none)
19:00:09.106 > startup_countdown: not started
19:00:09.106 > motor_control_message_pacing: started
19:00:09.596 > === ECU State ===
19:00:09.609 > car_fully_on: false
19:00:09.609 > start_switch_on: false
19:00:09.609 > brake_pressure: 1
19:00:09.609 > calculated_torque: 32
19:00:09.609 > throttle1_pos: (none)
19:00:09.609 > throttle2_pos: (none)
19:00:09.609 > startup_countdown: not started
19:00:09.609 > motor_control_message_pacing: started
19:00:10.107 > === ECU State ===
19:00:10.107 > car_fully_on: false
19:00:10.107 > start_switch_on: false
19:00:10.107 > brake_pressure: 3
19:00:10.107 > calculated_torque: 33
19:00:10.107 > throttle1_pos: (none)
19:00:10.107 > throttle2_pos: (none)
19:00:10.107 > startup_countdown: not started
19:00:10.107 > motor_control_message_pacing: started
19:00:10.600 > === ECU State ===
19:00:10.600 > car_fully_on: false
19:00:10.600 > start_switch_on: false
19:00:10.600 > brake_pressure: 0
19:00:10.600 > calculated_torque: 32
19:00:10.600 > throttle1_pos: (none)
19:00:10.600 > throttle2_pos: (none)
19:00:10.600 > startup_countdown: not started
19:00:10.600 > motor_control_message_pacing: started
19:00:11.103 > === ECU State ===
19:00:11.103 > car_fully_on: false
19:00:11.103 > start_switch_on: false
19:00:11.103 > brake_pressure: 0
19:00:11.103 > calculated_torque: 33
19:00:11.103 > throttle1_pos: (none)
19:00:11.103 > throttle2_pos: (none)
19:00:11.103 > startup_countdown: not started
19:00:11.103 > motor_control_message_pacing: started
19:00:11.609 > === ECU State ===
19:00:11.609 > car_fully_on: false
19:00:11.609 > start_switch_on: false
19:00:11.609 > brake_pressure: 0
19:00:11.609 > calculated_torque: 32
19:00:11.609 > throttle1_pos: (none)
19:00:11.609 > throttle2_pos: (none)
19:00:11.609 > startup_countdown: not started
19:00:11.609 > motor_control_message_pacing: started
19:00:12.101 > === ECU State ===
19:00:12.101 > car_fully_on: false
19:00:12.101 > start_switch_on: false
19:00:12.101 > brake_pressure: 0
19:00:12.101 > calculated_torque: 32
19:00:12.101 > throttle1_pos: (none)
19:00:12.101 > throttle2_pos: (none)
19:00:12.101 > startup_countdown: not started
19:00:12.101 > motor_control_message_pacing: started
19:00:12.608 > === ECU State ===
19:00:12.608 > car_fully_on: false
19:00:12.608 > start_switch_on: false
19:00:12.608 > brake_pressure: 1
19:00:12.608 > calculated_torque: 32
19:00:12.608 > throttle1_pos: (none)
19:00:12.608 > throttle2_pos: (none)
19:00:12.608 > startup_countdown: not started
19:00:12.608 > motor_control_message_pacing: started
19:00:13.096 > === ECU State ===
19:00:13.096 > car_fully_on: false
19:00:13.096 > start_switch_on: false
19:00:13.096 > brake_pressure: 1
19:00:13.096 > calculated_torque: 32
19:00:13.096 > throttle1_pos: (none)
19:00:13.096 > throttle2_pos: (none)
19:00:13.096 > startup_countdown: not started
19:00:13.096 > motor_control_message_pacing: started
19:00:13.609 > === ECU State ===
19:00:13.609 > car_fully_on: false
19:00:13.609 > start_switch_on: false
19:00:13.609 > brake_pressure: 0
19:00:13.609 > calculated_torque: 32
19:00:13.609 > throttle1_pos: (none)
19:00:13.609 > throttle2_pos: (none)
19:00:13.609 > startup_countdown: not started
19:00:13.609 > motor_control_message_pacing: started
19:00:14.098 > === ECU State ===
19:00:14.109 > car_fully_on: false
19:00:14.109 > start_switch_on: false
19:00:14.109 > brake_pressure: 1
19:00:14.109 > calculated_torque: 32
19:00:14.109 > throttle1_pos: (none)
19:00:14.109 > throttle2_pos: (none)
19:00:14.109 > startup_countdown: not started
19:00:14.109 > motor_control_message_pacing: started
19:00:14.602 > === ECU State ===
19:00:14.602 > car_fully_on: false
19:00:14.602 > start_switch_on: false
19:00:14.602 > brake_pressure: 0
19:00:14.602 > calculated_torque: 33
19:00:14.602 > throttle1_pos: (none)
19:00:14.602 > throttle2_pos: (none)
19:00:14.602 > startup_countdown: not started
19:00:14.602 > motor_control_message_pacing: started
19:00:15.107 > === ECU State ===
19:00:15.107 > car_fully_on: false
19:00:15.107 > start_switch_on: false
19:00:15.107 > brake_pressure: 0
19:00:15.107 > calculated_torque: 32
19:00:15.107 > throttle1_pos: (none)
19:00:15.107 > throttle2_pos: (none)
19:00:15.107 > startup_countdown: not started
19:00:15.107 > motor_control_message_pacing: started
19:00:15.596 > === ECU State ===
19:00:15.596 > car_fully_on: false
19:00:15.596 > start_switch_on: false
19:00:15.596 > brake_pressure: 0
19:00:15.596 > calculated_torque: 32
19:00:15.596 > throttle1_pos: (none)
19:00:15.596 > throttle2_pos: (none)
19:00:15.596 > startup_countdown: not started
19:00:15.596 > motor_control_message_pacing: started
19:00:16.104 > === ECU State ===
19:00:16.104 > car_fully_on: false
19:00:16.104 > start_switch_on: false
19:00:16.104 > brake_pressure: 1
19:00:16.104 > calculated_torque: 32
19:00:16.104 > throttle1_pos: (none)
19:00:16.104 > throttle2_pos: (none)
19:00:16.104 > startup_countdown: not started
19:00:16.104 > motor_control_message_pacing: started
19:00:16.599 > === ECU State ===
19:00:16.599 > car_fully_on: false
19:00:16.599 > start_switch_on: false
19:00:16.599 > brake_pressure: 0
19:00:16.599 > calculated_torque: 32
19:00:16.599 > throttle1_pos: (none)
19:00:16.599 > throttle2_pos: (none)
19:00:16.599 > startup_countdown: not started
19:00:16.599 > motor_control_message_pacing: started
19:00:17.097 > === ECU State ===
19:00:17.109 > car_fully_on: false
19:00:17.109 > start_switch_on: false
19:00:17.109 > brake_pressure: 0
19:00:17.109 > calculated_torque: 32
19:00:17.109 > throttle1_pos: (none)
19:00:17.109 > throttle2_pos: (none)
19:00:17.109 > startup_countdown: not started
19:00:17.109 > motor_control_message_pacing: started
19:00:17.601 > === ECU State ===
19:00:17.601 > car_fully_on: false
19:00:17.601 > start_switch_on: false
19:00:17.601 > brake_pressure: 0
19:00:17.601 > calculated_torque: 32
19:00:17.601 > throttle1_pos: (none)
19:00:17.601 > throttle2_pos: (none)
19:00:17.601 > startup_countdown: not started
19:00:17.601 > motor_control_message_pacing: started
19:00:18.100 > === ECU State ===
19:00:18.100 > car_fully_on: false
19:00:18.100 > start_switch_on: false
19:00:18.100 > brake_pressure: 0
19:00:18.100 > calculated_torque: 32
19:00:18.100 > throttle1_pos: (none)
19:00:18.100 > throttle2_pos: (none)
19:00:18.100 > startup_countdown: not started
19:00:18.100 > motor_control_message_pacing: started
19:00:18.607 > === ECU State ===
19:00:18.609 > car_fully_on: false
19:00:18.609 > start_switch_on: false
19:00:18.609 > brake_pressure: 1
19:00:18.609 > calculated_torque: 32
19:00:18.609 > throttle1_pos: (none)
19:00:18.609 > throttle2_pos: (none)
19:00:18.609 > startup_countdown: not started
19:00:18.609 > motor_control_message_pacing: started
19:00:19.108 > === ECU State ===
19:00:19.108 > car_fully_on: false
19:00:19.108 > start_switch_on: false
19:00:19.108 > brake_pressure: 0
19:00:19.108 > calculated_torque: 32
19:00:19.108 > throttle1_pos: (none)
19:00:19.108 > throttle2_pos: (none)
19:00:19.108 > startup_countdown: not started
19:00:19.108 > motor_control_message_pacing: started
19:00:19.607 > === ECU State ===
19:00:19.607 > car_fully_on: false
19:00:19.607 > start_switch_on: false
19:00:19.607 > brake_pressure: 0
19:00:19.607 > calculated_torque: 32
19:00:19.607 > throttle1_pos: (none)
19:00:19.607 > throttle2_pos: (none)
19:00:19.607 > startup_countdown: not started
19:00:19.607 > motor_control_message_pacing: started
19:00:20.102 > === ECU State ===
19:00:20.102 > car_fully_on: false
19:00:20.102 > start_switch_on: false
19:00:20.102 > brake_pressure: 2
19:00:20.102 > calculated_torque: 32
19:00:20.102 > throttle1_pos: (none)
19:00:20.102 > throttle2_pos: (none)
19:00:20.102 > startup_countdown: not started
19:00:20.102 > motor_control_message_pacing: started
19:00:20.608 > === ECU State ===
19:00:20.608 > car_fully_on: false
19:00:20.608 > start_switch_on: false
19:00:20.608 > brake_pressure: 3
19:00:20.608 > calculated_torque: 32
19:00:20.608 > throttle1_pos: (none)
19:00:20.608 > throttle2_pos: (none)
19:00:20.608 > startup_countdown: not started
19:00:20.608 > motor_control_message_pacing: started
19:00:21.108 > === ECU State ===
19:00:21.108 > car_fully_on: false
19:00:21.108 > start_switch_on: false
19:00:21.108 > brake_pressure: 2
19:00:21.108 > calculated_torque: 32
19:00:21.108 > throttle1_pos: (none)
19:00:21.108 > throttle2_pos: (none)
19:00:21.108 > startup_countdown: not started
19:00:21.108 > motor_control_message_pacing: started
19:00:21.609 > === ECU State ===
19:00:21.609 > car_fully_on: false
19:00:21.609 > start_switch_on: false
19:00:21.609 > brake_pressure: 2
19:00:21.609 > calculated_torque: 32
19:00:21.609 > throttle1_pos: (none)
19:00:21.609 > throttle2_pos: (none)
19:00:21.609 > startup_countdown: not started
19:00:21.609 > motor_control_message_pacing: started
19:00:22.103 > === ECU State ===
19:00:22.103 > car_fully_on: false
19:00:22.103 > start_switch_on: false
19:00:22.103 > brake_pressure: 0
19:00:22.103 > calculated_torque: 32
19:00:22.103 > throttle1_pos: (none)
19:00:22.103 > throttle2_pos: (none)
19:00:22.103 > startup_countdown: not started
19:00:22.103 > motor_control_message_pacing: started
19:00:22.596 > === ECU State ===
19:00:22.609 > car_fully_on: false
19:00:22.609 > start_switch_on: false
19:00:22.609 > brake_pressure: 1
19:00:22.609 > calculated_torque: 32
19:00:22.609 > throttle1_pos: (none)
19:00:22.609 > throttle2_pos: (none)
19:00:22.609 > startup_countdown: not started
19:00:22.609 > motor_control_message_pacing: started
19:00:23.107 > === ECU State ===
19:00:23.109 > car_fully_on: false
19:00:23.109 > start_switch_on: false
19:00:23.109 > brake_pressure: 0
19:00:23.109 > calculated_torque: 32
19:00:23.109 > throttle1_pos: (none)
19:00:23.109 > throttle2_pos: (none)
19:00:23.109 > startup_countdown: not started
19:00:23.109 > motor_control_message_pacing: started
19:00:23.608 > === ECU State ===
19:00:23.608 > car_fully_on: false
19:00:23.608 > start_switch_on: false
19:00:23.608 > brake_pressure: 1
19:00:23.608 > calculated_torque: 32
19:00:23.608 > throttle1_pos: (none)
19:00:23.608 > throttle2_pos: (none)
19:00:23.608 > startup_countdown: not started
19:00:23.608 > motor_control_message_pacing: started
19:00:24.108 > === ECU State ===
19:00:24.108 > car_fully_on: false
19:00:24.108 > start_switch_on: false
19:00:24.108 > brake_pressure: 1
19:00:24.108 > calculated_torque: 32
19:00:24.108 > throttle1_pos: (none)
19:00:24.108 > throttle2_pos: (none)
19:00:24.108 > startup_countdown: not started
19:00:24.108 > motor_control_message_pacing: started
19:00:24.608 > === ECU State ===
19:00:24.608 > car_fully_on: false
19:00:24.608 > start_switch_on: false
19:00:24.608 > brake_pressure: 0
19:00:24.608 > calculated_torque: 32
19:00:24.608 > throttle1_pos: (none)
19:00:24.608 > throttle2_pos: (none)
19:00:24.608 > startup_countdown: not started
19:00:24.608 > motor_control_message_pacing: started
19:00:25.106 > === ECU State ===
19:00:25.106 > car_fully_on: false
19:00:25.106 > start_switch_on: false
19:00:25.106 > brake_pressure: 0
19:00:25.106 > calculated_torque: 32
19:00:25.106 > throttle1_pos: (none)
19:00:25.106 > throttle2_pos: (none)
19:00:25.106 > startup_countdown: not started
19:00:25.106 > motor_control_message_pacing: started
19:00:25.602 > === ECU State ===
19:00:25.602 > car_fully_on: false
19:00:25.602 > start_switch_on: false
19:00:25.602 > brake_pressure: 0
19:00:25.602 > calculated_torque: 32
19:00:25.602 > throttle1_pos: (none)
19:00:25.602 > throttle2_pos: (none)
19:00:25.602 > startup_countdown: not started
19:00:25.602 > motor_control_message_pacing: started
19:00:26.103 > === ECU State ===
19:00:26.103 > car_fully_on: false
19:00:26.103 > start_switch_on: false
19:00:26.103 > brake_pressure: 2
19:00:26.103 > calculated_torque: 33
19:00:26.103 > throttle1_pos: (none)
19:00:26.103 > throttle2_pos: (none)
19:00:26.103 > startup_countdown: not started
19:00:26.103 > motor_control_message_pacing: started
19:00:26.603 > === ECU State ===
19:00:26.603 > car_fully_on: false
19:00:26.603 > start_switch_on: false
19:00:26.603 > brake_pressure: 1
19:00:26.603 > calculated_torque: 32
19:00:26.603 > throttle1_pos: (none)
19:00:26.603 > throttle2_pos: (none)
19:00:26.603 > startup_countdown: not started
19:00:26.603 > motor_control_message_pacing: started
19:00:27.096 > === ECU State ===
19:00:27.096 > car_fully_on: false
19:00:27.096 > start_switch_on: false
19:00:27.096 > brake_pressure: 1
19:00:27.096 > calculated_torque: 32
19:00:27.096 > throttle1_pos: (none)
19:00:27.096 > throttle2_pos: (none)
19:00:27.096 > startup_countdown: not started
19:00:27.096 > motor_control_message_pacing: started
19:00:27.596 > === ECU State ===
19:00:27.596 > car_fully_on: false
19:00:27.596 > start_switch_on: false
19:00:27.596 > brake_pressure: 1
19:00:27.596 > calculated_torque: 32
19:00:27.596 > throttle1_pos: (none)
19:00:27.596 > throttle2_pos: (none)
19:00:27.596 > startup_countdown: not started
19:00:27.596 > motor_control_message_pacing: started
19:00:28.097 > === ECU State ===
19:00:28.097 > car_fully_on: false
19:00:28.097 > start_switch_on: false
19:00:28.097 > brake_pressure: 1
19:00:28.097 > calculated_torque: 32
19:00:28.097 > throttle1_pos: (none)
19:00:28.097 > throttle2_pos: (none)
19:00:28.097 > startup_countdown: not started
19:00:28.097 > motor_control_message_pacing: started
19:00:28.599 > === ECU State ===
19:00:28.609 > car_fully_on: false
19:00:28.609 > start_switch_on: false
19:00:28.609 > brake_pressure: 1
19:00:28.609 > calculated_torque: 32
19:00:28.609 > throttle1_pos: (none)
19:00:28.609 > throttle2_pos: (none)
19:00:28.609 > startup_countdown: not started
19:00:28.609 > motor_control_message_pacing: started
19:00:29.101 > === ECU State ===
19:00:29.101 > car_fully_on: false
19:00:29.101 > start_switch_on: false
19:00:29.101 > brake_pressure: 1
19:00:29.101 > calculated_torque: 32
19:00:29.101 > throttle1_pos: (none)
19:00:29.101 > throttle2_pos: (none)
19:00:29.101 > startup_countdown: not started
19:00:29.101 > motor_control_message_pacing: started
19:00:29.597 > === ECU State ===
19:00:29.597 > car_fully_on: false
19:00:29.597 > start_switch_on: false
19:00:29.597 > brake_pressure: 1
19:00:29.597 > calculated_torque: 32
19:00:29.597 > throttle1_pos: (none)
19:00:29.597 > throttle2_pos: (none)
19:00:29.597 > startup_countdown: not started
19:00:29.597 > motor_control_message_pacing: started
19:00:30.107 > === ECU State ===
19:00:30.107 > car_fully_on: false
19:00:30.107 > start_switch_on: false
19:00:30.107 > brake_pressure: 0
19:00:30.107 > calculated_torque: 32
19:00:30.107 > throttle1_pos: (none)
19:00:30.107 > throttle2_pos: (none)
19:00:30.107 > startup_countdown: not started
19:00:30.107 > motor_control_message_pacing: started
19:00:30.608 > === ECU State ===
19:00:30.608 > car_fully_on: false
19:00:30.608 > start_switch_on: false
19:00:30.608 > brake_pressure: 1
19:00:30.608 > calculated_torque: 32
19:00:30.608 > throttle1_pos: (none)
19:00:30.608 > throttle2_pos: (none)
19:00:30.608 > startup_countdown: not started
19:00:30.608 > motor_control_message_pacing: started
19:00:31.108 > === ECU State ===
19:00:31.108 > car_fully_on: false
19:00:31.108 > start_switch_on: false
19:00:31.108 > brake_pressure: 1
19:00:31.108 > calculated_torque: 33
19:00:31.108 > throttle1_pos: (none)
19:00:31.108 > throttle2_pos: (none)
19:00:31.108 > startup_countdown: not started
19:00:31.108 > motor_control_message_pacing: started
19:00:31.608 > === ECU State ===
19:00:31.608 > car_fully_on: false
19:00:31.608 > start_switch_on: false
19:00:31.608 > brake_pressure: 0
19:00:31.608 > calculated_torque: 33
19:00:31.608 > throttle1_pos: (none)
19:00:31.608 > throttle2_pos: (none)
19:00:31.608 > startup_countdown: not started
19:00:31.608 > motor_control_message_pacing: started
19:00:32.103 > === ECU State ===
19:00:32.103 > car_fully_on: false
19:00:32.103 > start_switch_on: false
19:00:32.103 > brake_pressure: 1
19:00:32.103 > calculated_torque: 32
19:00:32.103 > throttle1_pos: (none)
19:00:32.103 > throttle2_pos: (none)
19:00:32.103 > startup_countdown: not started
19:00:32.103 > motor_control_message_pacing: started
19:00:32.608 > === ECU State ===
19:00:32.608 > car_fully_on: false
19:00:32.608 > start_switch_on: false
19:00:32.608 > brake_pressure: 1
19:00:32.608 > calculated_torque: 32
19:00:32.608 > throttle1_pos: (none)
19:00:32.608 > throttle2_pos: (none)
19:00:32.608 > startup_countdown: not started
19:00:32.608 > motor_control_message_pacing: started
19:00:33.108 > === ECU State ===
19:00:33.109 > car_fully_on: false
19:00:33.109 > start_switch_on: false
19:00:33.109 > brake_pressure: 1
19:00:33.109 > calculated_torque: 32
19:00:33.109 > throttle1_pos: (none)
19:00:33.109 > throttle2_pos: (none)
19:00:33.109 > startup_countdown: not started
19:00:33.109 > motor_control_message_pacing: started
19:00:33.609 > === ECU State ===
19:00:33.609 > car_fully_on: false
19:00:33.609 > start_switch_on: false
19:00:33.609 > brake_pressure: 1
19:00:33.609 > calculated_torque: 32
19:00:33.609 > throttle1_pos: (none)
19:00:33.609 > throttle2_pos: (none)
19:00:33.609 > startup_countdown: not started
19:00:33.609 > motor_control_message_pacing: started
19:00:34.101 > === ECU State ===
19:00:34.109 > car_fully_on: false
19:00:34.109 > start_switch_on: false
19:00:34.109 > brake_pressure: 1
19:00:34.109 > calculated_torque: 32
19:00:34.109 > throttle1_pos: (none)
19:00:34.109 > throttle2_pos: (none)
19:00:34.109 > startup_countdown: not started
19:00:34.109 > motor_control_message_pacing: started
19:00:34.603 > === ECU State ===
19:00:34.603 > car_fully_on: false
19:00:34.603 > start_switch_on: false
19:00:34.603 > brake_pressure: 1
19:00:34.603 > calculated_torque: 32
19:00:34.603 > throttle1_pos: (none)
19:00:34.603 > throttle2_pos: (none)
19:00:34.603 > startup_countdown: not started
19:00:34.603 > motor_control_message_pacing: started
19:00:35.108 > === ECU State ===
19:00:35.108 > car_fully_on: false
19:00:35.108 > start_switch_on: false
19:00:35.108 > brake_pressure: 0
19:00:35.108 > calculated_torque: 32
19:00:35.108 > throttle1_pos: (none)
19:00:35.108 > throttle2_pos: (none)
19:00:35.108 > startup_countdown: not started
19:00:35.108 > motor_control_message_pacing: started
19:00:35.601 > === ECU State ===
19:00:35.601 > car_fully_on: false
19:00:35.601 > start_switch_on: false
19:00:35.601 > brake_pressure: 1
19:00:35.601 > calculated_torque: 33
19:00:35.601 > throttle1_pos: (none)
19:00:35.601 > throttle2_pos: (none)
19:00:35.601 > startup_countdown: not started
19:00:35.601 > motor_control_message_pacing: started
19:00:36.101 > === ECU State ===
19:00:36.101 > car_fully_on: false
19:00:36.101 > start_switch_on: false
19:00:36.101 > brake_pressure: 1
19:00:36.101 > calculated_torque: 32
19:00:36.101 > throttle1_pos: (none)
19:00:36.101 > throttle2_pos: (none)
19:00:36.101 > startup_countdown: not started
19:00:36.101 > motor_control_message_pacing: started
19:00:36.606 > === ECU State ===
19:00:36.606 > car_fully_on: false
19:00:36.606 > start_switch_on: false
19:00:36.606 > brake_pressure: 1
19:00:36.606 > calculated_torque: 33
19:00:36.606 > throttle1_pos: (none)
19:00:36.606 > throttle2_pos: (none)
19:00:36.606 > startup_countdown: not started
19:00:36.606 > motor_control_message_pacing: started
19:00:37.107 > === ECU State ===
19:00:37.107 > car_fully_on: false
19:00:37.107 > start_switch_on: false
19:00:37.107 > brake_pressure: 0
19:00:37.107 > calculated_torque: 33
19:00:37.107 > throttle1_pos: (none)
19:00:37.107 > throttle2_pos: (none)
19:00:37.107 > startup_countdown: not started
19:00:37.107 > motor_control_message_pacing: started
19:00:37.598 > === ECU State ===
19:00:37.608 > car_fully_on: false
19:00:37.608 > start_switch_on: false
19:00:37.608 > brake_pressure: 2
19:00:37.608 > calculated_torque: 32
19:00:37.608 > throttle1_pos: (none)
19:00:37.608 > throttle2_pos: (none)
19:00:37.608 > startup_countdown: not started
19:00:37.608 > motor_control_message_pacing: started
19:00:38.107 > === ECU State ===
19:00:38.107 > car_fully_on: false
19:00:38.107 > start_switch_on: false
19:00:38.107 > brake_pressure: 0
19:00:38.107 > calculated_torque: 32
19:00:38.107 > throttle1_pos: (none)
19:00:38.107 > throttle2_pos: (none)
19:00:38.107 > startup_countdown: not started
19:00:38.107 > motor_control_message_pacing: started
19:00:38.604 > === ECU State ===
19:00:38.604 > car_fully_on: false
19:00:38.604 > start_switch_on: false
19:00:38.604 > brake_pressure: 1
19:00:38.604 > calculated_torque: 32
19:00:38.604 > throttle1_pos: (none)
19:00:38.604 > throttle2_pos: (none)
19:00:38.604 > startup_countdown: not started
19:00:38.604 > motor_control_message_pacing: started
19:00:39.105 > === ECU State ===
19:00:39.105 > car_fully_on: false
19:00:39.105 > start_switch_on: false
19:00:39.105 > brake_pressure: 1
19:00:39.105 > calculated_torque: 32
19:00:39.105 > throttle1_pos: (none)
19:00:39.105 > throttle2_pos: (none)
19:00:39.105 > startup_countdown: not started
19:00:39.105 > motor_control_message_pacing: started
19:00:39.608 > === ECU State ===
19:00:39.608 > car_fully_on: false
19:00:39.608 > start_switch_on: false
19:00:39.608 > brake_pressure: 0
19:00:39.608 > calculated_torque: 32
19:00:39.608 > throttle1_pos: (none)
19:00:39.608 > throttle2_pos: (none)
19:00:39.608 > startup_countdown: not started
19:00:39.608 > motor_control_message_pacing: started
19:00:40.101 > === ECU State ===
19:00:40.101 > car_fully_on: false
19:00:40.101 > start_switch_on: false
19:00:40.101 > brake_pressure: 2
19:00:40.101 > calculated_torque: 32
19:00:40.101 > throttle1_pos: (none)
19:00:40.101 > throttle2_pos: (none)
19:00:40.101 > startup_countdown: not started
19:00:40.101 > motor_control_message_pacing: started
19:00:40.601 > === ECU State ===
19:00:40.601 > car_fully_on: false
19:00:40.601 > start_switch_on: false
19:00:40.601 > brake_pressure: 0
19:00:40.601 > calculated_torque: 32
19:00:40.601 > throttle1_pos: (none)
19:00:40.601 > throttle2_pos: (none)
19:00:40.601 > startup_countdown: not started
19:00:40.601 > motor_control_message_pacing: started
19:00:41.101 > === ECU State ===
19:00:41.101 > car_fully_on: false
19:00:41.101 > start_switch_on: false
19:00:41.101 > brake_pressure: 1
19:00:41.101 > calculated_torque: 32
19:00:41.101 > throttle1_pos: (none)
19:00:41.101 > throttle2_pos: (none)
19:00:41.101 > startup_countdown: not started
19:00:41.101 > motor_control_message_pacing: started
19:00:41.608 > === ECU State ===
19:00:41.608 > car_fully_on: false
19:00:41.608 > start_switch_on: false
19:00:41.608 > brake_pressure: 1
19:00:41.608 > calculated_torque: 33
19:00:41.608 > throttle1_pos: (none)
19:00:41.608 > throttle2_pos: (none)
19:00:41.608 > startup_countdown: not started
19:00:41.608 > motor_control_message_pacing: started
19:00:42.107 > === ECU State ===
19:00:42.107 > car_fully_on: false
19:00:42.107 > start_switch_on: false
19:00:42.107 > brake_pressure: 1
19:00:42.107 > calculated_torque: 33
19:00:42.107 > throttle1_pos: (none)
19:00:42.107 > throttle2_pos: (none)
19:00:42.107 > startup_countdown: not started
19:00:42.107 > motor_control_message_pacing: started
19:00:42.608 > === ECU State ===
19:00:42.608 > car_fully_on: false
19:00:42.608 > start_switch_on: false
19:00:42.608 > brake_pressure: 1
19:00:42.608 > calculated_torque: 33
19:00:42.608 > throttle1_pos: (none)
19:00:42.608 > throttle2_pos: (none)
19:00:42.608 > startup_countdown: not started
19:00:42.608 > motor_control_message_pacing: started
19:00:43.101 > === ECU State ===
19:00:43.101 > car_fully_on: false
19:00:43.101 > start_switch_on: false
19:00:43.101 > brake_pressure: 1
19:00:43.101 > calculated_torque: 32
19:00:43.101 > throttle1_pos: (none)
19:00:43.101 > throttle2_pos: (none)
19:00:43.101 > startup_countdown: not started
19:00:43.101 > motor_control_message_pacing: started
19:00:43.604 > === ECU State ===
19:00:43.604 > car_fully_on: false
19:00:43.604 > start_switch_on: false
19:00:43.604 > brake_pressure: 1
19:00:43.604 > calculated_torque: 33
19:00:43.604 > throttle1_pos: (none)
19:00:43.604 > throttle2_pos: (none)
19:00:43.604 > startup_countdown: not started
19:00:43.604 > motor_control_message_pacing: started
19:00:44.101 > === ECU State ===
19:00:44.101 > car_fully_on: false
19:00:44.101 > start_switch_on: false
19:00:44.101 > brake_pressure: 1
19:00:44.101 > calculated_torque: 32
19:00:44.101 > throttle1_pos: (none)
19:00:44.101 > throttle2_pos: (none)
19:00:44.101 > startup_countdown: not started
19:00:44.101 > motor_control_message_pacing: started
19:00:44.606 > === ECU State ===
19:00:44.609 > car_fully_on: false
19:00:44.609 > start_switch_on: false
19:00:44.609 > brake_pressure: 1
19:00:44.609 > calculated_torque: 32
19:00:44.609 > throttle1_pos: (none)
19:00:44.609 > throttle2_pos: (none)
19:00:44.609 > startup_countdown: not started
19:00:44.609 > motor_control_message_pacing: started
19:00:45.100 > === ECU State ===
19:00:45.100 > car_fully_on: false
19:00:45.100 > start_switch_on: false
19:00:45.100 > brake_pressure: 1
19:00:45.100 > calculated_torque: 33
19:00:45.100 > throttle1_pos: (none)
19:00:45.100 > throttle2_pos: (none)
19:00:45.100 > startup_countdown: not started
19:00:45.100 > motor_control_message_pacing: started
19:00:45.608 > === ECU State ===
19:00:45.608 > car_fully_on: false
19:00:45.608 > start_switch_on: false
19:00:45.608 > brake_pressure: 1
19:00:45.608 > calculated_torque: 32
19:00:45.608 > throttle1_pos: (none)
19:00:45.608 > throttle2_pos: (none)
19:00:45.608 > startup_countdown: not started
19:00:45.608 > motor_control_message_pacing: started
19:00:46.098 > === ECU State ===
19:00:46.109 > car_fully_on: false
19:00:46.109 > start_switch_on: false
19:00:46.109 > brake_pressure: 1
19:00:46.109 > calculated_torque: 32
19:00:46.109 > throttle1_pos: (none)
19:00:46.109 > throttle2_pos: (none)
19:00:46.109 > startup_countdown: not started
19:00:46.109 > motor_control_message_pacing: started
19:00:46.605 > === ECU State ===
19:00:46.605 > car_fully_on: false
19:00:46.605 > start_switch_on: false
19:00:46.605 > brake_pressure: 0
19:00:46.605 > calculated_torque: 32
19:00:46.605 > throttle1_pos: (none)
19:00:46.605 > throttle2_pos: (none)
19:00:46.605 > startup_countdown: not started
19:00:46.605 > motor_control_message_pacing: started
19:00:47.105 > === ECU State ===
19:00:47.105 > car_fully_on: false
19:00:47.105 > start_switch_on: false
19:00:47.105 > brake_pressure: 1
19:00:47.105 > calculated_torque: 32
19:00:47.105 > throttle1_pos: (none)
19:00:47.105 > throttle2_pos: (none)
19:00:47.105 > startup_countdown: not started
19:00:47.105 > motor_control_message_pacing: started
19:00:47.605 > === ECU State ===
19:00:47.605 > car_fully_on: false
19:00:47.605 > start_switch_on: false
19:00:47.605 > brake_pressure: 1
19:00:47.605 > calculated_torque: 32
19:00:47.605 > throttle1_pos: (none)
19:00:47.605 > throttle2_pos: (none)
19:00:47.605 > startup_countdown: not started
19:00:47.605 > motor_control_message_pacing: started
19:00:48.108 > === ECU State ===
19:00:48.108 > car_fully_on: false
19:00:48.108 > start_switch_on: false
19:00:48.108 > brake_pressure: 1
19:00:48.108 > calculated_torque: 32
19:00:48.108 > throttle1_pos: (none)
19:00:48.108 > throttle2_pos: (none)
19:00:48.108 > startup_countdown: not started
19:00:48.108 > motor_control_message_pacing: started
19:00:48.607 > === ECU State ===
19:00:48.609 > car_fully_on: false
19:00:48.609 > start_switch_on: false
19:00:48.609 > brake_pressure: 1
19:00:48.609 > calculated_torque: 32
19:00:48.609 > throttle1_pos: (none)
19:00:48.609 > throttle2_pos: (none)
19:00:48.609 > startup_countdown: not started
19:00:48.609 > motor_control_message_pacing: started
19:00:49.108 > === ECU State ===
19:00:49.108 > car_fully_on: false
19:00:49.108 > start_switch_on: false
19:00:49.108 > brake_pressure: 1
19:00:49.108 > calculated_torque: 32
19:00:49.108 > throttle1_pos: (none)
19:00:49.108 > throttle2_pos: (none)
19:00:49.108 > startup_countdown: not started
19:00:49.108 > motor_control_message_pacing: started
19:00:49.608 > === ECU State ===
19:00:49.608 > car_fully_on: false
19:00:49.608 > start_switch_on: false
19:00:49.608 > brake_pressure: 2
19:00:49.608 > calculated_torque: 32
19:00:49.608 > throttle1_pos: (none)
19:00:49.608 > throttle2_pos: (none)
19:00:49.608 > startup_countdown: not started
19:00:49.608 > motor_control_message_pacing: started
19:00:50.099 > === ECU State ===
19:00:50.109 > car_fully_on: false
19:00:50.109 > start_switch_on: false
19:00:50.109 > brake_pressure: 1
19:00:50.109 > calculated_torque: 32
19:00:50.109 > throttle1_pos: (none)
19:00:50.109 > throttle2_pos: (none)
19:00:50.109 > startup_countdown: not started
19:00:50.109 > motor_control_message_pacing: started
19:00:50.605 > === ECU State ===
19:00:50.605 > car_fully_on: false
19:00:50.605 > start_switch_on: false
19:00:50.605 > brake_pressure: 0
19:00:50.605 > calculated_torque: 33
19:00:50.605 > throttle1_pos: (none)
19:00:50.605 > throttle2_pos: (none)
19:00:50.605 > startup_countdown: not started
19:00:50.605 > motor_control_message_pacing: started
19:00:51.104 > === ECU State ===
19:00:51.104 > car_fully_on: false
19:00:51.104 > start_switch_on: false
19:00:51.104 > brake_pressure: 1
19:00:51.104 > calculated_torque: 33
19:00:51.104 > throttle1_pos: (none)
19:00:51.104 > throttle2_pos: (none)
19:00:51.104 > startup_countdown: not started
19:00:51.104 > motor_control_message_pacing: started
19:00:51.604 > === ECU State ===
19:00:51.604 > car_fully_on: false
19:00:51.604 > start_switch_on: false
19:00:51.604 > brake_pressure: 1
19:00:51.604 > calculated_torque: 33
19:00:51.604 > throttle1_pos: (none)
19:00:51.604 > throttle2_pos: (none)
19:00:51.604 > startup_countdown: not started
19:00:51.604 > motor_control_message_pacing: started
19:00:52.108 > === ECU State ===
19:00:52.108 > car_fully_on: false
19:00:52.108 > start_switch_on: false
19:00:52.108 > brake_pressure: 1
19:00:52.108 > calculated_torque: 32
19:00:52.108 > throttle1_pos: (none)
19:00:52.108 > throttle2_pos: (none)
19:00:52.108 > startup_countdown: not started
19:00:52.108 > motor_control_message_pacing: started
19:00:52.608 > === ECU State ===
19:00:52.608 > car_fully_on: false
19:00:52.608 > start_switch_on: false
19:00:52.608 > brake_pressure: 1
19:00:52.608 > calculated_torque: 32
19:00:52.608 > throttle1_pos: (none)
19:00:52.608 > throttle2_pos: (none)
19:00:52.608 > startup_countdown: not started
19:00:52.608 > motor_control_message_pacing: started
19:00:53.108 > === ECU State ===
19:00:53.108 > car_fully_on: false
19:00:53.108 > start_switch_on: false
19:00:53.108 > brake_pressure: 1
19:00:53.108 > calculated_torque: 32
19:00:53.108 > throttle1_pos: (none)
19:00:53.108 > throttle2_pos: (none)
19:00:53.108 > startup_countdown: not started
19:00:53.108 > motor_control_message_pacing: started
19:00:53.609 > === ECU State ===
19:00:53.609 > car_fully_on: false
19:00:53.609 > start_switch_on: false
19:00:53.609 > brake_pressure: 1
19:00:53.609 > calculated_torque: 32
19:00:53.609 > throttle1_pos: (none)
19:00:53.609 > throttle2_pos: (none)
19:00:53.609 > startup_countdown: not started
19:00:53.609 > motor_control_message_pacing: started
19:00:54.105 > === ECU State ===
19:00:54.105 > car_fully_on: false
19:00:54.105 > start_switch_on: false
19:00:54.105 > brake_pressure: 1
19:00:54.105 > calculated_torque: 33
19:00:54.105 > throttle1_pos: (none)
19:00:54.105 > throttle2_pos: (none)
19:00:54.105 > startup_countdown: not started
19:00:54.105 > motor_control_message_pacing: started
19:00:54.608 > === ECU State ===
19:00:54.608 > car_fully_on: false
19:00:54.608 > start_switch_on: false
19:00:54.608 > brake_pressure: 1
19:00:54.608 > calculated_torque: 32
19:00:54.608 > throttle1_pos: (none)
19:00:54.608 > throttle2_pos: (none)
19:00:54.608 > startup_countdown: not started
19:00:54.608 > motor_control_message_pacing: started
19:00:55.108 > === ECU State ===
19:00:55.108 > car_fully_on: false
19:00:55.108 > start_switch_on: false
19:00:55.108 > brake_pressure: 1
19:00:55.108 > calculated_torque: 33
19:00:55.108 > throttle1_pos: (none)
19:00:55.108 > throttle2_pos: (none)
19:00:55.108 > startup_countdown: not started
19:00:55.108 > motor_control_message_pacing: started
19:00:55.608 > === ECU State ===
19:00:55.608 > car_fully_on: false
19:00:55.608 > start_switch_on: false
19:00:55.608 > brake_pressure: 1
19:00:55.608 > calculated_torque: 32
19:00:55.608 > throttle1_pos: (none)
19:00:55.608 > throttle2_pos: (none)
19:00:55.608 > startup_countdown: not started
19:00:55.608 > motor_control_message_pacing: started
19:00:56.104 > === ECU State ===
19:00:56.104 > car_fully_on: false
19:00:56.104 > start_switch_on: false
19:00:56.104 > brake_pressure: 1
19:00:56.104 > calculated_torque: 32
19:00:56.104 > throttle1_pos: (none)
19:00:56.104 > throttle2_pos: (none)
19:00:56.104 > startup_countdown: not started
19:00:56.104 > motor_control_message_pacing: started
19:00:56.596 > === ECU State ===
19:00:56.596 > car_fully_on: false
19:00:56.596 > start_switch_on: false
19:00:56.596 > brake_pressure: 1
19:00:56.596 > calculated_torque: 32
19:00:56.596 > throttle1_pos: (none)
19:00:56.596 > throttle2_pos: (none)
19:00:56.596 > startup_countdown: not started
19:00:56.596 > motor_control_message_pacing: started
19:00:57.108 > === ECU State ===
19:00:57.108 > car_fully_on: false
19:00:57.108 > start_switch_on: false
19:00:57.108 > brake_pressure: 1
19:00:57.108 > calculated_torque: 32
19:00:57.108 > throttle1_pos: (none)
19:00:57.108 > throttle2_pos: (none)
19:00:57.108 > startup_countdown: not started
19:00:57.108 > motor_control_message_pacing: started
19:00:57.607 > === ECU State ===
19:00:57.607 > car_fully_on: false
19:00:57.607 > start_switch_on: false
19:00:57.607 > brake_pressure: 1
19:00:57.607 > calculated_torque: 32
19:00:57.607 > throttle1_pos: (none)
19:00:57.607 > throttle2_pos: (none)
19:00:57.607 > startup_countdown: not started
19:00:57.607 > motor_control_message_pacing: started
19:00:58.102 > === ECU State ===
19:00:58.102 > car_fully_on: false
19:00:58.102 > start_switch_on: false
19:00:58.102 > brake_pressure: 1
19:00:58.102 > calculated_torque: 32
19:00:58.102 > throttle1_pos: (none)
19:00:58.102 > throttle2_pos: (none)
19:00:58.102 > startup_countdown: not started
19:00:58.102 > motor_control_message_pacing: started
19:00:58.607 > === ECU State ===
19:00:58.607 > car_fully_on: false
19:00:58.607 > start_switch_on: false
19:00:58.607 > brake_pressure: 0
19:00:58.607 > calculated_torque: 32
19:00:58.607 > throttle1_pos: (none)
19:00:58.607 > throttle2_pos: (none)
19:00:58.607 > startup_countdown: not started
19:00:58.607 > motor_control_message_pacing: started
19:00:59.108 > === ECU State ===
19:00:59.108 > car_fully_on: false
19:00:59.108 > start_switch_on: false
19:00:59.108 > brake_pressure: 1
19:00:59.108 > calculated_torque: 32
19:00:59.108 > throttle1_pos: (none)
19:00:59.108 > throttle2_pos: (none)
19:00:59.108 > startup_countdown: not started
19:00:59.108 > motor_control_message_pacing: started
19:00:59.605 > === ECU State ===
19:00:59.605 > car_fully_on: false
19:00:59.605 > start_switch_on: false
19:00:59.605 > brake_pressure: 1
19:00:59.605 > calculated_torque: 32
19:00:59.605 > throttle1_pos: (none)
19:00:59.605 > throttle2_pos: (none)
19:00:59.605 > startup_countdown: not started
19:00:59.605 > motor_control_message_pacing: started
19:01:00.108 > === ECU State ===
19:01:00.108 > car_fully_on: false
19:01:00.108 > start_switch_on: false
19:01:00.108 > brake_pressure: 1
19:01:00.108 > calculated_torque: 32
19:01:00.108 > throttle1_pos: (none)
19:01:00.108 > throttle2_pos: (none)
19:01:00.108 > startup_countdown: not started
19:01:00.108 > motor_control_message_pacing: started
19:01:00.599 > === ECU State ===
19:01:00.609 > car_fully_on: false
19:01:00.609 > start_switch_on: false
19:01:00.609 > brake_pressure: 2
19:01:00.609 > calculated_torque: 32
19:01:00.609 > throttle1_pos: (none)
19:01:00.609 > throttle2_pos: (none)
19:01:00.609 > startup_countdown: not started
19:01:00.609 > motor_control_message_pacing: started
19:01:01.107 > === ECU State ===
19:01:01.107 > car_fully_on: false
19:01:01.107 > start_switch_on: false
19:01:01.107 > brake_pressure: 0
19:01:01.107 > calculated_torque: 32
19:01:01.107 > throttle1_pos: (none)
19:01:01.107 > throttle2_pos: (none)
19:01:01.107 > startup_countdown: not started
19:01:01.107 > motor_control_message_pacing: started
19:01:01.599 > === ECU State ===
19:01:01.609 > car_fully_on: false
19:01:01.609 > start_switch_on: false
19:01:01.609 > brake_pressure: 1
19:01:01.609 > calculated_torque: 33
19:01:01.609 > throttle1_pos: (none)
19:01:01.609 > throttle2_pos: (none)
19:01:01.609 > startup_countdown: not started
19:01:01.609 > motor_control_message_pacing: started
19:01:02.107 > === ECU State ===
19:01:02.107 > car_fully_on: false
19:01:02.107 > start_switch_on: false
19:01:02.107 > brake_pressure: 0
19:01:02.107 > calculated_torque: 33
19:01:02.107 > throttle1_pos: (none)
19:01:02.107 > throttle2_pos: (none)
19:01:02.107 > startup_countdown: not started
19:01:02.107 > motor_control_message_pacing: started
19:01:02.608 > === ECU State ===
19:01:02.608 > car_fully_on: false
19:01:02.608 > start_switch_on: false
19:01:02.608 > brake_pressure: 1
19:01:02.608 > calculated_torque: 32
19:01:02.608 > throttle1_pos: (none)
19:01:02.608 > throttle2_pos: (none)
19:01:02.608 > startup_countdown: not started
19:01:02.608 > motor_control_message_pacing: started
19:01:03.107 > === ECU State ===
19:01:03.107 > car_fully_on: false
19:01:03.107 > start_switch_on: false
19:01:03.107 > brake_pressure: 1
19:01:03.107 > calculated_torque: 32
19:01:03.107 > throttle1_pos: (none)
19:01:03.107 > throttle2_pos: (none)
19:01:03.107 > startup_countdown: not started
19:01:03.107 > motor_control_message_pacing: started
19:01:03.599 > === ECU State ===
19:01:03.609 > car_fully_on: false
19:01:03.609 > start_switch_on: false
19:01:03.609 > brake_pressure: 1
19:01:03.609 > calculated_torque: 32
19:01:03.609 > throttle1_pos: (none)
19:01:03.609 > throttle2_pos: (none)
19:01:03.609 > startup_countdown: not started
19:01:03.609 > motor_control_message_pacing: started
19:01:04.109 > === ECU State ===
19:01:04.109 > car_fully_on: false
19:01:04.109 > start_switch_on: false
19:01:04.109 > brake_pressure: 1
19:01:04.109 > calculated_torque: 33
19:01:04.109 > throttle1_pos: (none)
19:01:04.109 > throttle2_pos: (none)
19:01:04.109 > startup_countdown: not started
19:01:04.109 > motor_control_message_pacing: started
19:01:04.606 > === ECU State ===
19:01:04.606 > car_fully_on: false
19:01:04.606 > start_switch_on: false
19:01:04.606 > brake_pressure: 1
19:01:04.606 > calculated_torque: 32
19:01:04.606 > throttle1_pos: (none)
19:01:04.606 > throttle2_pos: (none)
19:01:04.606 > startup_countdown: not started
19:01:04.606 > motor_control_message_pacing: started
19:01:05.096 > === ECU State ===
19:01:05.096 > car_fully_on: false
19:01:05.096 > start_switch_on: false
19:01:05.096 > brake_pressure: 1
19:01:05.096 > calculated_torque: 32
19:01:05.096 > throttle1_pos: (none)
19:01:05.096 > throttle2_pos: (none)
19:01:05.096 > startup_countdown: not started
19:01:05.096 > motor_control_message_pacing: started
19:01:05.607 > === ECU State ===
19:01:05.607 > car_fully_on: false
19:01:05.607 > start_switch_on: true
19:01:05.607 > brake_pressure: 1
19:01:05.607 > calculated_torque: 32
19:01:05.607 > throttle1_pos: (none)
19:01:05.607 > throttle2_pos: (none)
19:01:05.607 > startup_countdown: started
19:01:05.607 > motor_control_message_pacing: started
19:01:06.099 > === ECU State ===
19:01:06.109 > car_fully_on: false
19:01:06.109 > start_switch_on: true
19:01:06.109 > brake_pressure: 2
19:01:06.109 > calculated_torque: 33
19:01:06.109 > throttle1_pos: (none)
19:01:06.109 > throttle2_pos: (none)
19:01:06.109 > startup_countdown: started
19:01:06.109 > motor_control_message_pacing: started
19:01:06.602 > === ECU State ===
19:01:06.602 > car_fully_on: false
19:01:06.602 > start_switch_on: true
19:01:06.602 > brake_pressure: 1
19:01:06.602 > calculated_torque: 33
19:01:06.602 > throttle1_pos: (none)
19:01:06.602 > throttle2_pos: (none)
19:01:06.602 > startup_countdown: started
19:01:06.602 > motor_control_message_pacing: started
19:01:07.096 > === ECU State ===
19:01:07.096 > car_fully_on: false
19:01:07.096 > start_switch_on: true
19:01:07.096 > brake_pressure: 1
19:01:07.096 > calculated_torque: 33
19:01:07.096 > throttle1_pos: (none)
19:01:07.096 > throttle2_pos: (none)
19:01:07.096 > startup_countdown: started
19:01:07.096 > motor_control_message_pacing: started
19:01:07.596 > === ECU State ===
19:01:07.596 > car_fully_on: true
19:01:07.596 > start_switch_on: true
19:01:07.596 > brake_pressure: 8
19:01:07.596 > calculated_torque: 33
19:01:07.596 > throttle1_pos: (none)
19:01:07.596 > throttle2_pos: (none)
19:01:07.596 > startup_countdown: not started
19:01:07.596 > motor_control_message_pacing: started
19:01:08.109 > === ECU State ===
19:01:08.109 > car_fully_on: true
19:01:08.109 > start_switch_on: true
19:01:08.109 > brake_pressure: 12
19:01:08.109 > calculated_torque: 34
19:01:08.109 > throttle1_pos: (none)
19:01:08.109 > throttle2_pos: (none)
19:01:08.109 > startup_countdown: not started
19:01:08.109 > motor_control_message_pacing: started
19:01:08.604 > === ECU State ===
19:01:08.604 > car_fully_on: true
19:01:08.604 > start_switch_on: true
19:01:08.604 > brake_pressure: 3
19:01:08.604 > calculated_torque: 32
19:01:08.604 > throttle1_pos: (none)
19:01:08.604 > throttle2_pos: (none)
19:01:08.604 > startup_countdown: not started
19:01:08.604 > motor_control_message_pacing: started
19:01:09.100 > === ECU State ===
19:01:09.100 > car_fully_on: false
19:01:09.100 > start_switch_on: false
19:01:09.100 > brake_pressure: 1
19:01:09.100 > calculated_torque: 32
19:01:09.100 > throttle1_pos: (none)
19:01:09.100 > throttle2_pos: (none)
19:01:09.100 > startup_countdown: not started
19:01:09.100 > motor_control_message_pacing: started
19:01:09.607 > === ECU State ===
19:01:09.607 > car_fully_on: false
19:01:09.607 > start_switch_on: false
19:01:09.607 > brake_pressure: 1
19:01:09.607 > calculated_torque: 32
19:01:09.607 > throttle1_pos: (none)
19:01:09.607 > throttle2_pos: (none)
19:01:09.607 > startup_countdown: not started
19:01:09.607 > motor_control_message_pacing: started
19:01:10.103 > === ECU State ===
19:01:10.103 > car_fully_on: false
19:01:10.103 > start_switch_on: false
19:01:10.103 > brake_pressure: 0
19:01:10.103 > calculated_torque: 33
19:01:10.103 > throttle1_pos: (none)
19:01:10.103 > throttle2_pos: (none)
19:01:10.103 > startup_countdown: not started
19:01:10.103 > motor_control_message_pacing: started
19:01:10.604 > === ECU State ===
19:01:10.604 > car_fully_on: false
19:01:10.604 > start_switch_on: false
19:01:10.604 > brake_pressure: 1
19:01:10.604 > calculated_torque: 32
19:01:10.604 > throttle1_pos: (none)
19:01:10.604 > throttle2_pos: (none)
19:01:10.604 > startup_countdown: not started
19:01:10.604 > motor_control_message_pacing: started
19:01:11.101 > === ECU State ===
19:01:11.101 > car_fully_on: false
19:01:11.101 > start_switch_on: false
19:01:11.101 > brake_pressure: 1
19:01:11.101 > calculated_torque: 32
19:01:11.101 > throttle1_pos: (none)
19:01:11.101 > throttle2_pos: (none)
19:01:11.101 > startup_countdown: not started
19:01:11.101 > motor_control_message_pacing: started
19:01:11.608 > === ECU State ===
19:01:11.608 > car_fully_on: false
19:01:11.608 > start_switch_on: false
19:01:11.608 > brake_pressure: 2
19:01:11.608 > calculated_torque: 32
19:01:11.608 > throttle1_pos: (none)
19:01:11.608 > throttle2_pos: (none)
19:01:11.608 > startup_countdown: not started
19:01:11.608 > motor_control_message_pacing: started
19:01:12.100 > === ECU State ===
19:01:12.100 > car_fully_on: false
19:01:12.100 > start_switch_on: false
19:01:12.100 > brake_pressure: 1
19:01:12.100 > calculated_torque: 33
19:01:12.100 > throttle1_pos: (none)
19:01:12.100 > throttle2_pos: (none)
19:01:12.100 > startup_countdown: not started
19:01:12.100 > motor_control_message_pacing: started
19:01:12.608 > === ECU State ===
19:01:12.608 > car_fully_on: false
19:01:12.608 > start_switch_on: false
19:01:12.608 > brake_pressure: 1
19:01:12.608 > calculated_torque: 33
19:01:12.608 > throttle1_pos: (none)
19:01:12.608 > throttle2_pos: (none)
19:01:12.608 > startup_countdown: not started
19:01:12.608 > motor_control_message_pacing: started
19:01:13.101 > === ECU State ===
19:01:13.101 > car_fully_on: false
19:01:13.101 > start_switch_on: false
19:01:13.101 > brake_pressure: 1
19:01:13.101 > calculated_torque: 33
19:01:13.101 > throttle1_pos: (none)
19:01:13.101 > throttle2_pos: (none)
19:01:13.101 > startup_countdown: not started
19:01:13.101 > motor_control_message_pacing: started
19:01:13.596 > === ECU State ===
19:01:13.596 > car_fully_on: false
19:01:13.596 > start_switch_on: false
19:01:13.596 > brake_pressure: 1
19:01:13.596 > calculated_torque: 32
19:01:13.596 > throttle1_pos: (none)
19:01:13.596 > throttle2_pos: (none)
19:01:13.596 > startup_countdown: not started
19:01:13.596 > motor_control_message_pacing: started
19:01:14.105 > === ECU State ===
19:01:14.105 > car_fully_on: false
19:01:14.105 > start_switch_on: false
19:01:14.105 > brake_pressure: 1
19:01:14.105 > calculated_torque: 32
19:01:14.105 > throttle1_pos: (none)
19:01:14.105 > throttle2_pos: (none)
19:01:14.105 > startup_countdown: not started
19:01:14.105 > motor_control_message_pacing: started
19:01:14.609 > === ECU State ===
19:01:14.609 > car_fully_on: false
19:01:14.609 > start_switch_on: false
19:01:14.609 > brake_pressure: 1
19:01:14.609 > calculated_torque: 32
19:01:14.609 > throttle1_pos: (none)
19:01:14.609 > throttle2_pos: (none)
19:01:14.609 > startup_countdown: not started
19:01:14.609 > motor_control_message_pacing: started
19:01:15.109 > === ECU State ===
19:01:15.109 > car_fully_on: false
19:01:15.109 > start_switch_on: false
19:01:15.109 > brake_pressure: 1
19:01:15.109 > calculated_torque: 33
19:01:15.109 > throttle1_pos: (none)
19:01:15.109 > throttle2_pos: (none)
19:01:15.109 > startup_countdown: not started
19:01:15.109 > motor_control_message_pacing: started
19:01:15.607 > === ECU State ===
19:01:15.607 > car_fully_on: false
19:01:15.607 > start_switch_on: false
19:01:15.607 > brake_pressure: 1
19:01:15.607 > calculated_torque: 32
19:01:15.607 > throttle1_pos: (none)
19:01:15.607 > throttle2_pos: (none)
19:01:15.607 > startup_countdown: not started
19:01:15.607 > motor_control_message_pacing: started
19:01:16.107 > === ECU State ===
19:01:16.107 > car_fully_on: false
19:01:16.107 > start_switch_on: false
19:01:16.107 > brake_pressure: 2
19:01:16.107 > calculated_torque: 32
19:01:16.107 > throttle1_pos: (none)
19:01:16.107 > throttle2_pos: (none)
19:01:16.107 > startup_countdown: not started
19:01:16.107 > motor_control_message_pacing: started
19:01:16.608 > === ECU State ===
19:01:16.608 > car_fully_on: false
19:01:16.608 > start_switch_on: false
19:01:16.608 > brake_pressure: 1
19:01:16.608 > calculated_torque: 32
19:01:16.608 > throttle1_pos: (none)
19:01:16.608 > throttle2_pos: (none)
19:01:16.608 > startup_countdown: not started
19:01:16.608 > motor_control_message_pacing: started
19:01:17.099 > === ECU State ===
19:01:17.109 > car_fully_on: false
19:01:17.109 > start_switch_on: false
19:01:17.109 > brake_pressure: 1
19:01:17.109 > calculated_torque: 32
19:01:17.109 > throttle1_pos: (none)
19:01:17.109 > throttle2_pos: (none)
19:01:17.109 > startup_countdown: not started
19:01:17.109 > motor_control_message_pacing: started
19:01:17.607 > === ECU State ===
19:01:17.607 > car_fully_on: false
19:01:17.607 > start_switch_on: false
19:01:17.607 > brake_pressure: 2
19:01:17.607 > calculated_torque: 32
19:01:17.607 > throttle1_pos: (none)
19:01:17.607 > throttle2_pos: (none)
19:01:17.607 > startup_countdown: not started
19:01:17.607 > motor_control_message_pacing: started
19:01:18.096 > === ECU State ===
19:01:18.096 > car_fully_on: false
19:01:18.096 > start_switch_on: false
19:01:18.096 > brake_pressure: 2
19:01:18.096 > calculated_torque: 32
19:01:18.096 > throttle1_pos: (none)
19:01:18.096 > throttle2_pos: (none)
19:01:18.096 > startup_countdown: not started
19:01:18.096 > motor_control_message_pacing: started
19:01:18.601 > === ECU State ===
19:01:18.601 > car_fully_on: false
19:01:18.601 > start_switch_on: false
19:01:18.601 > brake_pressure: 0
19:01:18.601 > calculated_torque: 32
19:01:18.601 > throttle1_pos: (none)
19:01:18.601 > throttle2_pos: (none)
19:01:18.601 > startup_countdown: not started
19:01:18.601 > motor_control_message_pacing: started
19:01:19.103 > === ECU State ===
19:01:19.103 > car_fully_on: false
19:01:19.103 > start_switch_on: false
19:01:19.103 > brake_pressure: 2
19:01:19.103 > calculated_torque: 33
19:01:19.103 > throttle1_pos: (none)
19:01:19.103 > throttle2_pos: (none)
19:01:19.103 > startup_countdown: not started
19:01:19.103 > motor_control_message_pacing: started
19:01:19.605 > === ECU State ===
19:01:19.605 > car_fully_on: false
19:01:19.605 > start_switch_on: false
19:01:19.605 > brake_pressure: 1
19:01:19.605 > calculated_torque: 33
19:01:19.605 > throttle1_pos: (none)
19:01:19.605 > throttle2_pos: (none)
19:01:19.605 > startup_countdown: not started
19:01:19.605 > motor_control_message_pacing: started
19:01:20.103 > === ECU State ===
19:01:20.103 > car_fully_on: false
19:01:20.103 > start_switch_on: false
19:01:20.103 > brake_pressure: 0
19:01:20.103 > calculated_torque: 32
19:01:20.103 > throttle1_pos: (none)
19:01:20.103 > throttle2_pos: (none)
19:01:20.103 > startup_countdown: not started
19:01:20.103 > motor_control_message_pacing: started
19:01:20.604 > === ECU State ===
19:01:20.604 > car_fully_on: false
19:01:20.604 > start_switch_on: true
19:01:20.604 > brake_pressure: 1
19:01:20.604 > calculated_torque: 32
19:01:20.604 > throttle1_pos: (none)
19:01:20.604 > throttle2_pos: (none)
19:01:20.604 > startup_countdown: started
19:01:20.604 > motor_control_message_pacing: started
19:01:21.108 > === ECU State ===
19:01:21.108 > car_fully_on: false
19:01:21.108 > start_switch_on: true
19:01:21.108 > brake_pressure: 1
19:01:21.108 > calculated_torque: 32
19:01:21.108 > throttle1_pos: (none)
19:01:21.108 > throttle2_pos: (none)
19:01:21.108 > startup_countdown: started
19:01:21.108 > motor_control_message_pacing: started
19:01:21.606 > === ECU State ===
19:01:21.606 > car_fully_on: false
19:01:21.606 > start_switch_on: true
19:01:21.606 > brake_pressure: 0
19:01:21.606 > calculated_torque: 33
19:01:21.606 > throttle1_pos: (none)
19:01:21.606 > throttle2_pos: (none)
19:01:21.606 > startup_countdown: started
19:01:21.606 > motor_control_message_pacing: started
19:01:22.108 > === ECU State ===
19:01:22.108 > car_fully_on: false
19:01:22.108 > start_switch_on: true
19:01:22.108 > brake_pressure: 2
19:01:22.108 > calculated_torque: 32
19:01:22.108 > throttle1_pos: (none)
19:01:22.108 > throttle2_pos: (none)
19:01:22.108 > startup_countdown: started
19:01:22.108 > motor_control_message_pacing: started
19:01:22.601 > === ECU State ===
19:01:22.601 > car_fully_on: true
19:01:22.601 > start_switch_on: true
19:01:22.601 > brake_pressure: 1
19:01:22.601 > calculated_torque: 32
19:01:22.601 > throttle1_pos: (none)
19:01:22.601 > throttle2_pos: (none)
19:01:22.601 > startup_countdown: not started
19:01:22.601 > motor_control_message_pacing: started
19:01:23.104 > === ECU State ===
19:01:23.109 > car_fully_on: true
19:01:23.109 > start_switch_on: true
19:01:23.109 > brake_pressure: 23
19:01:23.109 > calculated_torque: 33
19:01:23.109 > throttle1_pos: (none)
19:01:23.109 > throttle2_pos: (none)
19:01:23.109 > startup_countdown: not started
19:01:23.109 > motor_control_message_pacing: started
19:01:23.607 > === ECU State ===
19:01:23.607 > car_fully_on: false
19:01:23.607 > start_switch_on: false
19:01:23.607 > brake_pressure: 1
19:01:23.607 > calculated_torque: 32
19:01:23.607 > throttle1_pos: (none)
19:01:23.607 > throttle2_pos: (none)
19:01:23.607 > startup_countdown: not started
19:01:23.607 > motor_control_message_pacing: started
19:01:24.101 > === ECU State ===
19:01:24.101 > car_fully_on: false
19:01:24.101 > start_switch_on: false
19:01:24.101 > brake_pressure: 1
19:01:24.101 > calculated_torque: 32
19:01:24.101 > throttle1_pos: (none)
19:01:24.101 > throttle2_pos: (none)
19:01:24.101 > startup_countdown: not started
19:01:24.101 > motor_control_message_pacing: started
19:01:24.607 > === ECU State ===
19:01:24.607 > car_fully_on: false
19:01:24.607 > start_switch_on: false
19:01:24.607 > brake_pressure: 0
19:01:24.607 > calculated_torque: 32
19:01:24.607 > throttle1_pos: (none)
19:01:24.607 > throttle2_pos: (none)
19:01:24.607 > startup_countdown: not started
19:01:24.607 > motor_control_message_pacing: started
19:01:25.103 > === ECU State ===
19:01:25.103 > car_fully_on: false
19:01:25.103 > start_switch_on: false
19:01:25.103 > brake_pressure: 1
19:01:25.103 > calculated_torque: 32
19:01:25.103 > throttle1_pos: (none)
19:01:25.103 > throttle2_pos: (none)
19:01:25.103 > startup_countdown: not started
19:01:25.103 > motor_control_message_pacing: started
19:01:25.596 > === ECU State ===
19:01:25.596 > car_fully_on: false
19:01:25.596 > start_switch_on: false
19:01:25.596 > brake_pressure: 1
19:01:25.596 > calculated_torque: 32
19:01:25.596 > throttle1_pos: (none)
19:01:25.596 > throttle2_pos: (none)
19:01:25.596 > startup_countdown: not started
19:01:25.596 > motor_control_message_pacing: started
19:01:26.103 > === ECU State ===
19:01:26.103 > car_fully_on: false
19:01:26.103 > start_switch_on: false
19:01:26.103 > brake_pressure: 1
19:01:26.103 > calculated_torque: 32
19:01:26.103 > throttle1_pos: (none)
19:01:26.103 > throttle2_pos: (none)
19:01:26.103 > startup_countdown: not started
19:01:26.103 > motor_control_message_pacing: started
19:01:26.609 > === ECU State ===
19:01:26.609 > car_fully_on: false
19:01:26.609 > start_switch_on: false
19:01:26.609 > brake_pressure: 1
19:01:26.609 > calculated_torque: 32
19:01:26.609 > throttle1_pos: (none)
19:01:26.609 > throttle2_pos: (none)
19:01:26.609 > startup_countdown: not started
19:01:26.609 > motor_control_message_pacing: started
19:01:27.108 > === ECU State ===
19:01:27.108 > car_fully_on: false
19:01:27.108 > start_switch_on: false
19:01:27.108 > brake_pressure: 1
19:01:27.108 > calculated_torque: 32
19:01:27.108 > throttle1_pos: (none)
19:01:27.108 > throttle2_pos: (none)
19:01:27.108 > startup_countdown: not started
19:01:27.108 > motor_control_message_pacing: started
19:01:27.602 > === ECU State ===
19:01:27.602 > car_fully_on: false
19:01:27.602 > start_switch_on: false
19:01:27.602 > brake_pressure: 1
19:01:27.602 > calculated_torque: 32
19:01:27.602 > throttle1_pos: (none)
19:01:27.602 > throttle2_pos: (none)
19:01:27.602 > startup_countdown: not started
19:01:27.602 > motor_control_message_pacing: started
19:01:28.102 > === ECU State ===
19:01:28.102 > car_fully_on: false
19:01:28.102 > start_switch_on: false
19:01:28.102 > brake_pressure: 1
19:01:28.102 > calculated_torque: 32
19:01:28.102 > throttle1_pos: (none)
19:01:28.102 > throttle2_pos: (none)
19:01:28.102 > startup_countdown: not started
19:01:28.102 > motor_control_message_pacing: started
19:01:28.604 > === ECU State ===
19:01:28.604 > car_fully_on: false
19:01:28.604 > start_switch_on: false
19:01:28.604 > brake_pressure: 1
19:01:28.604 > calculated_torque: 32
19:01:28.604 > throttle1_pos: (none)
19:01:28.604 > throttle2_pos: (none)
19:01:28.604 > startup_countdown: not started
19:01:28.604 > motor_control_message_pacing: started
19:01:29.103 > === ECU State ===
19:01:29.103 > car_fully_on: false
19:01:29.103 > start_switch_on: false
19:01:29.103 > brake_pressure: 1
19:01:29.103 > calculated_torque: 32
19:01:29.103 > throttle1_pos: (none)
19:01:29.103 > throttle2_pos: (none)
19:01:29.103 > startup_countdown: not started
19:01:29.103 > motor_control_message_pacing: started
19:01:29.609 > === ECU State ===
19:01:29.609 > car_fully_on: false
19:01:29.609 > start_switch_on: true
19:01:29.609 > brake_pressure: 0
19:01:29.609 > calculated_torque: 32
19:01:29.609 > throttle1_pos: (none)
19:01:29.609 > throttle2_pos: (none)
19:01:29.609 > startup_countdown: started
19:01:29.609 > motor_control_message_pacing: started
19:01:30.104 > === ECU State ===
19:01:30.104 > car_fully_on: false
19:01:30.104 > start_switch_on: true
19:01:30.104 > brake_pressure: 1
19:01:30.104 > calculated_torque: 32
19:01:30.104 > throttle1_pos: (none)
19:01:30.104 > throttle2_pos: (none)
19:01:30.104 > startup_countdown: started
19:01:30.104 > motor_control_message_pacing: started
19:01:30.601 > === ECU State ===
19:01:30.610 > car_fully_on: false
19:01:30.610 > start_switch_on: true
19:01:30.610 > brake_pressure: 1
19:01:30.610 > calculated_torque: 32
19:01:30.610 > throttle1_pos: (none)
19:01:30.610 > throttle2_pos: (none)
19:01:30.610 > startup_countdown: started
19:01:30.610 > motor_control_message_pacing: started
19:01:31.107 > === ECU State ===
19:01:31.107 > car_fully_on: false
19:01:31.107 > start_switch_on: true
19:01:31.107 > brake_pressure: 1
19:01:31.107 > calculated_torque: 32
19:01:31.107 > throttle1_pos: (none)
19:01:31.107 > throttle2_pos: (none)
19:01:31.107 > startup_countdown: started
19:01:31.107 > motor_control_message_pacing: started
19:01:31.607 > === ECU State ===
19:01:31.607 > car_fully_on: true
19:01:31.607 > start_switch_on: true
19:01:31.607 > brake_pressure: 1
19:01:31.607 > calculated_torque: 32
19:01:31.607 > throttle1_pos: (none)
19:01:31.607 > throttle2_pos: (none)
19:01:31.607 > startup_countdown: not started
19:01:31.607 > motor_control_message_pacing: started
19:01:32.107 > === ECU State ===
19:01:32.107 > car_fully_on: true
19:01:32.107 > start_switch_on: true
19:01:32.107 > brake_pressure: 73
19:01:32.107 > calculated_torque: 78
19:01:32.107 > throttle1_pos: (none)
19:01:32.107 > throttle2_pos: (none)
19:01:32.107 > startup_countdown: not started
19:01:32.107 > motor_control_message_pacing: started
19:01:32.607 > === ECU State ===
19:01:32.607 > car_fully_on: true
19:01:32.607 > start_switch_on: true
19:01:32.607 > brake_pressure: 1
19:01:32.607 > calculated_torque: 32
19:01:32.607 > throttle1_pos: (none)
19:01:32.607 > throttle2_pos: (none)
19:01:32.607 > startup_countdown: not started
19:01:32.607 > motor_control_message_pacing: started
19:01:33.104 > === ECU State ===
19:01:33.104 > car_fully_on: true
19:01:33.104 > start_switch_on: true
19:01:33.104 > brake_pressure: 1
19:01:33.104 > calculated_torque: 34
19:01:33.104 > throttle1_pos: (none)
19:01:33.104 > throttle2_pos: (none)
19:01:33.104 > startup_countdown: not started
19:01:33.104 > motor_control_message_pacing: started
19:01:33.603 > === ECU State ===
19:01:33.603 > car_fully_on: true
19:01:33.603 > start_switch_on: true
19:01:33.603 > brake_pressure: 1
19:01:33.603 > calculated_torque: 32
19:01:33.603 > throttle1_pos: (none)
19:01:33.603 > throttle2_pos: (none)
19:01:33.603 > startup_countdown: not started
19:01:33.603 > motor_control_message_pacing: started
19:01:34.100 > === ECU State ===
19:01:34.100 > car_fully_on: true
19:01:34.100 > start_switch_on: true
19:01:34.100 > brake_pressure: 2
19:01:34.100 > calculated_torque: 33
19:01:34.100 > throttle1_pos: (none)
19:01:34.100 > throttle2_pos: (none)
19:01:34.100 > startup_countdown: not started
19:01:34.100 > motor_control_message_pacing: started
19:01:34.601 > === ECU State ===
19:01:34.601 > car_fully_on: false
19:01:34.601 > start_switch_on: false
19:01:34.601 > brake_pressure: 1
19:01:34.601 > calculated_torque: 32
19:01:34.601 > throttle1_pos: (none)
19:01:34.601 > throttle2_pos: (none)
19:01:34.601 > startup_countdown: not started
19:01:34.601 > motor_control_message_pacing: started
19:01:35.109 > === ECU State ===
19:01:35.109 > car_fully_on: false
19:01:35.109 > start_switch_on: false
19:01:35.109 > brake_pressure: 1
19:01:35.109 > calculated_torque: 32
19:01:35.109 > throttle1_pos: (none)
19:01:35.109 > throttle2_pos: (none)
19:01:35.109 > startup_countdown: not started
19:01:35.109 > motor_control_message_pacing: started
19:01:35.603 > === ECU State ===
19:01:35.603 > car_fully_on: false
19:01:35.603 > start_switch_on: false
19:01:35.603 > brake_pressure: 1
19:01:35.603 > calculated_torque: 32
19:01:35.603 > throttle1_pos: (none)
19:01:35.603 > throttle2_pos: (none)
19:01:35.603 > startup_countdown: not started
19:01:35.603 > motor_control_message_pacing: started
19:01:36.106 > === ECU State ===
19:01:36.106 > car_fully_on: false
19:01:36.106 > start_switch_on: false
19:01:36.106 > brake_pressure: 0
19:01:36.106 > calculated_torque: 32
19:01:36.106 > throttle1_pos: (none)
19:01:36.106 > throttle2_pos: (none)
19:01:36.106 > startup_countdown: not started
19:01:36.106 > motor_control_message_pacing: started
19:01:36.607 > === ECU State ===
19:01:36.607 > car_fully_on: false
19:01:36.607 > start_switch_on: false
19:01:36.607 > brake_pressure: 1
19:01:36.607 > calculated_torque: 32
19:01:36.607 > throttle1_pos: (none)
19:01:36.607 > throttle2_pos: (none)
19:01:36.607 > startup_countdown: not started
19:01:36.607 > motor_control_message_pacing: started
19:01:37.105 > === ECU State ===
19:01:37.105 > car_fully_on: false
19:01:37.105 > start_switch_on: false
19:01:37.105 > brake_pressure: 0
19:01:37.105 > calculated_torque: 32
19:01:37.105 > throttle1_pos: (none)
19:01:37.105 > throttle2_pos: (none)
19:01:37.105 > startup_countdown: not started
19:01:37.105 > motor_control_message_pacing: started
19:01:37.609 > === ECU State ===
19:01:37.609 > car_fully_on: false
19:01:37.609 > start_switch_on: false
19:01:37.609 > brake_pressure: 1
19:01:37.609 > calculated_torque: 32
19:01:37.609 > throttle1_pos: (none)
19:01:37.609 > throttle2_pos: (none)
19:01:37.609 > startup_countdown: not started
19:01:37.609 > motor_control_message_pacing: started
19:01:38.108 > === ECU State ===
19:01:38.108 > car_fully_on: false
19:01:38.108 > start_switch_on: false
19:01:38.108 > brake_pressure: 1
19:01:38.108 > calculated_torque: 32
19:01:38.108 > throttle1_pos: (none)
19:01:38.108 > throttle2_pos: (none)
19:01:38.108 > startup_countdown: not started
19:01:38.108 > motor_control_message_pacing: started
19:01:38.601 > === ECU State ===
19:01:38.601 > car_fully_on: false
19:01:38.601 > start_switch_on: false
19:01:38.601 > brake_pressure: 1
19:01:38.601 > calculated_torque: 32
19:01:38.601 > throttle1_pos: (none)
19:01:38.601 > throttle2_pos: (none)
19:01:38.601 > startup_countdown: not started
19:01:38.601 > motor_control_message_pacing: started
19:01:39.105 > === ECU State ===
19:01:39.105 > car_fully_on: false
19:01:39.105 > start_switch_on: false
19:01:39.105 > brake_pressure: 1
19:01:39.105 > calculated_torque: 32
19:01:39.105 > throttle1_pos: (none)
19:01:39.105 > throttle2_pos: (none)
19:01:39.105 > startup_countdown: not started
19:01:39.105 > motor_control_message_pacing: started
19:01:39.597 > === ECU State ===
19:01:39.609 > car_fully_on: false
19:01:39.609 > start_switch_on: false
19:01:39.609 > brake_pressure: 1
19:01:39.609 > calculated_torque: 32
19:01:39.609 > throttle1_pos: (none)
19:01:39.609 > throttle2_pos: (none)
19:01:39.609 > startup_countdown: not started
19:01:39.609 > motor_control_message_pacing: started
19:01:40.104 > === ECU State ===
19:01:40.104 > car_fully_on: false
19:01:40.104 > start_switch_on: false
19:01:40.104 > brake_pressure: 1
19:01:40.104 > calculated_torque: 32
19:01:40.104 > throttle1_pos: (none)
19:01:40.104 > throttle2_pos: (none)
19:01:40.104 > startup_countdown: not started
19:01:40.104 > motor_control_message_pacing: started
19:01:40.596 > === ECU State ===
19:01:40.610 > car_fully_on: false
19:01:40.610 > start_switch_on: false
19:01:40.610 > brake_pressure: 0
19:01:40.610 > calculated_torque: 32
19:01:40.610 > throttle1_pos: (none)
19:01:40.610 > throttle2_pos: (none)
19:01:40.610 > startup_countdown: not started
19:01:40.610 > motor_control_message_pacing: started
19:01:41.096 > === ECU State ===
19:01:41.096 > car_fully_on: false
19:01:41.096 > start_switch_on: false
19:01:41.096 > brake_pressure: 1
19:01:41.096 > calculated_torque: 32
19:01:41.096 > throttle1_pos: (none)
19:01:41.096 > throttle2_pos: (none)
19:01:41.096 > startup_countdown: not started
19:01:41.096 > motor_control_message_pacing: started
19:01:41.607 > === ECU State ===
19:01:41.607 > car_fully_on: false
19:01:41.607 > start_switch_on: false
19:01:41.607 > brake_pressure: 2
19:01:41.607 > calculated_torque: 32
19:01:41.607 > throttle1_pos: (none)
19:01:41.607 > throttle2_pos: (none)
19:01:41.607 > startup_countdown: not started
19:01:41.607 > motor_control_message_pacing: started
19:01:42.103 > === ECU State ===
19:01:42.110 > car_fully_on: false
19:01:42.110 > start_switch_on: false
19:01:42.110 > brake_pressure: 1
19:01:42.110 > calculated_torque: 33
19:01:42.110 > throttle1_pos: (none)
19:01:42.110 > throttle2_pos: (none)
19:01:42.110 > startup_countdown: not started
19:01:42.110 > motor_control_message_pacing: started
19:01:42.596 > === ECU State ===
19:01:42.610 > car_fully_on: false
19:01:42.610 > start_switch_on: false
19:01:42.610 > brake_pressure: 1
19:01:42.610 > calculated_torque: 32
19:01:42.610 > throttle1_pos: (none)
19:01:42.610 > throttle2_pos: (none)
19:01:42.610 > startup_countdown: not started
19:01:42.610 > motor_control_message_pacing: started
19:01:43.100 > === ECU State ===
19:01:43.110 > car_fully_on: false
19:01:43.110 > start_switch_on: false
19:01:43.110 > brake_pressure: 0
19:01:43.110 > calculated_torque: 32
19:01:43.110 > throttle1_pos: (none)
19:01:43.110 > throttle2_pos: (none)
19:01:43.110 > startup_countdown: not started
19:01:43.110 > motor_control_message_pacing: started
19:01:43.596 > === ECU State ===
19:01:43.596 > car_fully_on: false
19:01:43.596 > start_switch_on: false
19:01:43.596 > brake_pressure: 1
19:01:43.596 > calculated_torque: 32
19:01:43.596 > throttle1_pos: (none)
19:01:43.596 > throttle2_pos: (none)
19:01:43.596 > startup_countdown: not started
19:01:43.596 > motor_control_message_pacing: started
19:01:44.109 > === ECU State ===
19:01:44.109 > car_fully_on: false
19:01:44.109 > start_switch_on: false
19:01:44.109 > brake_pressure: 1
19:01:44.109 > calculated_torque: 32
19:01:44.109 > throttle1_pos: (none)
19:01:44.109 > throttle2_pos: (none)
19:01:44.109 > startup_countdown: not started
19:01:44.109 > motor_control_message_pacing: started
19:01:44.608 > === ECU State ===
19:01:44.608 > car_fully_on: false
19:01:44.608 > start_switch_on: false
19:01:44.608 > brake_pressure: 1
19:01:44.608 > calculated_torque: 32
19:01:44.608 > throttle1_pos: (none)
19:01:44.608 > throttle2_pos: (none)
19:01:44.608 > startup_countdown: not started
19:01:44.608 > motor_control_message_pacing: started
19:01:45.108 > === ECU State ===
19:01:45.108 > car_fully_on: false
19:01:45.108 > start_switch_on: false
19:01:45.108 > brake_pressure: 0
19:01:45.108 > calculated_torque: 32
19:01:45.108 > throttle1_pos: (none)
19:01:45.108 > throttle2_pos: (none)
19:01:45.108 > startup_countdown: not started
19:01:45.108 > motor_control_message_pacing: started
19:01:45.600 > === ECU State ===
19:01:45.600 > car_fully_on: false
19:01:45.600 > start_switch_on: false
19:01:45.600 > brake_pressure: 2
19:01:45.600 > calculated_torque: 32
19:01:45.600 > throttle1_pos: (none)
19:01:45.600 > throttle2_pos: (none)
19:01:45.600 > startup_countdown: not started
19:01:45.600 > motor_control_message_pacing: started
19:01:46.109 > === ECU State ===
19:01:46.109 > car_fully_on: false
19:01:46.109 > start_switch_on: false
19:01:46.109 > brake_pressure: 1
19:01:46.109 > calculated_torque: 32
19:01:46.109 > throttle1_pos: (none)
19:01:46.109 > throttle2_pos: (none)
19:01:46.109 > startup_countdown: not started
19:01:46.109 > motor_control_message_pacing: started
19:01:46.600 > === ECU State ===
19:01:46.600 > car_fully_on: false
19:01:46.600 > start_switch_on: false
19:01:46.600 > brake_pressure: 1
19:01:46.600 > calculated_torque: 32
19:01:46.600 > throttle1_pos: (none)
19:01:46.600 > throttle2_pos: (none)
19:01:46.600 > startup_countdown: not started
19:01:46.600 > motor_control_message_pacing: started
19:01:47.096 > === ECU State ===
19:01:47.111 > car_fully_on: false
19:01:47.111 > start_switch_on: false
19:01:47.111 > brake_pressure: 1
19:01:47.111 > calculated_torque: 32
19:01:47.111 > throttle1_pos: (none)
19:01:47.111 > throttle2_pos: (none)
19:01:47.111 > startup_countdown: not started
19:01:47.111 > motor_control_message_pacing: started
19:01:47.608 > === ECU State ===
19:01:47.608 > car_fully_on: false
19:01:47.608 > start_switch_on: false
19:01:47.608 > brake_pressure: 1
19:01:47.608 > calculated_torque: 32
19:01:47.608 > throttle1_pos: (none)
19:01:47.608 > throttle2_pos: (none)
19:01:47.608 > startup_countdown: not started
19:01:47.608 > motor_control_message_pacing: started
19:01:48.109 > === ECU State ===
19:01:48.109 > car_fully_on: false
19:01:48.109 > start_switch_on: false
19:01:48.109 > brake_pressure: 0
19:01:48.109 > calculated_torque: 33
19:01:48.109 > throttle1_pos: (none)
19:01:48.109 > throttle2_pos: (none)
19:01:48.109 > startup_countdown: not started
19:01:48.109 > motor_control_message_pacing: started
19:01:48.601 > === ECU State ===
19:01:48.601 > car_fully_on: false
19:01:48.601 > start_switch_on: false
19:01:48.601 > brake_pressure: 1
19:01:48.601 > calculated_torque: 32
19:01:48.601 > throttle1_pos: (none)
19:01:48.601 > throttle2_pos: (none)
19:01:48.601 > startup_countdown: not started
19:01:48.601 > motor_control_message_pacing: started
19:01:49.103 > === ECU State ===
19:01:49.103 > car_fully_on: false
19:01:49.103 > start_switch_on: false
19:01:49.103 > brake_pressure: 0
19:01:49.103 > calculated_torque: 33
19:01:49.103 > throttle1_pos: (none)
19:01:49.103 > throttle2_pos: (none)
19:01:49.103 > startup_countdown: not started
19:01:49.103 > motor_control_message_pacing: started
19:01:49.604 > === ECU State ===
19:01:49.611 > car_fully_on: false
19:01:49.611 > start_switch_on: false
19:01:49.611 > brake_pressure: 1
19:01:49.611 > calculated_torque: 32
19:01:49.611 > throttle1_pos: (none)
19:01:49.611 > throttle2_pos: (none)
19:01:49.611 > startup_countdown: not started
19:01:49.611 > motor_control_message_pacing: started
19:01:50.109 > === ECU State ===
19:01:50.110 > car_fully_on: false
19:01:50.110 > start_switch_on: false
19:01:50.110 > brake_pressure: 1
19:01:50.110 > calculated_torque: 32
19:01:50.110 > throttle1_pos: (none)
19:01:50.110 > throttle2_pos: (none)
19:01:50.110 > startup_countdown: not started
19:01:50.110 > motor_control_message_pacing: started
19:01:50.608 > === ECU State ===
19:01:50.608 > car_fully_on: false
19:01:50.608 > start_switch_on: false
19:01:50.608 > brake_pressure: 1
19:01:50.608 > calculated_torque: 32
19:01:50.608 > throttle1_pos: (none)
19:01:50.608 > throttle2_pos: (none)
19:01:50.608 > startup_countdown: not started
19:01:50.608 > motor_control_message_pacing: started
19:01:51.100 > === ECU State ===
19:01:51.100 > car_fully_on: false
19:01:51.100 > start_switch_on: false
19:01:51.100 > brake_pressure: 2
19:01:51.100 > calculated_torque: 33
19:01:51.100 > throttle1_pos: (none)
19:01:51.100 > throttle2_pos: (none)
19:01:51.100 > startup_countdown: not started
19:01:51.100 > motor_control_message_pacing: started
19:01:51.606 > === ECU State ===
19:01:51.606 > car_fully_on: false
19:01:51.606 > start_switch_on: false
19:01:51.606 > brake_pressure: 1
19:01:51.606 > calculated_torque: 32
19:01:51.606 > throttle1_pos: (none)
19:01:51.606 > throttle2_pos: (none)
19:01:51.606 > startup_countdown: not started
19:01:51.606 > motor_control_message_pacing: started
19:01:52.106 > === ECU State ===
19:01:52.106 > car_fully_on: false
19:01:52.106 > start_switch_on: false
19:01:52.106 > brake_pressure: 1
19:01:52.106 > calculated_torque: 33
19:01:52.106 > throttle1_pos: (none)
19:01:52.106 > throttle2_pos: (none)
19:01:52.106 > startup_countdown: not started
19:01:52.106 > motor_control_message_pacing: started
19:01:52.607 > === ECU State ===
19:01:52.609 > car_fully_on: false
19:01:52.609 > start_switch_on: false
19:01:52.609 > brake_pressure: 1
19:01:52.609 > calculated_torque: 32
19:01:52.609 > throttle1_pos: (none)
19:01:52.609 > throttle2_pos: (none)
19:01:52.609 > startup_countdown: not started
19:01:52.609 > motor_control_message_pacing: started
19:01:53.107 > === ECU State ===
19:01:53.107 > car_fully_on: false
19:01:53.107 > start_switch_on: false
19:01:53.107 > brake_pressure: 1
19:01:53.107 > calculated_torque: 32
19:01:53.107 > throttle1_pos: (none)
19:01:53.107 > throttle2_pos: (none)
19:01:53.107 > startup_countdown: not started
19:01:53.107 > motor_control_message_pacing: started
19:01:53.607 > === ECU State ===
19:01:53.610 > car_fully_on: false
19:01:53.610 > start_switch_on: false
19:01:53.610 > brake_pressure: 1
19:01:53.610 > calculated_torque: 32
19:01:53.610 > throttle1_pos: (none)
19:01:53.610 > throttle2_pos: (none)
19:01:53.610 > startup_countdown: not started
19:01:53.610 > motor_control_message_pacing: started
19:01:54.104 > === ECU State ===
19:01:54.104 > car_fully_on: false
19:01:54.104 > start_switch_on: false
19:01:54.104 > brake_pressure: 1
19:01:54.104 > calculated_torque: 33
19:01:54.104 > throttle1_pos: (none)
19:01:54.104 > throttle2_pos: (none)
19:01:54.104 > startup_countdown: not started
19:01:54.104 > motor_control_message_pacing: started
19:01:54.607 > === ECU State ===
19:01:54.607 > car_fully_on: false
19:01:54.607 > start_switch_on: false
19:01:54.607 > brake_pressure: 2
19:01:54.607 > calculated_torque: 32
19:01:54.607 > throttle1_pos: (none)
19:01:54.607 > throttle2_pos: (none)
19:01:54.607 > startup_countdown: not started
19:01:54.607 > motor_control_message_pacing: started
19:01:55.099 > === ECU State ===
19:01:55.110 > car_fully_on: false
19:01:55.110 > start_switch_on: false
19:01:55.110 > brake_pressure: 1
19:01:55.110 > calculated_torque: 32
19:01:55.110 > throttle1_pos: (none)
19:01:55.110 > throttle2_pos: (none)
19:01:55.110 > startup_countdown: not started
19:01:55.110 > motor_control_message_pacing: started
19:01:55.596 > === ECU State ===
19:01:55.596 > car_fully_on: false
19:01:55.596 > start_switch_on: false
19:01:55.596 > brake_pressure: 1
19:01:55.596 > calculated_torque: 32
19:01:55.596 > throttle1_pos: (none)
19:01:55.596 > throttle2_pos: (none)
19:01:55.596 > startup_countdown: not started
19:01:55.596 > motor_control_message_pacing: started
19:01:56.109 > === ECU State ===
19:01:56.109 > car_fully_on: false
19:01:56.109 > start_switch_on: false
19:01:56.109 > brake_pressure: 0
19:01:56.109 > calculated_torque: 32
19:01:56.109 > throttle1_pos: (none)
19:01:56.109 > throttle2_pos: (none)
19:01:56.109 > startup_countdown: not started
19:01:56.109 > motor_control_message_pacing: started
19:01:56.602 > === ECU State ===
19:01:56.602 > car_fully_on: false
19:01:56.602 > start_switch_on: false
19:01:56.602 > brake_pressure: 1
19:01:56.602 > calculated_torque: 32
19:01:56.602 > throttle1_pos: (none)
19:01:56.602 > throttle2_pos: (none)
19:01:56.602 > startup_countdown: not started
19:01:56.602 > motor_control_message_pacing: started
19:01:57.108 > === ECU State ===
19:01:57.108 > car_fully_on: false
19:01:57.108 > start_switch_on: false
19:01:57.108 > brake_pressure: 2
19:01:57.108 > calculated_torque: 32
19:01:57.108 > throttle1_pos: (none)
19:01:57.108 > throttle2_pos: (none)
19:01:57.108 > startup_countdown: not started
19:01:57.108 > motor_control_message_pacing: started
19:01:57.608 > === ECU State ===
19:01:57.609 > car_fully_on: false
19:01:57.609 > start_switch_on: false
19:01:57.609 > brake_pressure: 1
19:01:57.609 > calculated_torque: 33
19:01:57.609 > throttle1_pos: (none)
19:01:57.609 > throttle2_pos: (none)
19:01:57.609 > startup_countdown: not started
19:01:57.609 > motor_control_message_pacing: started
19:01:58.106 > === ECU State ===
19:01:58.106 > car_fully_on: false
19:01:58.106 > start_switch_on: false
19:01:58.106 > brake_pressure: 1
19:01:58.106 > calculated_torque: 32
19:01:58.106 > throttle1_pos: (none)
19:01:58.106 > throttle2_pos: (none)
19:01:58.106 > startup_countdown: not started
19:01:58.106 > motor_control_message_pacing: started
19:01:58.596 > === ECU State ===
19:01:58.596 > car_fully_on: false
19:01:58.596 > start_switch_on: false
19:01:58.596 > brake_pressure: 1
19:01:58.596 > calculated_torque: 32
19:01:58.596 > throttle1_pos: (none)
19:01:58.596 > throttle2_pos: (none)
19:01:58.596 > startup_countdown: not started
19:01:58.596 > motor_control_message_pacing: started
19:01:59.109 > === ECU State ===
19:01:59.109 > car_fully_on: false
19:01:59.109 > start_switch_on: false
19:01:59.109 > brake_pressure: 1
19:01:59.109 > calculated_torque: 32
19:01:59.109 > throttle1_pos: (none)
19:01:59.109 > throttle2_pos: (none)
19:01:59.109 > startup_countdown: not started
19:01:59.109 > motor_control_message_pacing: started
19:01:59.608 > === ECU State ===
19:01:59.610 > car_fully_on: false
19:01:59.610 > start_switch_on: false
19:01:59.610 > brake_pressure: 1
19:01:59.610 > calculated_torque: 32
19:01:59.610 > throttle1_pos: (none)
19:01:59.610 > throttle2_pos: (none)
19:01:59.610 > startup_countdown: not started
19:01:59.610 > motor_control_message_pacing: started
19:02:00.107 > === ECU State ===
19:02:00.107 > car_fully_on: false
19:02:00.107 > start_switch_on: false
19:02:00.107 > brake_pressure: 1
19:02:00.107 > calculated_torque: 32
19:02:00.107 > throttle1_pos: (none)
19:02:00.107 > throttle2_pos: (none)
19:02:00.107 > startup_countdown: not started
19:02:00.107 > motor_control_message_pacing: started
19:02:00.609 > === ECU State ===
19:02:00.609 > car_fully_on: false
19:02:00.609 > start_switch_on: false
19:02:00.609 > brake_pressure: 1
19:02:00.609 > calculated_torque: 32
19:02:00.609 > throttle1_pos: (none)
19:02:00.609 > throttle2_pos: (none)
19:02:00.609 > startup_countdown: not started
19:02:00.609 > motor_control_message_pacing: started
19:02:01.096 > === ECU State ===
19:02:01.110 > car_fully_on: false
19:02:01.110 > start_switch_on: false
19:02:01.110 > brake_pressure: 0
19:02:01.110 > calculated_torque: 33
19:02:01.110 > throttle1_pos: (none)
19:02:01.110 > throttle2_pos: (none)
19:02:01.110 > startup_countdown: not started
19:02:01.110 > motor_control_message_pacing: started
19:02:01.603 > === ECU State ===
19:02:01.603 > car_fully_on: false
19:02:01.603 > start_switch_on: false
19:02:01.603 > brake_pressure: 2
19:02:01.603 > calculated_torque: 32
19:02:01.603 > throttle1_pos: (none)
19:02:01.603 > throttle2_pos: (none)
19:02:01.603 > startup_countdown: not started
19:02:01.603 > motor_control_message_pacing: started
19:02:02.107 > === ECU State ===
19:02:02.107 > car_fully_on: false
19:02:02.107 > start_switch_on: false
19:02:02.107 > brake_pressure: 2
19:02:02.107 > calculated_torque: 33
19:02:02.107 > throttle1_pos: (none)
19:02:02.107 > throttle2_pos: (none)
19:02:02.107 > startup_countdown: not started
19:02:02.107 > motor_control_message_pacing: started
19:02:02.609 > === ECU State ===
19:02:02.609 > car_fully_on: false
19:02:02.609 > start_switch_on: false
19:02:02.609 > brake_pressure: 1
19:02:02.609 > calculated_torque: 32
19:02:02.609 > throttle1_pos: (none)
19:02:02.609 > throttle2_pos: (none)
19:02:02.609 > startup_countdown: not started
19:02:02.609 > motor_control_message_pacing: started
19:02:03.104 > === ECU State ===
19:02:03.104 > car_fully_on: false
19:02:03.104 > start_switch_on: false
19:02:03.104 > brake_pressure: 1
19:02:03.104 > calculated_torque: 32
19:02:03.104 > throttle1_pos: (none)
19:02:03.104 > throttle2_pos: (none)
19:02:03.104 > startup_countdown: not started
19:02:03.104 > motor_control_message_pacing: started
19:02:03.599 > === ECU State ===
19:02:03.609 > car_fully_on: false
19:02:03.609 > start_switch_on: false
19:02:03.609 > brake_pressure: 1
19:02:03.609 > calculated_torque: 32
19:02:03.609 > throttle1_pos: (none)
19:02:03.609 > throttle2_pos: (none)
19:02:03.609 > startup_countdown: not started
19:02:03.609 > motor_control_message_pacing: started
19:02:04.101 > === ECU State ===
19:02:04.101 > car_fully_on: false
19:02:04.101 > start_switch_on: false
19:02:04.101 > brake_pressure: 1
19:02:04.101 > calculated_torque: 32
19:02:04.101 > throttle1_pos: (none)
19:02:04.101 > throttle2_pos: (none)
19:02:04.101 > startup_countdown: not started
19:02:04.101 > motor_control_message_pacing: started
19:02:04.596 > === ECU State ===
19:02:04.611 > car_fully_on: false
19:02:04.611 > start_switch_on: false
19:02:04.611 > brake_pressure: 1
19:02:04.611 > calculated_torque: 32
19:02:04.611 > throttle1_pos: (none)
19:02:04.611 > throttle2_pos: (none)
19:02:04.611 > startup_countdown: not started
19:02:04.611 > motor_control_message_pacing: started
19:02:05.099 > === ECU State ===
19:02:05.109 > car_fully_on: false
19:02:05.109 > start_switch_on: false
19:02:05.109 > brake_pressure: 2
19:02:05.109 > calculated_torque: 32
19:02:05.109 > throttle1_pos: (none)
19:02:05.109 > throttle2_pos: (none)
19:02:05.109 > startup_countdown: not started
19:02:05.109 > motor_control_message_pacing: started
19:02:05.606 > === ECU State ===
19:02:05.606 > car_fully_on: false
19:02:05.606 > start_switch_on: false
19:02:05.606 > brake_pressure: 1
19:02:05.606 > calculated_torque: 32
19:02:05.606 > throttle1_pos: (none)
19:02:05.606 > throttle2_pos: (none)
19:02:05.606 > startup_countdown: not started
19:02:05.606 > motor_control_message_pacing: started
19:02:06.096 > === ECU State ===
19:02:06.110 > car_fully_on: false
19:02:06.110 > start_switch_on: false
19:02:06.110 > brake_pressure: 2
19:02:06.110 > calculated_torque: 32
19:02:06.110 > throttle1_pos: (none)
19:02:06.110 > throttle2_pos: (none)
19:02:06.110 > startup_countdown: not started
19:02:06.110 > motor_control_message_pacing: started
19:02:06.602 > === ECU State ===
19:02:06.602 > car_fully_on: false
19:02:06.602 > start_switch_on: false
19:02:06.602 > brake_pressure: 1
19:02:06.602 > calculated_torque: 32
19:02:06.602 > throttle1_pos: (none)
19:02:06.602 > throttle2_pos: (none)
19:02:06.602 > startup_countdown: not started
19:02:06.602 > motor_control_message_pacing: started
19:02:07.109 > === ECU State ===
19:02:07.109 > car_fully_on: false
19:02:07.109 > start_switch_on: false
19:02:07.109 > brake_pressure: 1
19:02:07.109 > calculated_torque: 32
19:02:07.109 > throttle1_pos: (none)
19:02:07.109 > throttle2_pos: (none)
19:02:07.109 > startup_countdown: not started
19:02:07.109 > motor_control_message_pacing: started
19:02:07.596 > === ECU State ===
19:02:07.610 > car_fully_on: false
19:02:07.610 > start_switch_on: false
19:02:07.610 > brake_pressure: 2
19:02:07.610 > calculated_torque: 32
19:02:07.610 > throttle1_pos: (none)
19:02:07.610 > throttle2_pos: (none)
19:02:07.610 > startup_countdown: not started
19:02:07.610 > motor_control_message_pacing: started
19:02:08.101 > === ECU State ===
19:02:08.101 > car_fully_on: false
19:02:08.101 > start_switch_on: false
19:02:08.101 > brake_pressure: 1
19:02:08.101 > calculated_torque: 33
19:02:08.101 > throttle1_pos: (none)
19:02:08.101 > throttle2_pos: (none)
19:02:08.101 > startup_countdown: not started
19:02:08.101 > motor_control_message_pacing: started
19:02:08.604 > === ECU State ===
19:02:08.611 > car_fully_on: false
19:02:08.611 > start_switch_on: false
19:02:08.611 > brake_pressure: 1
19:02:08.611 > calculated_torque: 32
19:02:08.611 > throttle1_pos: (none)
19:02:08.611 > throttle2_pos: (none)
19:02:08.611 > startup_countdown: not started
19:02:08.611 > motor_control_message_pacing: started
19:02:09.108 > === ECU State ===
19:02:09.108 > car_fully_on: false
19:02:09.108 > start_switch_on: false
19:02:09.108 > brake_pressure: 1
19:02:09.108 > calculated_torque: 32
19:02:09.108 > throttle1_pos: (none)
19:02:09.108 > throttle2_pos: (none)
19:02:09.108 > startup_countdown: not started
19:02:09.108 > motor_control_message_pacing: started
19:02:09.609 > === ECU State ===
19:02:09.609 > car_fully_on: false
19:02:09.609 > start_switch_on: false
19:02:09.609 > brake_pressure: 2
19:02:09.609 > calculated_torque: 32
19:02:09.609 > throttle1_pos: (none)
19:02:09.609 > throttle2_pos: (none)
19:02:09.609 > startup_countdown: not started
19:02:09.609 > motor_control_message_pacing: started
19:02:10.109 > === ECU State ===
19:02:10.109 > car_fully_on: false
19:02:10.109 > start_switch_on: false
19:02:10.109 > brake_pressure: 1
19:02:10.109 > calculated_torque: 32
19:02:10.109 > throttle1_pos: (none)
19:02:10.109 > throttle2_pos: (none)
19:02:10.109 > startup_countdown: not started
19:02:10.109 > motor_control_message_pacing: started
19:02:10.609 > === ECU State ===
19:02:10.609 > car_fully_on: false
19:02:10.609 > start_switch_on: false
19:02:10.609 > brake_pressure: 1
19:02:10.609 > calculated_torque: 32
19:02:10.609 > throttle1_pos: (none)
19:02:10.609 > throttle2_pos: (none)
19:02:10.609 > startup_countdown: not started
19:02:10.609 > motor_control_message_pacing: started
19:02:11.109 > === ECU State ===
19:02:11.109 > car_fully_on: false
19:02:11.109 > start_switch_on: false
19:02:11.109 > brake_pressure: 1
19:02:11.109 > calculated_torque: 32
19:02:11.109 > throttle1_pos: (none)
19:02:11.109 > throttle2_pos: (none)
19:02:11.109 > startup_countdown: not started
19:02:11.109 > motor_control_message_pacing: started
19:02:11.603 > === ECU State ===
19:02:11.609 > car_fully_on: false
19:02:11.609 > start_switch_on: false
19:02:11.609 > brake_pressure: 1
19:02:11.609 > calculated_torque: 32
19:02:11.609 > throttle1_pos: (none)
19:02:11.609 > throttle2_pos: (none)
19:02:11.609 > startup_countdown: not started
19:02:11.609 > motor_control_message_pacing: started
19:02:12.109 > === ECU State ===
19:02:12.109 > car_fully_on: false
19:02:12.109 > start_switch_on: false
19:02:12.109 > brake_pressure: 1
19:02:12.109 > calculated_torque: 32
19:02:12.109 > throttle1_pos: (none)
19:02:12.109 > throttle2_pos: (none)
19:02:12.109 > startup_countdown: not started
19:02:12.109 > motor_control_message_pacing: started
19:02:12.600 > === ECU State ===
19:02:12.611 > car_fully_on: false
19:02:12.611 > start_switch_on: false
19:02:12.611 > brake_pressure: 1
19:02:12.611 > calculated_torque: 32
19:02:12.611 > throttle1_pos: (none)
19:02:12.611 > throttle2_pos: (none)
19:02:12.611 > startup_countdown: not started
19:02:12.611 > motor_control_message_pacing: started
19:02:13.107 > === ECU State ===
19:02:13.107 > car_fully_on: false
19:02:13.107 > start_switch_on: false
19:02:13.107 > brake_pressure: 1
19:02:13.107 > calculated_torque: 32
19:02:13.107 > throttle1_pos: (none)
19:02:13.107 > throttle2_pos: (none)
19:02:13.107 > startup_countdown: not started
19:02:13.107 > motor_control_message_pacing: started
19:02:13.605 > === ECU State ===
19:02:13.609 > car_fully_on: false
19:02:13.609 > start_switch_on: false
19:02:13.609 > brake_pressure: 1
19:02:13.609 > calculated_torque: 32
19:02:13.609 > throttle1_pos: (none)
19:02:13.609 > throttle2_pos: (none)
19:02:13.609 > startup_countdown: not started
19:02:13.609 > motor_control_message_pacing: started
19:02:14.102 > === ECU State ===
19:02:14.102 > car_fully_on: false
19:02:14.102 > start_switch_on: false
19:02:14.102 > brake_pressure: 1
19:02:14.102 > calculated_torque: 32
19:02:14.102 > throttle1_pos: (none)
19:02:14.102 > throttle2_pos: (none)
19:02:14.102 > startup_countdown: not started
19:02:14.102 > motor_control_message_pacing: started
19:02:14.606 > === ECU State ===
19:02:14.609 > car_fully_on: false
19:02:14.609 > start_switch_on: false
19:02:14.609 > brake_pressure: 1
19:02:14.609 > calculated_torque: 32
19:02:14.609 > throttle1_pos: (none)
19:02:14.609 > throttle2_pos: (none)
19:02:14.609 > startup_countdown: not started
19:02:14.609 > motor_control_message_pacing: started
19:02:15.108 > === ECU State ===
19:02:15.109 > car_fully_on: false
19:02:15.109 > start_switch_on: false
19:02:15.109 > brake_pressure: 0
19:02:15.109 > calculated_torque: 32
19:02:15.109 > throttle1_pos: (none)
19:02:15.109 > throttle2_pos: (none)
19:02:15.109 > startup_countdown: not started
19:02:15.109 > motor_control_message_pacing: started
19:02:15.606 > === ECU State ===
19:02:15.606 > car_fully_on: false
19:02:15.606 > start_switch_on: false
19:02:15.606 > brake_pressure: 1
19:02:15.606 > calculated_torque: 32
19:02:15.606 > throttle1_pos: (none)
19:02:15.606 > throttle2_pos: (none)
19:02:15.606 > startup_countdown: not started
19:02:15.606 > motor_control_message_pacing: started
19:02:16.096 > === ECU State ===
19:02:16.096 > car_fully_on: false
19:02:16.096 > start_switch_on: false
19:02:16.096 > brake_pressure: 1
19:02:16.096 > calculated_torque: 32
19:02:16.096 > throttle1_pos: (none)
19:02:16.096 > throttle2_pos: (none)
19:02:16.096 > startup_countdown: not started
19:02:16.096 > motor_control_message_pacing: started
19:02:16.603 > === ECU State ===
19:02:16.603 > car_fully_on: false
19:02:16.603 > start_switch_on: false
19:02:16.603 > brake_pressure: 2
19:02:16.603 > calculated_torque: 32
19:02:16.603 > throttle1_pos: (none)
19:02:16.603 > throttle2_pos: (none)
19:02:16.603 > startup_countdown: not started
19:02:16.603 > motor_control_message_pacing: started
19:02:17.107 > === ECU State ===
19:02:17.107 > car_fully_on: false
19:02:17.107 > start_switch_on: false
19:02:17.107 > brake_pressure: 1
19:02:17.107 > calculated_torque: 32
19:02:17.107 > throttle1_pos: (none)
19:02:17.107 > throttle2_pos: (none)
19:02:17.107 > startup_countdown: not started
19:02:17.107 > motor_control_message_pacing: started
19:02:17.604 > === ECU State ===
19:02:17.609 > car_fully_on: false
19:02:17.609 > start_switch_on: false
19:02:17.609 > brake_pressure: 1
19:02:17.609 > calculated_torque: 32
19:02:17.609 > throttle1_pos: (none)
19:02:17.609 > throttle2_pos: (none)
19:02:17.609 > startup_countdown: not started
19:02:17.609 > motor_control_message_pacing: started
19:02:18.103 > === ECU State ===
19:02:18.103 > car_fully_on: false
19:02:18.103 > start_switch_on: false
19:02:18.103 > brake_pressure: 1
19:02:18.103 > calculated_torque: 33
19:02:18.103 > throttle1_pos: (none)
19:02:18.103 > throttle2_pos: (none)
19:02:18.103 > startup_countdown: not started
19:02:18.103 > motor_control_message_pacing: started
19:02:18.608 > === ECU State ===
19:02:18.608 > car_fully_on: false
19:02:18.608 > start_switch_on: false
19:02:18.608 > brake_pressure: 1
19:02:18.608 > calculated_torque: 32
19:02:18.608 > throttle1_pos: (none)
19:02:18.608 > throttle2_pos: (none)
19:02:18.608 > startup_countdown: not started
19:02:18.608 > motor_control_message_pacing: started
19:02:19.109 > === ECU State ===
19:02:19.110 > car_fully_on: false
19:02:19.110 > start_switch_on: false
19:02:19.110 > brake_pressure: 1
19:02:19.110 > calculated_torque: 32
19:02:19.110 > throttle1_pos: (none)
19:02:19.110 > throttle2_pos: (none)
19:02:19.110 > startup_countdown: not started
19:02:19.110 > motor_control_message_pacing: started
19:02:19.606 > === ECU State ===
19:02:19.609 > car_fully_on: false
19:02:19.609 > start_switch_on: false
19:02:19.609 > brake_pressure: 1
19:02:19.609 > calculated_torque: 32
19:02:19.609 > throttle1_pos: (none)
19:02:19.609 > throttle2_pos: (none)
19:02:19.609 > startup_countdown: not started
19:02:19.609 > motor_control_message_pacing: started
19:02:20.105 > === ECU State ===
19:02:20.105 > car_fully_on: false
19:02:20.105 > start_switch_on: false
19:02:20.105 > brake_pressure: 1
19:02:20.105 > calculated_torque: 32
19:02:20.105 > throttle1_pos: (none)
19:02:20.105 > throttle2_pos: (none)
19:02:20.105 > startup_countdown: not started
19:02:20.105 > motor_control_message_pacing: started
19:02:20.601 > === ECU State ===
19:02:20.601 > car_fully_on: false
19:02:20.601 > start_switch_on: false
19:02:20.601 > brake_pressure: 1
19:02:20.601 > calculated_torque: 32
19:02:20.601 > throttle1_pos: (none)
19:02:20.601 > throttle2_pos: (none)
19:02:20.601 > startup_countdown: not started
19:02:20.601 > motor_control_message_pacing: started
19:02:21.100 > === ECU State ===
19:02:21.109 > car_fully_on: false
19:02:21.109 > start_switch_on: false
19:02:21.109 > brake_pressure: 1
19:02:21.109 > calculated_torque: 33
19:02:21.109 > throttle1_pos: (none)
19:02:21.109 > throttle2_pos: (none)
19:02:21.109 > startup_countdown: not started
19:02:21.109 > motor_control_message_pacing: started
19:02:21.609 > === ECU State ===
19:02:21.610 > car_fully_on: false
19:02:21.610 > start_switch_on: false
19:02:21.610 > brake_pressure: 2
19:02:21.610 > calculated_torque: 32
19:02:21.610 > throttle1_pos: (none)
19:02:21.610 > throttle2_pos: (none)
19:02:21.610 > startup_countdown: not started
19:02:21.610 > motor_control_message_pacing: started
19:02:22.107 > === ECU State ===
19:02:22.107 > car_fully_on: false
19:02:22.107 > start_switch_on: false
19:02:22.107 > brake_pressure: 1
19:02:22.107 > calculated_torque: 33
19:02:22.107 > throttle1_pos: (none)
19:02:22.107 > throttle2_pos: (none)
19:02:22.107 > startup_countdown: not started
19:02:22.107 > motor_control_message_pacing: started
19:02:22.609 > === ECU State ===
19:02:22.609 > car_fully_on: false
19:02:22.609 > start_switch_on: false
19:02:22.609 > brake_pressure: 1
19:02:22.609 > calculated_torque: 32
19:02:22.609 > throttle1_pos: (none)
19:02:22.609 > throttle2_pos: (none)
19:02:22.609 > startup_countdown: not started
19:02:22.609 > motor_control_message_pacing: started
19:02:23.107 > === ECU State ===
19:02:23.107 > car_fully_on: false
19:02:23.107 > start_switch_on: false
19:02:23.107 > brake_pressure: 1
19:02:23.107 > calculated_torque: 32
19:02:23.107 > throttle1_pos: (none)
19:02:23.107 > throttle2_pos: (none)
19:02:23.107 > startup_countdown: not started
19:02:23.107 > motor_control_message_pacing: started
19:02:23.597 > === ECU State ===
19:02:23.610 > car_fully_on: false
19:02:23.610 > start_switch_on: false
19:02:23.610 > brake_pressure: 1
19:02:23.610 > calculated_torque: 32
19:02:23.610 > throttle1_pos: (none)
19:02:23.610 > throttle2_pos: (none)
19:02:23.610 > startup_countdown: not started
19:02:23.610 > motor_control_message_pacing: started
19:02:24.108 > === ECU State ===
19:02:24.109 > car_fully_on: false
19:02:24.109 > start_switch_on: false
19:02:24.109 > brake_pressure: 1
19:02:24.109 > calculated_torque: 32
19:02:24.109 > throttle1_pos: (none)
19:02:24.109 > throttle2_pos: (none)
19:02:24.109 > startup_countdown: not started
19:02:24.109 > motor_control_message_pacing: started
19:02:24.606 > === ECU State ===
19:02:24.609 > car_fully_on: false
19:02:24.609 > start_switch_on: false
19:02:24.609 > brake_pressure: 1
19:02:24.609 > calculated_torque: 32
19:02:24.609 > throttle1_pos: (none)
19:02:24.609 > throttle2_pos: (none)
19:02:24.609 > startup_countdown: not started
19:02:24.609 > motor_control_message_pacing: started
19:02:25.102 > === ECU State ===
19:02:25.109 > car_fully_on: false
19:02:25.109 > start_switch_on: false
19:02:25.109 > brake_pressure: 1
19:02:25.109 > calculated_torque: 33
19:02:25.109 > throttle1_pos: (none)
19:02:25.109 > throttle2_pos: (none)
19:02:25.109 > startup_countdown: not started
19:02:25.109 > motor_control_message_pacing: started
19:02:25.609 > === ECU State ===
19:02:25.609 > car_fully_on: false
19:02:25.609 > start_switch_on: false
19:02:25.609 > brake_pressure: 1
19:02:25.609 > calculated_torque: 32
19:02:25.609 > throttle1_pos: (none)
19:02:25.609 > throttle2_pos: (none)
19:02:25.609 > startup_countdown: not started
19:02:25.609 > motor_control_message_pacing: started
19:02:26.102 > === ECU State ===
19:02:26.102 > car_fully_on: false
19:02:26.102 > start_switch_on: false
19:02:26.102 > brake_pressure: 1
19:02:26.102 > calculated_torque: 32
19:02:26.102 > throttle1_pos: (none)
19:02:26.102 > throttle2_pos: (none)
19:02:26.102 > startup_countdown: not started
19:02:26.102 > motor_control_message_pacing: started
19:02:26.600 > === ECU State ===
19:02:26.600 > car_fully_on: false
19:02:26.600 > start_switch_on: false
19:02:26.600 > brake_pressure: 2
19:02:26.600 > calculated_torque: 32
19:02:26.600 > throttle1_pos: (none)
19:02:26.600 > throttle2_pos: (none)
19:02:26.600 > startup_countdown: not started
19:02:26.600 > motor_control_message_pacing: started
19:02:27.102 > === ECU State ===
19:02:27.109 > car_fully_on: false
19:02:27.109 > start_switch_on: false
19:02:27.109 > brake_pressure: 1
19:02:27.109 > calculated_torque: 32
19:02:27.109 > throttle1_pos: (none)
19:02:27.109 > throttle2_pos: (none)
19:02:27.109 > startup_countdown: not started
19:02:27.109 > motor_control_message_pacing: started
19:02:27.605 > === ECU State ===
19:02:27.605 > car_fully_on: false
19:02:27.605 > start_switch_on: false
19:02:27.605 > brake_pressure: 1
19:02:27.605 > calculated_torque: 32
19:02:27.605 > throttle1_pos: (none)
19:02:27.605 > throttle2_pos: (none)
19:02:27.605 > startup_countdown: not started
19:02:27.605 > motor_control_message_pacing: started
19:02:28.109 > === ECU State ===
19:02:28.109 > car_fully_on: false
19:02:28.109 > start_switch_on: false
19:02:28.109 > brake_pressure: 1
19:02:28.109 > calculated_torque: 32
19:02:28.109 > throttle1_pos: (none)
19:02:28.109 > throttle2_pos: (none)
19:02:28.109 > startup_countdown: not started
19:02:28.109 > motor_control_message_pacing: started
19:02:28.609 > === ECU State ===
19:02:28.609 > car_fully_on: false
19:02:28.609 > start_switch_on: false
19:02:28.609 > brake_pressure: 1
19:02:28.609 > calculated_torque: 32
19:02:28.609 > throttle1_pos: (none)
19:02:28.609 > throttle2_pos: (none)
19:02:28.609 > startup_countdown: not started
19:02:28.609 > motor_control_message_pacing: started
19:02:29.107 > === ECU State ===
19:02:29.109 > car_fully_on: false
19:02:29.109 > start_switch_on: false
19:02:29.109 > brake_pressure: 1
19:02:29.109 > calculated_torque: 32
19:02:29.109 > throttle1_pos: (none)
19:02:29.109 > throttle2_pos: (none)
19:02:29.109 > startup_countdown: not started
19:02:29.109 > motor_control_message_pacing: started
19:02:29.608 > === ECU State ===
19:02:29.608 > car_fully_on: false
19:02:29.608 > start_switch_on: false
19:02:29.608 > brake_pressure: 2
19:02:29.608 > calculated_torque: 32
19:02:29.608 > throttle1_pos: (none)
19:02:29.608 > throttle2_pos: (none)
19:02:29.608 > startup_countdown: not started
19:02:29.608 > motor_control_message_pacing: started
19:02:30.103 > === ECU State ===
19:02:30.109 > car_fully_on: false
19:02:30.109 > start_switch_on: false
19:02:30.109 > brake_pressure: 1
19:02:30.109 > calculated_torque: 32
19:02:30.109 > throttle1_pos: (none)
19:02:30.109 > throttle2_pos: (none)
19:02:30.109 > startup_countdown: not started
19:02:30.109 > motor_control_message_pacing: started
19:02:30.608 > === ECU State ===
19:02:30.608 > car_fully_on: false
19:02:30.608 > start_switch_on: true
19:02:30.608 > brake_pressure: 1
19:02:30.608 > calculated_torque: 32
19:02:30.608 > throttle1_pos: (none)
19:02:30.608 > throttle2_pos: (none)
19:02:30.608 > startup_countdown: started
19:02:30.608 > motor_control_message_pacing: started
19:02:31.108 > === ECU State ===
19:02:31.109 > car_fully_on: false
19:02:31.109 > start_switch_on: true
19:02:31.109 > brake_pressure: 1
19:02:31.109 > calculated_torque: 33
19:02:31.109 > throttle1_pos: (none)
19:02:31.109 > throttle2_pos: (none)
19:02:31.109 > startup_countdown: started
19:02:31.109 > motor_control_message_pacing: started
19:02:31.609 > === ECU State ===
19:02:31.610 > car_fully_on: false
19:02:31.610 > start_switch_on: true
19:02:31.610 > brake_pressure: 1
19:02:31.610 > calculated_torque: 32
19:02:31.610 > throttle1_pos: (none)
19:02:31.610 > throttle2_pos: (none)
19:02:31.610 > startup_countdown: started
19:02:31.610 > motor_control_message_pacing: started
19:02:32.108 > === ECU State ===
19:02:32.108 > car_fully_on: false
19:02:32.108 > start_switch_on: true
19:02:32.108 > brake_pressure: 3
19:02:32.108 > calculated_torque: 32
19:02:32.108 > throttle1_pos: (none)
19:02:32.108 > throttle2_pos: (none)
19:02:32.108 > startup_countdown: started
19:02:32.108 > motor_control_message_pacing: started
19:02:32.607 > === ECU State ===
19:02:32.607 > car_fully_on: true
19:02:32.607 > start_switch_on: true
19:02:32.607 > brake_pressure: 0
19:02:32.607 > calculated_torque: 33
19:02:32.607 > throttle1_pos: (none)
19:02:32.607 > throttle2_pos: (none)
19:02:32.607 > startup_countdown: not started
19:02:32.607 > motor_control_message_pacing: started
19:02:33.096 > === ECU State ===
19:02:33.096 > car_fully_on: true
19:02:33.096 > start_switch_on: true
19:02:33.096 > brake_pressure: 0
19:02:33.096 > calculated_torque: 32
19:02:33.096 > throttle1_pos: (none)
19:02:33.096 > throttle2_pos: (none)
19:02:33.096 > startup_countdown: not started
19:02:33.096 > motor_control_message_pacing: started
19:02:33.596 > === ECU State ===
19:02:33.596 > car_fully_on: true
19:02:33.596 > start_switch_on: true
19:02:33.596 > brake_pressure: 1
19:02:33.596 > calculated_torque: 32
19:02:33.596 > throttle1_pos: (none)
19:02:33.596 > throttle2_pos: (none)
19:02:33.596 > startup_countdown: not started
19:02:33.596 > motor_control_message_pacing: started
19:02:34.109 > === ECU State ===
19:02:34.109 > car_fully_on: true
19:02:34.109 > start_switch_on: true
19:02:34.109 > brake_pressure: 2
19:02:34.109 > calculated_torque: 32
19:02:34.109 > throttle1_pos: (none)
19:02:34.109 > throttle2_pos: (none)
19:02:34.109 > startup_countdown: not started
19:02:34.109 > motor_control_message_pacing: started
19:02:34.609 > === ECU State ===
19:02:34.609 > car_fully_on: true
19:02:34.609 > start_switch_on: true
19:02:34.609 > brake_pressure: 1
19:02:34.609 > calculated_torque: 32
19:02:34.609 > throttle1_pos: (none)
19:02:34.609 > throttle2_pos: (none)
19:02:34.609 > startup_countdown: not started
19:02:34.609 > motor_control_message_pacing: started
19:02:35.109 > === ECU State ===
19:02:35.109 > car_fully_on: true
19:02:35.109 > start_switch_on: true
19:02:35.109 > brake_pressure: 1
19:02:35.109 > calculated_torque: 32
19:02:35.109 > throttle1_pos: (none)
19:02:35.109 > throttle2_pos: (none)
19:02:35.109 > startup_countdown: not started
19:02:35.109 > motor_control_message_pacing: started
19:02:35.607 > === ECU State ===
19:02:35.607 > car_fully_on: true
19:02:35.607 > start_switch_on: true
19:02:35.607 > brake_pressure: 1
19:02:35.607 > calculated_torque: 32
19:02:35.607 > throttle1_pos: (none)
19:02:35.607 > throttle2_pos: (none)
19:02:35.607 > startup_countdown: not started
19:02:35.607 > motor_control_message_pacing: started
19:02:36.108 > === ECU State ===
19:02:36.108 > car_fully_on: false
19:02:36.108 > start_switch_on: false
19:02:36.108 > brake_pressure: 1
19:02:36.108 > calculated_torque: 33
19:02:36.108 > throttle1_pos: (none)
19:02:36.108 > throttle2_pos: (none)
19:02:36.108 > startup_countdown: not started
19:02:36.108 > motor_control_message_pacing: started
19:02:36.602 > === ECU State ===
19:02:36.609 > car_fully_on: false
19:02:36.609 > start_switch_on: false
19:02:36.609 > brake_pressure: 1
19:02:36.609 > calculated_torque: 32
19:02:36.609 > throttle1_pos: (none)
19:02:36.609 > throttle2_pos: (none)
19:02:36.609 > startup_countdown: not started
19:02:36.609 > motor_control_message_pacing: started
19:02:37.103 > === ECU State ===
19:02:37.103 > car_fully_on: false
19:02:37.103 > start_switch_on: false
19:02:37.103 > brake_pressure: 1
19:02:37.103 > calculated_torque: 32
19:02:37.103 > throttle1_pos: (none)
19:02:37.103 > throttle2_pos: (none)
19:02:37.103 > startup_countdown: not started
19:02:37.103 > motor_control_message_pacing: started
19:02:37.609 > === ECU State ===
19:02:37.609 > car_fully_on: false
19:02:37.609 > start_switch_on: false
19:02:37.609 > brake_pressure: 1
19:02:37.609 > calculated_torque: 32
19:02:37.609 > throttle1_pos: (none)
19:02:37.609 > throttle2_pos: (none)
19:02:37.609 > startup_countdown: not started
19:02:37.609 > motor_control_message_pacing: started
19:02:38.097 > === ECU State ===
19:02:38.097 > car_fully_on: false
19:02:38.097 > start_switch_on: false
19:02:38.097 > brake_pressure: 1
19:02:38.097 > calculated_torque: 32
19:02:38.097 > throttle1_pos: (none)
19:02:38.097 > throttle2_pos: (none)
19:02:38.097 > startup_countdown: not started
19:02:38.097 > motor_control_message_pacing: started
19:02:38.608 > === ECU State ===
19:02:38.608 > car_fully_on: false
19:02:38.608 > start_switch_on: false
19:02:38.608 > brake_pressure: 1
19:02:38.608 > calculated_torque: 33
19:02:38.608 > throttle1_pos: (none)
19:02:38.608 > throttle2_pos: (none)
19:02:38.608 > startup_countdown: not started
19:02:38.608 > motor_control_message_pacing: started
19:02:39.101 > === ECU State ===
19:02:39.101 > car_fully_on: false
19:02:39.101 > start_switch_on: false
19:02:39.101 > brake_pressure: 1
19:02:39.101 > calculated_torque: 32
19:02:39.101 > throttle1_pos: (none)
19:02:39.101 > throttle2_pos: (none)
19:02:39.101 > startup_countdown: not started
19:02:39.101 > motor_control_message_pacing: started
19:02:39.604 > === ECU State ===
19:02:39.604 > car_fully_on: false
19:02:39.604 > start_switch_on: false
19:02:39.604 > brake_pressure: 1
19:02:39.604 > calculated_torque: 32
19:02:39.604 > throttle1_pos: (none)
19:02:39.604 > throttle2_pos: (none)
19:02:39.604 > startup_countdown: not started
19:02:39.604 > motor_control_message_pacing: started
19:02:40.097 > === ECU State ===
19:02:40.097 > car_fully_on: false
19:02:40.097 > start_switch_on: false
19:02:40.097 > brake_pressure: 1
19:02:40.097 > calculated_torque: 32
19:02:40.097 > throttle1_pos: (none)
19:02:40.097 > throttle2_pos: (none)
19:02:40.097 > startup_countdown: not started
19:02:40.097 > motor_control_message_pacing: started
19:02:40.604 > === ECU State ===
19:02:40.609 > car_fully_on: false
19:02:40.609 > start_switch_on: false
19:02:40.609 > brake_pressure: 2
19:02:40.609 > calculated_torque: 32
19:02:40.609 > throttle1_pos: (none)
19:02:40.609 > throttle2_pos: (none)
19:02:40.609 > startup_countdown: not started
19:02:40.609 > motor_control_message_pacing: started
19:02:41.102 > === ECU State ===
19:02:41.102 > car_fully_on: false
19:02:41.102 > start_switch_on: false
19:02:41.102 > brake_pressure: 0
19:02:41.102 > calculated_torque: 32
19:02:41.102 > throttle1_pos: (none)
19:02:41.102 > throttle2_pos: (none)
19:02:41.102 > startup_countdown: not started
19:02:41.102 > motor_control_message_pacing: started
19:02:41.605 > === ECU State ===
19:02:41.609 > car_fully_on: false
19:02:41.609 > start_switch_on: false
19:02:41.609 > brake_pressure: 1
19:02:41.609 > calculated_torque: 32
19:02:41.609 > throttle1_pos: (none)
19:02:41.609 > throttle2_pos: (none)
19:02:41.609 > startup_countdown: not started
19:02:41.609 > motor_control_message_pacing: started
19:02:42.109 > === ECU State ===
19:02:42.109 > car_fully_on: false
19:02:42.109 > start_switch_on: false
19:02:42.109 > brake_pressure: 0
19:02:42.109 > calculated_torque: 33
19:02:42.109 > throttle1_pos: (none)
19:02:42.109 > throttle2_pos: (none)
19:02:42.109 > startup_countdown: not started
19:02:42.109 > motor_control_message_pacing: started
19:02:42.609 > === ECU State ===
19:02:42.610 > car_fully_on: false
19:02:42.610 > start_switch_on: false
19:02:42.610 > brake_pressure: 1
19:02:42.610 > calculated_torque: 32
19:02:42.610 > throttle1_pos: (none)
19:02:42.610 > throttle2_pos: (none)
19:02:42.610 > startup_countdown: not started
19:02:42.610 > motor_control_message_pacing: started
19:02:43.107 > === ECU State ===
19:02:43.109 > car_fully_on: false
19:02:43.109 > start_switch_on: false
19:02:43.109 > brake_pressure: 2
19:02:43.109 > calculated_torque: 32
19:02:43.109 > throttle1_pos: (none)
19:02:43.109 > throttle2_pos: (none)
19:02:43.109 > startup_countdown: not started
19:02:43.109 > motor_control_message_pacing: started
19:02:43.608 > === ECU State ===
19:02:43.609 > car_fully_on: false
19:02:43.609 > start_switch_on: false
19:02:43.609 > brake_pressure: 1
19:02:43.609 > calculated_torque: 32
19:02:43.609 > throttle1_pos: (none)
19:02:43.609 > throttle2_pos: (none)
19:02:43.609 > startup_countdown: not started
19:02:43.609 > motor_control_message_pacing: started
19:02:44.109 > === ECU State ===
19:02:44.109 > car_fully_on: false
19:02:44.109 > start_switch_on: false
19:02:44.109 > brake_pressure: 1
19:02:44.109 > calculated_torque: 33
19:02:44.109 > throttle1_pos: (none)
19:02:44.109 > throttle2_pos: (none)
19:02:44.109 > startup_countdown: not started
19:02:44.109 > motor_control_message_pacing: started
19:02:44.602 > === ECU State ===
19:02:44.602 > car_fully_on: false
19:02:44.602 > start_switch_on: false
19:02:44.602 > brake_pressure: 1
19:02:44.602 > calculated_torque: 32
19:02:44.602 > throttle1_pos: (none)
19:02:44.602 > throttle2_pos: (none)
19:02:44.602 > startup_countdown: not started
19:02:44.602 > motor_control_message_pacing: started
19:02:45.101 > === ECU State ===
19:02:45.101 > car_fully_on: false
19:02:45.101 > start_switch_on: false
19:02:45.101 > brake_pressure: 1
19:02:45.101 > calculated_torque: 32
19:02:45.101 > throttle1_pos: (none)
19:02:45.101 > throttle2_pos: (none)
19:02:45.101 > startup_countdown: not started
19:02:45.101 > motor_control_message_pacing: started
19:02:45.607 > === ECU State ===
19:02:45.607 > car_fully_on: false
19:02:45.607 > start_switch_on: false
19:02:45.607 > brake_pressure: 1
19:02:45.607 > calculated_torque: 32
19:02:45.607 > throttle1_pos: (none)
19:02:45.607 > throttle2_pos: (none)
19:02:45.607 > startup_countdown: not started
19:02:45.607 > motor_control_message_pacing: started
19:02:46.108 > === ECU State ===
19:02:46.108 > car_fully_on: false
19:02:46.108 > start_switch_on: false
19:02:46.108 > brake_pressure: 1
19:02:46.108 > calculated_torque: 32
19:02:46.108 > throttle1_pos: (none)
19:02:46.108 > throttle2_pos: (none)
19:02:46.108 > startup_countdown: not started
19:02:46.108 > motor_control_message_pacing: started
19:02:46.609 > === ECU State ===
19:02:46.609 > car_fully_on: false
19:02:46.609 > start_switch_on: false
19:02:46.609 > brake_pressure: 0
19:02:46.609 > calculated_torque: 32
19:02:46.609 > throttle1_pos: (none)
19:02:46.609 > throttle2_pos: (none)
19:02:46.609 > startup_countdown: not started
19:02:46.609 > motor_control_message_pacing: started
19:02:47.103 > === ECU State ===
19:02:47.109 > car_fully_on: false
19:02:47.109 > start_switch_on: false
19:02:47.109 > brake_pressure: 2
19:02:47.109 > calculated_torque: 32
19:02:47.109 > throttle1_pos: (none)
19:02:47.109 > throttle2_pos: (none)
19:02:47.109 > startup_countdown: not started
19:02:47.109 > motor_control_message_pacing: started
19:02:47.608 > === ECU State ===
19:02:47.609 > car_fully_on: false
19:02:47.609 > start_switch_on: false
19:02:47.609 > brake_pressure: 1
19:02:47.609 > calculated_torque: 32
19:02:47.609 > throttle1_pos: (none)
19:02:47.609 > throttle2_pos: (none)
19:02:47.609 > startup_countdown: not started
19:02:47.609 > motor_control_message_pacing: started
19:02:48.109 > === ECU State ===
19:02:48.110 > car_fully_on: false
19:02:48.110 > start_switch_on: false
19:02:48.110 > brake_pressure: 1
19:02:48.110 > calculated_torque: 32
19:02:48.110 > throttle1_pos: (none)
19:02:48.110 > throttle2_pos: (none)
19:02:48.110 > startup_countdown: not started
19:02:48.110 > motor_control_message_pacing: started
19:02:48.601 > === ECU State ===
19:02:48.601 > car_fully_on: false
19:02:48.601 > start_switch_on: false
19:02:48.601 > brake_pressure: 0
19:02:48.601 > calculated_torque: 32
19:02:48.601 > throttle1_pos: (none)
19:02:48.601 > throttle2_pos: (none)
19:02:48.601 > startup_countdown: not started
19:02:48.601 > motor_control_message_pacing: started
19:02:49.107 > === ECU State ===
19:02:49.109 > car_fully_on: false
19:02:49.109 > start_switch_on: false
19:02:49.109 > brake_pressure: 1
19:02:49.109 > calculated_torque: 32
19:02:49.109 > throttle1_pos: (none)
19:02:49.109 > throttle2_pos: (none)
19:02:49.109 > startup_countdown: not started
19:02:49.109 > motor_control_message_pacing: started
19:02:49.604 > === ECU State ===
19:02:49.604 > car_fully_on: false
19:02:49.604 > start_switch_on: false
19:02:49.604 > brake_pressure: 1
19:02:49.604 > calculated_torque: 33
19:02:49.604 > throttle1_pos: (none)
19:02:49.604 > throttle2_pos: (none)
19:02:49.604 > startup_countdown: not started
19:02:49.604 > motor_control_message_pacing: started
19:02:50.104 > === ECU State ===
19:02:50.110 > car_fully_on: false
19:02:50.110 > start_switch_on: false
19:02:50.110 > brake_pressure: 0
19:02:50.110 > calculated_torque: 32
19:02:50.110 > throttle1_pos: (none)
19:02:50.110 > throttle2_pos: (none)
19:02:50.110 > startup_countdown: not started
19:02:50.110 > motor_control_message_pacing: started
19:02:50.604 > === ECU State ===
19:02:50.604 > car_fully_on: false
19:02:50.604 > start_switch_on: false
19:02:50.604 > brake_pressure: 1
19:02:50.604 > calculated_torque: 32
19:02:50.604 > throttle1_pos: (none)
19:02:50.604 > throttle2_pos: (none)
19:02:50.604 > startup_countdown: not started
19:02:50.604 > motor_control_message_pacing: started
19:02:51.109 > === ECU State ===
19:02:51.109 > car_fully_on: false
19:02:51.109 > start_switch_on: false
19:02:51.109 > brake_pressure: 1
19:02:51.109 > calculated_torque: 32
19:02:51.109 > throttle1_pos: (none)
19:02:51.109 > throttle2_pos: (none)
19:02:51.109 > startup_countdown: not started
19:02:51.109 > motor_control_message_pacing: started
19:02:51.602 > === ECU State ===
19:02:51.610 > car_fully_on: false
19:02:51.610 > start_switch_on: false
19:02:51.610 > brake_pressure: 1
19:02:51.610 > calculated_torque: 32
19:02:51.610 > throttle1_pos: (none)
19:02:51.610 > throttle2_pos: (none)
19:02:51.610 > startup_countdown: not started
19:02:51.610 > motor_control_message_pacing: started
19:02:52.109 > === ECU State ===
19:02:52.109 > car_fully_on: false
19:02:52.109 > start_switch_on: false
19:02:52.109 > brake_pressure: 0
19:02:52.109 > calculated_torque: 33
19:02:52.109 > throttle1_pos: (none)
19:02:52.109 > throttle2_pos: (none)
19:02:52.109 > startup_countdown: not started
19:02:52.109 > motor_control_message_pacing: started
19:02:52.607 > === ECU State ===
19:02:52.607 > car_fully_on: false
19:02:52.607 > start_switch_on: false
19:02:52.607 > brake_pressure: 1
19:02:52.607 > calculated_torque: 33
19:02:52.607 > throttle1_pos: (none)
19:02:52.607 > throttle2_pos: (none)
19:02:52.607 > startup_countdown: not started
19:02:52.607 > motor_control_message_pacing: started
19:02:53.108 > === ECU State ===
19:02:53.108 > car_fully_on: false
19:02:53.108 > start_switch_on: false
19:02:53.108 > brake_pressure: 1
19:02:53.108 > calculated_torque: 32
19:02:53.108 > throttle1_pos: (none)
19:02:53.108 > throttle2_pos: (none)
19:02:53.108 > startup_countdown: not started
19:02:53.108 > motor_control_message_pacing: started
19:02:53.609 > === ECU State ===
19:02:53.609 > car_fully_on: false
19:02:53.609 > start_switch_on: false
19:02:53.609 > brake_pressure: 0
19:02:53.609 > calculated_torque: 32
19:02:53.609 > throttle1_pos: (none)
19:02:53.609 > throttle2_pos: (none)
19:02:53.609 > startup_countdown: not started
19:02:53.609 > motor_control_message_pacing: started
19:02:54.109 > === ECU State ===
19:02:54.109 > car_fully_on: false
19:02:54.109 > start_switch_on: false
19:02:54.109 > brake_pressure: 1
19:02:54.109 > calculated_torque: 32
19:02:54.109 > throttle1_pos: (none)
19:02:54.109 > throttle2_pos: (none)
19:02:54.109 > startup_countdown: not started
19:02:54.109 > motor_control_message_pacing: started
19:02:54.609 > === ECU State ===
19:02:54.610 > car_fully_on: false
19:02:54.610 > start_switch_on: false
19:02:54.610 > brake_pressure: 1
19:02:54.610 > calculated_torque: 32
19:02:54.610 > throttle1_pos: (none)
19:02:54.610 > throttle2_pos: (none)
19:02:54.610 > startup_countdown: not started
19:02:54.610 > motor_control_message_pacing: started
19:02:55.108 > === ECU State ===
19:02:55.110 > car_fully_on: false
19:02:55.110 > start_switch_on: false
19:02:55.110 > brake_pressure: 1
19:02:55.110 > calculated_torque: 33
19:02:55.110 > throttle1_pos: (none)
19:02:55.110 > throttle2_pos: (none)
19:02:55.110 > startup_countdown: not started
19:02:55.110 > motor_control_message_pacing: started
19:02:55.604 > === ECU State ===
19:02:55.609 > car_fully_on: false
19:02:55.609 > start_switch_on: false
19:02:55.609 > brake_pressure: 1
19:02:55.609 > calculated_torque: 32
19:02:55.609 > throttle1_pos: (none)
19:02:55.609 > throttle2_pos: (none)
19:02:55.609 > startup_countdown: not started
19:02:55.609 > motor_control_message_pacing: started
19:02:56.107 > === ECU State ===
19:02:56.107 > car_fully_on: false
19:02:56.107 > start_switch_on: false
19:02:56.107 > brake_pressure: 1
19:02:56.107 > calculated_torque: 33
19:02:56.107 > throttle1_pos: (none)
19:02:56.107 > throttle2_pos: (none)
19:02:56.107 > startup_countdown: not started
19:02:56.107 > motor_control_message_pacing: started
19:02:56.606 > === ECU State ===
19:02:56.606 > car_fully_on: false
19:02:56.606 > start_switch_on: true
19:02:56.606 > brake_pressure: 1
19:02:56.606 > calculated_torque: 32
19:02:56.606 > throttle1_pos: (none)
19:02:56.606 > throttle2_pos: (none)
19:02:56.606 > startup_countdown: started
19:02:56.606 > motor_control_message_pacing: started
19:02:57.097 > === ECU State ===
19:02:57.097 > car_fully_on: false
19:02:57.097 > start_switch_on: true
19:02:57.097 > brake_pressure: 1
19:02:57.097 > calculated_torque: 32
19:02:57.097 > throttle1_pos: (none)
19:02:57.097 > throttle2_pos: (none)
19:02:57.097 > startup_countdown: started
19:02:57.097 > motor_control_message_pacing: started
19:02:57.602 > === ECU State ===
19:02:57.602 > car_fully_on: false
19:02:57.602 > start_switch_on: true
19:02:57.602 > brake_pressure: 1
19:02:57.602 > calculated_torque: 32
19:02:57.602 > throttle1_pos: (none)
19:02:57.602 > throttle2_pos: (none)
19:02:57.602 > startup_countdown: started
19:02:57.602 > motor_control_message_pacing: started
19:02:58.109 > === ECU State ===
19:02:58.109 > car_fully_on: false
19:02:58.109 > start_switch_on: true
19:02:58.109 > brake_pressure: 1
19:02:58.109 > calculated_torque: 32
19:02:58.109 > throttle1_pos: (none)
19:02:58.109 > throttle2_pos: (none)
19:02:58.109 > startup_countdown: started
19:02:58.109 > motor_control_message_pacing: started
19:02:58.527 > Assertion failed! In file lib\common\ecu.cpp:36 with message 
19:02:59.529 > Assertion failed! In file lib\common\ecu.cpp:36 with message 
19:03:00.519 > Assertion failed! In file lib\common\ecu.cpp:36 with message 
19:03:01.525 > Assertion failed! In file lib\common\ecu.cpp:36 with message 
19:03:02.530 > Assertion failed! In file lib\common\ecu.cpp:36 with message 
19:03:03.531 > Assertion failed! In file lib\common\ecu.cpp:36 with message 
19:03:04.533 > Assertion failed! In file lib\common\ecu.cpp:36 with message 
19:03:05.532 > Assertion failed! In file lib\common\ecu.cpp:36 with message 
19:03:06.527 > Assertion failed! In file lib\common\ecu.cpp:36 with message 
19:03:07.526 > Assertion failed! In file lib\common\ecu.cpp:36 with message 
19:03:08.529 > Assertion failed! In file lib\common\ecu.cpp:36 with message 
19:03:09.532 > Assertion failed! In file lib\common\ecu.cpp:36 with message 
19:03:10.532 > Assertion failed! In file lib\common\ecu.cpp:36 with message 
19:03:11.533 > Assertion failed! In file lib\common\ecu.cpp:36 with message 
19:03:12.532 > Assertion failed! In file lib\common\ecu.cpp:36 with message 
19:03:13.533 > Assertion failed! In file lib\common\ecu.cpp:36 with message 
19:03:14.529 > Assertion failed! In file lib\common\ecu.cpp:36 with message 
19:03:15.518 > Assertion failed! In file lib\common\ecu.cpp:36 with message 
19:03:16.531 > Assertion failed! In file lib\common\ecu.cpp:36 with message 
19:03:17.531 > Assertion failed! In file lib\common\ecu.cpp:36 with message 
19:03:18.524 > Assertion failed! In file lib\common\ecu.cpp:36 with message 
19:03:19.526 > Assertion failed! In file lib\common\ecu.cpp:36 with message 
19:03:20.532 > Assertion failed! In file lib\common\ecu.cpp:36 with message 
19:03:21.517 > Assertion failed! In file lib\common\ecu.cpp:36 with message 
19:03:22.531 > Assertion failed! In file lib\common\ecu.cpp:36 with message 
19:03:23.525 > Assertion failed! In file lib\common\ecu.cpp:36 with message 
19:03:24.524 > Assertion failed! In file lib\common\ecu.cpp:36 with message 
19:03:25.531 > Assertion failed! In file lib\common\ecu.cpp:36 with message 
19:03:26.518 > Assertion failed! In file lib\common\ecu.cpp:36 with message 
19:03:27.524 > Assertion failed! In file lib\common\ecu.cpp:36 with message 
19:03:28.533 > Assertion failed! In file lib\common\ecu.cpp:36 with message 
